request_id,record_id,timestamp_utc,input_type,text,characters,words,valid_input,validation_message,estado,categoria_predicha,segunda_categoria,puntuacion_ganadora,puntuacion_segunda,margen_decision,nivel_margen,terminos_activos,accion_recomendada,requiere_revision,prediccion_utilizable,advertencias,ranking_categorias,explicacion,reference_batch_number,reference_local_index,reference_global_index,categoria_monitor,estado_monitor,es_oov,margen_bajo,pocos_terminos
f7e38356-eb4e-42a0-8aed-b6f0b74a9337,0,2026-08-06T03:16:41.238+00:00,str,7 best backend tools for vibe coders in 2026 7 best backend tools for vibe coders in 2026 vibe coding building applications through ai prompting rather than traditional programming has. ai ai,191,32,True,Inferencia completada.,aceptada,backend,cloud,0.830263572770738,-0.9307992456884068,1.7610628184591448,Media,26,Predicción automática con monitoreo,False,True,[],"[{'position': 1, 'category': 'backend', 'score': 0.830263572770738}, {'position': 2, 'category': 'cloud', 'score': -0.9307992456884068}, {'position': 3, 'category': 'frontend', 'score': -0.9765499818261426}, {'position': 4, 'category': 'datascience', 'score': -1.5586983698454024}]",,1,0,0,backend,aceptada,False,False,False
f7e38356-eb4e-42a0-8aed-b6f0b74a9337,1,2026-08-06T03:16:41.238+00:00,str,detecting and managing terraform drift detecting and managing terraform drift terraform assumes it s the only thing managing your infrastructure. the moment something changes.,175,24,True,Inferencia completada.,aceptada,cloud,frontend,1.3214958335086755,-1.3345928859073957,2.656088719416071,Alta,23,Predicción automática,False,True,[],"[{'position': 1, 'category': 'cloud', 'score': 1.3214958335086755}, {'position': 2, 'category': 'frontend', 'score': -1.3345928859073957}, {'position': 3, 'category': 'backend', 'score': -1.3877332206752888}, {'position': 4, 'category': 'datascience', 'score': -1.4604828491772124}]",,1,1,1,cloud,aceptada,False,False,False
f7e38356-eb4e-42a0-8aed-b6f0b74a9337,2,2026-08-06T03:16:41.238+00:00,str,instant ux: optimistic ui with next.js server actions instant ux: optimistic ui with next.js server actions liquid syntax error: variable raw was not properly terminated with regexp:,182,27,True,Inferencia completada.,aceptada,frontend,datascience,1.3871075033242648,-1.4194303034572844,2.806537806781549,Alta,31,Predicción automática,False,True,[],"[{'position': 1, 'category': 'frontend', 'score': 1.3871075033242648}, {'position': 2, 'category': 'datascience', 'score': -1.4194303034572844}, {'position': 3, 'category': 'cloud', 'score': -1.4950047785154355}, {'position': 4, 'category': 'backend', 'score': -2.0470793501183224}]",,1,2,2,frontend,aceptada,False,False,False
f7e38356-eb4e-42a0-8aed-b6f0b74a9337,3,2026-08-06T03:16:41.238+00:00,str,5 python tricks every backend dev should know 5 python tricks every backend dev should know as backend developers we re constantly seeking ways to optimize our workflow and improve the quality.,193,32,True,Inferencia completada.,aceptada,backend,cloud,1.2200734979744006,-1.1513168985128568,2.371390396487257,Alta,31,Predicción automática,False,True,[],"[{'position': 1, 'category': 'backend', 'score': 1.2200734979744006}, {'position': 2, 'category': 'cloud', 'score': -1.1513168985128568}, {'position': 3, 'category': 'datascience', 'score': -1.3143733657511776}, {'position': 4, 'category': 'frontend', 'score': -1.5426570778656865}]",,1,3,3,backend,aceptada,False,False,False
f7e38356-eb4e-42a0-8aed-b6f0b74a9337,4,2026-08-06T03:16:41.238+00:00,str,netdata s intrusive cloud account prompts: how to disable and regain focus on system monitoring netdata s intrusive cloud account prompts: how to disable and regain focus on system monitoring introduction netdata a once-revered open-source monitoring tool has increasingly. netdata netdata,289,41,True,Inferencia completada.,aceptada,cloud,datascience,1.313044762571797,-1.1854983618059238,2.4985431243777207,Alta,21,Predicción automática,False,True,[],"[{'position': 1, 'category': 'cloud', 'score': 1.313044762571797}, {'position': 2, 'category': 'datascience', 'score': -1.1854983618059238}, {'position': 3, 'category': 'backend', 'score': -1.3987733518259633}, {'position': 4, 'category': 'frontend', 'score': -1.6444302657628875}]",,1,4,4,cloud,aceptada,False,False,False
f7e38356-eb4e-42a0-8aed-b6f0b74a9337,5,2026-08-06T03:16:41.238+00:00,str,your pipeline is 21.0h behind: catching artificial intelligence sentiment leads with pulsebit your pipeline is 21.0h behind: catching artificial intelligence sentiment leads with pulsebit your pipeline is 21.0h behind: catching artificial intelligence sentiment leads with. 21.0h 21.0h,285,37,True,Inferencia completada.,aceptada,datascience,frontend,1.8961875168085816,-1.330790252110545,3.2269777689191264,Alta,24,Predicción automática,False,True,[],"[{'position': 1, 'category': 'datascience', 'score': 1.8961875168085816}, {'position': 2, 'category': 'frontend', 'score': -1.330790252110545}, {'position': 3, 'category': 'backend', 'score': -1.4025017936867672}, {'position': 4, 'category': 'cloud', 'score': -1.9249932830423608}]",,1,5,5,datascience,aceptada,False,False,False
f7e38356-eb4e-42a0-8aed-b6f0b74a9337,6,2026-08-06T03:16:41.238+00:00,str,your pipeline is 19.7h behind: catching environment sentiment leads with pulsebit your pipeline is 19.7h behind: catching environment sentiment leads with pulsebit your pipeline is 19.7h behind: catching environment sentiment leads with pulsebit we just. 19.7h 19.7h,266,37,True,Inferencia completada.,aceptada,datascience,frontend,1.3746008313842615,-1.326761504740952,2.7013623361252135,Alta,26,Predicción automática,False,True,[],"[{'position': 1, 'category': 'datascience', 'score': 1.3746008313842615}, {'position': 2, 'category': 'frontend', 'score': -1.326761504740952}, {'position': 3, 'category': 'backend', 'score': -1.532166705903951}, {'position': 4, 'category': 'cloud', 'score': -1.6425255994938583}]",,1,6,6,datascience,aceptada,False,False,False
f7e38356-eb4e-42a0-8aed-b6f0b74a9337,7,2026-08-06T03:16:41.238+00:00,str,how i explored a us health dataset with python eda + hypothesis testing how i explored a us health dataset with python eda + hypothesis testing i recently completed an exploratory data analysis project on the nhanes national health and. nhanes nhanes,250,42,True,Inferencia completada.,aceptada,datascience,cloud,1.451782403928286,-1.1126421551966632,2.5644245591249493,Alta,27,Predicción automática,False,True,[],"[{'position': 1, 'category': 'datascience', 'score': 1.451782403928286}, {'position': 2, 'category': 'cloud', 'score': -1.1126421551966632}, {'position': 3, 'category': 'frontend', 'score': -1.3748279023536498}, {'position': 4, 'category': 'backend', 'score': -1.900230010992626}]",,1,7,7,datascience,aceptada,False,False,False
f7e38356-eb4e-42a0-8aed-b6f0b74a9337,8,2026-08-06T03:16:41.238+00:00,str,modern frontend testing is mostly about state timing and geometry modern frontend testing is mostly about state timing and geometry frontend testing used to sound simple: open a page find an element click it and verify the.,223,37,True,Inferencia completada.,aceptada,frontend,cloud,1.8769504621922657,-1.2579290443925453,3.134879506584811,Alta,30,Predicción automática,False,True,[],"[{'position': 1, 'category': 'frontend', 'score': 1.8769504621922657}, {'position': 2, 'category': 'cloud', 'score': -1.2579290443925453}, {'position': 3, 'category': 'backend', 'score': -1.4843196912445666}, {'position': 4, 'category': 'datascience', 'score': -1.763786592759859}]",,1,8,8,frontend,aceptada,False,False,False
f7e38356-eb4e-42a0-8aed-b6f0b74a9337,9,2026-08-06T03:16:41.238+00:00,str,the architecture spiral: rpc sql and the myth of linear evolution the architecture spiral: rpc sql and the myth of linear evolution if you sit in on enough system design meetings you inevitably witness the exact same debate play out.,233,40,True,Inferencia completada.,aceptada,backend,datascience,1.4200582071617593,-0.4927082159817655,1.9127664231435249,Alta,29,Predicción automática,False,True,[],"[{'position': 1, 'category': 'backend', 'score': 1.4200582071617593}, {'position': 2, 'category': 'datascience', 'score': -0.4927082159817655}, {'position': 3, 'category': 'cloud', 'score': -1.699783371365959}, {'position': 4, 'category': 'frontend', 'score': -1.8136777205266323}]",,1,9,9,backend,aceptada,False,False,False
f7e38356-eb4e-42a0-8aed-b6f0b74a9337,10,2026-08-06T03:16:41.238+00:00,str,paraguay vs australia: match prediction model analysis 2026-06-26 paraguay vs australia: match prediction model analysis 2026-06-26 published: 2026-06-24 footballmoney.top paraguay vs australia 世界杯 2026-06-26 2026-06-26 paraguay australia 2026-06-24 2026-06-26 paraguay australia 2026-06-24,290,32,True,Inferencia completada.,aceptada,datascience,cloud,1.5037446014153981,-1.15924207395818,2.662986675373578,Alta,20,Predicción automática,False,True,[],"[{'position': 1, 'category': 'datascience', 'score': 1.5037446014153981}, {'position': 2, 'category': 'cloud', 'score': -1.15924207395818}, {'position': 3, 'category': 'backend', 'score': -1.3813893342953705}, {'position': 4, 'category': 'frontend', 'score': -1.485307572527927}]",,1,10,10,datascience,aceptada,False,False,False
f7e38356-eb4e-42a0-8aed-b6f0b74a9337,11,2026-08-06T03:16:41.238+00:00,str,caddy vs nginx in 2026: when automatic https is worth the switch caddy vs nginx in 2026: when automatic https is worth the switch a practical comparison of caddy and nginx for solo developers and small teams: certificate management performance trade-offs config ergonomics and when switching actually pays off. nginx nginx,322,51,True,Inferencia completada.,revision,cloud,backend,-0.07890576500622393,-0.5382118179124946,0.4593060529062707,Baja,42,Revisión humana recomendada,True,True,['El margen de decisión es reducido.'],"[{'position': 1, 'category': 'cloud', 'score': -0.07890576500622393}, {'position': 2, 'category': 'backend', 'score': -0.5382118179124946}, {'position': 3, 'category': 'datascience', 'score': -1.0083648936051017}, {'position': 4, 'category': 'frontend', 'score': -1.0276348691564683}]",,1,11,11,cloud,revision,False,True,False
f7e38356-eb4e-42a0-8aed-b6f0b74a9337,12,2026-08-06T03:16:41.238+00:00,str,multi-cloud architecture: benefits tradeoffs and practical patterns multi-cloud architecture: benefits tradeoffs and practical patterns multi-cloud architecture: benefits tradeoffs and practical patterns multi-cloud using.,222,23,True,Inferencia completada.,revision,frontend,cloud,0.16164769631520948,-0.3818412519976411,0.5434889483128506,Baja,9,Revisión humana recomendada,True,True,"['Cobertura reducida del vocabulario.', 'El margen de decisión es reducido.']","[{'position': 1, 'category': 'frontend', 'score': 0.16164769631520948}, {'position': 2, 'category': 'cloud', 'score': -0.3818412519976411}, {'position': 3, 'category': 'backend', 'score': -1.2042378900164232}, {'position': 4, 'category': 'datascience', 'score': -1.5304172719385478}]",,1,12,12,frontend,revision,False,True,True
f7e38356-eb4e-42a0-8aed-b6f0b74a9337,13,2026-08-06T03:16:41.238+00:00,str,the trust problem at the heart of every marketplace the trust problem at the heart of every marketplace every two-sided marketplace has the same core problem: how do you get two strangers to transact.,200,34,True,Inferencia completada.,aceptada,backend,datascience,0.24029785999128228,-0.756325780528163,0.9966236405194453,Media,28,Predicción automática con monitoreo,False,True,[],"[{'position': 1, 'category': 'backend', 'score': 0.24029785999128228}, {'position': 2, 'category': 'datascience', 'score': -0.756325780528163}, {'position': 3, 'category': 'cloud', 'score': -1.1410055458552468}, {'position': 4, 'category': 'frontend', 'score': -1.1715232027553688}]",,1,13,13,backend,aceptada,False,False,False
f7e38356-eb4e-42a0-8aed-b6f0b74a9337,14,2026-08-06T03:16:41.238+00:00,str,what i learned during my first month of learning react and backend development what i learned during my first month of learning react and backend development what i learned during my first month of learning react and backend development what i learned during. learning react and backend development my first month learning react and backend development my first month,367,59,True,Inferencia completada.,revision,backend,frontend,0.5656075362987806,0.08180479131511342,0.48380274498366715,Baja,19,Revisión humana recomendada,True,True,['El margen de decisión es reducido.'],"[{'position': 1, 'category': 'backend', 'score': 0.5656075362987806}, {'position': 2, 'category': 'frontend', 'score': 0.08180479131511342}, {'position': 3, 'category': 'datascience', 'score': -1.2460320919893166}, {'position': 4, 'category': 'cloud', 'score': -2.541591193405044}]",,1,14,14,backend,revision,False,True,False
f7e38356-eb4e-42a0-8aed-b6f0b74a9337,15,2026-08-06T03:16:41.238+00:00,str,a visual css grid builder in 500 lines how fr minmax and repeat actually compute sizes a visual css grid builder in 500 lines how fr minmax and repeat actually compute sizes almost every developer can copy grid-template-columns: repeat auto-fit minmax 140px 1fr and. 1fr 1fr,274,46,True,Inferencia completada.,aceptada,frontend,cloud,1.833462274985663,-1.5276521606864826,3.3611144356721456,Muy alta,25,Predicción automática,False,True,[],"[{'position': 1, 'category': 'frontend', 'score': 1.833462274985663}, {'position': 2, 'category': 'cloud', 'score': -1.5276521606864826}, {'position': 3, 'category': 'datascience', 'score': -1.7003861339066049}, {'position': 4, 'category': 'backend', 'score': -2.090640415620313}]",,1,15,15,frontend,aceptada,False,False,False
f7e38356-eb4e-42a0-8aed-b6f0b74a9337,16,2026-08-06T03:16:41.238+00:00,str,understanding data distributions and their importance in data science understanding data distributions and their importance in data science introduction one of the most important concepts in statistics and data science is the.,226,32,True,Inferencia completada.,aceptada,datascience,frontend,2.200651600808552,-1.372269152435987,3.5729207532445386,Muy alta,31,Predicción automática,False,True,[],"[{'position': 1, 'category': 'datascience', 'score': 2.200651600808552}, {'position': 2, 'category': 'frontend', 'score': -1.372269152435987}, {'position': 3, 'category': 'backend', 'score': -1.51220819097265}, {'position': 4, 'category': 'cloud', 'score': -1.758689087730729}]",,1,16,16,datascience,aceptada,False,False,False
f7e38356-eb4e-42a0-8aed-b6f0b74a9337,17,2026-08-06T03:16:41.238+00:00,str,day 92 of learning mern stack day 92 of learning mern stack hello dev community it is officially day 92 of my 100-day backend and database engineering.,151,27,True,Inferencia completada.,aceptada,backend,frontend,2.1576280819665037,-1.4014073670428897,3.5590354490093934,Muy alta,33,Predicción automática,False,True,[],"[{'position': 1, 'category': 'backend', 'score': 2.1576280819665037}, {'position': 2, 'category': 'frontend', 'score': -1.4014073670428897}, {'position': 3, 'category': 'datascience', 'score': -1.6923850238494889}, {'position': 4, 'category': 'cloud', 'score': -2.0182449864487477}]",,1,17,17,backend,aceptada,False,False,False
f7e38356-eb4e-42a0-8aed-b6f0b74a9337,18,2026-08-06T03:16:41.238+00:00,str,your pipeline is 23.1h behind: catching economy sentiment leads with pulsebit your pipeline is 23.1h behind: catching economy sentiment leads with pulsebit your pipeline is 23.1h behind: catching economy sentiment leads with pulsebit we recently stumbled. 23.1h 23.1h,267,38,True,Inferencia completada.,aceptada,datascience,frontend,1.6361247587706376,-1.3645732019785584,3.000697960749196,Alta,26,Predicción automática,False,True,[],"[{'position': 1, 'category': 'datascience', 'score': 1.6361247587706376}, {'position': 2, 'category': 'frontend', 'score': -1.3645732019785584}, {'position': 3, 'category': 'backend', 'score': -1.5680000535858585}, {'position': 4, 'category': 'cloud', 'score': -1.8829286019884863}]",,1,18,18,datascience,aceptada,False,False,False
f7e38356-eb4e-42a0-8aed-b6f0b74a9337,19,2026-08-06T03:16:41.238+00:00,str,your pipeline is 27.4h behind: catching environment sentiment leads with pulsebit your pipeline is 27.4h behind: catching environment sentiment leads with pulsebit your pipeline is 27.4 hours behind on capturing the 24h momentum spike of +0.640 related to. 27.4 hours 27.4 hours,278,42,True,Inferencia completada.,aceptada,datascience,backend,1.4397220737941607,-1.43220395851943,2.8719260323135907,Alta,36,Predicción automática,False,True,[],"[{'position': 1, 'category': 'datascience', 'score': 1.4397220737941607}, {'position': 2, 'category': 'backend', 'score': -1.43220395851943}, {'position': 3, 'category': 'frontend', 'score': -1.5464314960861025}, {'position': 4, 'category': 'cloud', 'score': -1.8044933408236727}]",,1,19,19,datascience,aceptada,False,False,False
f7e38356-eb4e-42a0-8aed-b6f0b74a9337,20,2026-08-06T03:16:41.238+00:00,str,mcp authorization proof runbook mcp authorization proof runbook originally published on techsaas cloud originally published on techsaas cloud mcp.,146,19,True,Inferencia completada.,revision,cloud,frontend,1.361040811881559,-1.218778156635414,2.579818968516973,Alta,13,Revisión humana recomendada,True,True,['Cobertura reducida del vocabulario.'],"[{'position': 1, 'category': 'cloud', 'score': 1.361040811881559}, {'position': 2, 'category': 'frontend', 'score': -1.218778156635414}, {'position': 3, 'category': 'datascience', 'score': -1.3831643818215797}, {'position': 4, 'category': 'backend', 'score': -2.090232851897057}]",,1,20,20,cloud,revision,False,False,True
f7e38356-eb4e-42a0-8aed-b6f0b74a9337,21,2026-08-06T03:16:41.238+00:00,str,ai tool-call approval budget ai tool-call approval budget originally published on techsaas cloud originally published on techsaas cloud ai.,139,19,True,Inferencia completada.,revision,cloud,datascience,2.0621512171584606,-0.9559005498535186,3.018051767011979,Alta,12,Revisión humana recomendada,True,True,['Cobertura reducida del vocabulario.'],"[{'position': 1, 'category': 'cloud', 'score': 2.0621512171584606}, {'position': 2, 'category': 'datascience', 'score': -0.9559005498535186}, {'position': 3, 'category': 'frontend', 'score': -1.8676952634650363}, {'position': 4, 'category': 'backend', 'score': -2.892341479164013}]",,1,21,21,cloud,revision,False,False,True
f7e38356-eb4e-42a0-8aed-b6f0b74a9337,22,2026-08-06T03:16:41.238+00:00,str,how to install kvm qemu on ubuntu for python development how to install kvm qemu on ubuntu for python development can you install kvm qemu on ubuntu for python development without diving into kernel internals yes.,213,36,True,Inferencia completada.,revision,backend,datascience,-0.308331853580144,-0.5193043071601109,0.2109724535799669,Crítica,21,Revisión humana prioritaria,True,True,['Las dos categorías principales tienen puntuaciones muy cercanas.'],"[{'position': 1, 'category': 'backend', 'score': -0.308331853580144}, {'position': 2, 'category': 'datascience', 'score': -0.5193043071601109}, {'position': 3, 'category': 'cloud', 'score': -0.6970333681141507}, {'position': 4, 'category': 'frontend', 'score': -1.2065054707335874}]",,1,22,22,backend,revision,False,True,False
f7e38356-eb4e-42a0-8aed-b6f0b74a9337,23,2026-08-06T03:16:41.238+00:00,str,multi-entity general ledger integration: what changes when you build accounting apis multi-entity general ledger integration: what changes when you build accounting apis most accounting integrations are built for a single company with a single set of books. you read.,267,39,True,Inferencia completada.,aceptada,backend,cloud,0.7955641024937644,-0.5391182501095387,1.3346823526033031,Media,32,Predicción automática con monitoreo,False,True,[],"[{'position': 1, 'category': 'backend', 'score': 0.7955641024937644}, {'position': 2, 'category': 'cloud', 'score': -0.5391182501095387}, {'position': 3, 'category': 'frontend', 'score': -1.2752725130674154}, {'position': 4, 'category': 'datascience', 'score': -1.8037540472465305}]",,1,23,23,backend,aceptada,False,False,False
f7e38356-eb4e-42a0-8aed-b6f0b74a9337,24,2026-08-06T03:16:41.238+00:00,str,modeling joins relationships and different schemas in power bi modeling joins relationships and different schemas in power bi in my 4th week of learning about data power bi was one of the tools i had to learn how to use and. my 4th week power bi my 4th week power bi,266,51,True,Inferencia completada.,aceptada,datascience,backend,2.2365378670276526,-1.2339663057488854,3.470504172776538,Muy alta,41,Predicción automática,False,True,[],"[{'position': 1, 'category': 'datascience', 'score': 2.2365378670276526}, {'position': 2, 'category': 'backend', 'score': -1.2339663057488854}, {'position': 3, 'category': 'frontend', 'score': -1.4034191204457174}, {'position': 4, 'category': 'cloud', 'score': -2.066765770762911}]",,1,24,24,datascience,aceptada,False,False,False
f7e38356-eb4e-42a0-8aed-b6f0b74a9337,25,2026-08-06T03:16:41.238+00:00,str,storybook for component development: building testing and documenting ui in isolation storybook for component development: building testing and documenting ui in isolation storybook for component development: building testing and documenting ui in isolation,257,33,True,Inferencia completada.,revision,frontend,backend,1.8641471409988966,-1.0891013546037493,2.953248495602646,Alta,14,Revisión humana recomendada,True,True,['Cobertura reducida del vocabulario.'],"[{'position': 1, 'category': 'frontend', 'score': 1.8641471409988966}, {'position': 2, 'category': 'backend', 'score': -1.0891013546037493}, {'position': 3, 'category': 'datascience', 'score': -1.5187943916642652}, {'position': 4, 'category': 'cloud', 'score': -1.7243062485868554}]",,1,25,25,frontend,revision,False,False,True
f7e38356-eb4e-42a0-8aed-b6f0b74a9337,26,2026-08-06T03:16:41.238+00:00,str,cloud governance is replacing cloud architecture cloud governance is replacing cloud architecture cloud governance is no longer the layer that gets bolted on after the architecture diagram is.,192,28,True,Inferencia completada.,aceptada,cloud,backend,1.674007794431498,-0.8782579377733515,2.5522657322048494,Alta,23,Predicción automática,False,True,[],"[{'position': 1, 'category': 'cloud', 'score': 1.674007794431498}, {'position': 2, 'category': 'backend', 'score': -0.8782579377733515}, {'position': 3, 'category': 'datascience', 'score': -2.021221963051045}, {'position': 4, 'category': 'frontend', 'score': -2.0239667052664796}]",,1,26,26,cloud,aceptada,False,False,False
f7e38356-eb4e-42a0-8aed-b6f0b74a9337,27,2026-08-06T03:16:41.238+00:00,str,best free ip apis: server-side vs client-side they re not the same problem best free ip apis: server-side vs client-side they re not the same problem best free ip apis: server-side vs client-side they re not the same problem what s the.,236,42,True,Inferencia completada.,aceptada,backend,cloud,1.0303765571237462,-0.723129085765278,1.7535056428890243,Media,24,Predicción automática con monitoreo,False,True,[],"[{'position': 1, 'category': 'backend', 'score': 1.0303765571237462}, {'position': 2, 'category': 'cloud', 'score': -0.723129085765278}, {'position': 3, 'category': 'frontend', 'score': -1.6947754787512195}, {'position': 4, 'category': 'datascience', 'score': -1.7014802817562655}]",,1,27,27,backend,aceptada,False,False,False
f7e38356-eb4e-42a0-8aed-b6f0b74a9337,28,2026-08-06T03:16:41.238+00:00,str,rate limiting what happens when too many requests hit your server rate limiting what happens when too many requests hit your server what if the number of requests coming to your server is more than what your server can actually.,228,40,True,Inferencia completada.,aceptada,backend,cloud,0.4595211790283117,-0.6818721465950477,1.1413933256233593,Media,37,Predicción automática con monitoreo,False,True,[],"[{'position': 1, 'category': 'backend', 'score': 0.4595211790283117}, {'position': 2, 'category': 'cloud', 'score': -0.6818721465950477}, {'position': 3, 'category': 'datascience', 'score': -0.868109413084799}, {'position': 4, 'category': 'frontend', 'score': -1.9707987005502972}]",,1,28,28,backend,aceptada,False,False,False
f7e38356-eb4e-42a0-8aed-b6f0b74a9337,29,2026-08-06T03:16:41.238+00:00,str,designing a multi-tenant video platform schema in postgresql with rls designing a multi-tenant video platform schema in postgresql with rls how we model tenants videos and analytics in postgresql with row-level security transaction-scope postgresql postgresql,259,35,True,Inferencia completada.,aceptada,backend,cloud,0.4065432872549525,-0.6416884029913386,1.0482316902462911,Media,23,Predicción automática con monitoreo,False,True,[],"[{'position': 1, 'category': 'backend', 'score': 0.4065432872549525}, {'position': 2, 'category': 'cloud', 'score': -0.6416884029913386}, {'position': 3, 'category': 'datascience', 'score': -1.1884179641153052}, {'position': 4, 'category': 'frontend', 'score': -1.3226345403924955}]",,1,29,29,backend,aceptada,False,False,False
f7e38356-eb4e-42a0-8aed-b6f0b74a9337,30,2026-08-06T03:16:41.238+00:00,str,azure table storage: the middle ground between a sql table and a document database azure table storage: the middle ground between a sql table and a document database i published a comparison of azure sql cosmos db and blob storage a little while back. looking back. blob storage cosmos db blob storage cosmos db,311,54,True,Inferencia completada.,aceptada,cloud,backend,0.4541973092719477,-0.619944840626204,1.0741421498981518,Media,34,Predicción automática con monitoreo,False,True,[],"[{'position': 1, 'category': 'cloud', 'score': 0.4541973092719477}, {'position': 2, 'category': 'backend', 'score': -0.619944840626204}, {'position': 3, 'category': 'datascience', 'score': -1.3688381977552564}, {'position': 4, 'category': 'frontend', 'score': -1.5103062823181723}]",,1,30,30,cloud,aceptada,False,False,False
f7e38356-eb4e-42a0-8aed-b6f0b74a9337,31,2026-08-06T03:16:41.238+00:00,str,the cloud security toolchain every engineer should know 2026 the cloud security toolchain every engineer should know 2026 cloud security interviews don t reward people who can define the shared-responsibility model. they.,221,32,True,Inferencia completada.,aceptada,cloud,backend,1.940477124777897,-1.2876512589179345,3.2281283836958314,Alta,28,Predicción automática,False,True,[],"[{'position': 1, 'category': 'cloud', 'score': 1.940477124777897}, {'position': 2, 'category': 'backend', 'score': -1.2876512589179345}, {'position': 3, 'category': 'frontend', 'score': -1.8177360349631595}, {'position': 4, 'category': 'datascience', 'score': -1.8931438813012855}]",,1,31,31,cloud,aceptada,False,False,False
f7e38356-eb4e-42a0-8aed-b6f0b74a9337,32,2026-08-06T03:16:41.238+00:00,str,never trust the client to create the order: making payment the source of truth never trust the client to create the order: making payment the source of truth tl dr if order creation happens on the client after payment a crashed phone means money captured.,255,45,True,Inferencia completada.,aceptada,backend,cloud,1.5624306442961213,-0.8225358995886691,2.3849665438847905,Alta,31,Predicción automática,False,True,[],"[{'position': 1, 'category': 'backend', 'score': 1.5624306442961213}, {'position': 2, 'category': 'cloud', 'score': -0.8225358995886691}, {'position': 3, 'category': 'datascience', 'score': -1.486021478555335}, {'position': 4, 'category': 'frontend', 'score': -2.0918456539965873}]",,1,32,32,backend,aceptada,False,False,False
f7e38356-eb4e-42a0-8aed-b6f0b74a9337,33,2026-08-06T03:16:41.238+00:00,str,local market research with google maps data: a step-by-step guide local market research with google maps data: a step-by-step guide use google maps data to research local markets. analyze competitor density ratings gaps. essential for franchises and new business owners. google maps google maps,294,44,True,Inferencia completada.,aceptada,datascience,cloud,1.0045370507920564,-0.46515027751224475,1.469687328304301,Media,31,Predicción automática con monitoreo,False,True,[],"[{'position': 1, 'category': 'datascience', 'score': 1.0045370507920564}, {'position': 2, 'category': 'cloud', 'score': -0.46515027751224475}, {'position': 3, 'category': 'frontend', 'score': -1.5095075377643572}, {'position': 4, 'category': 'backend', 'score': -1.6208191244384085}]",,1,33,33,datascience,aceptada,False,False,False
f7e38356-eb4e-42a0-8aed-b6f0b74a9337,34,2026-08-06T03:16:41.238+00:00,str,building a accessible performant design system: from tokens to tooling building a accessible performant design system: from tokens to tooling building a accessible performant design system: from tokens to tooling building. tokens tooling building tokens tooling building,270,37,True,Inferencia completada.,revision,frontend,backend,1.4453940990079657,-0.9341772566041235,2.3795713556120894,Alta,14,Revisión humana recomendada,True,True,['Cobertura reducida del vocabulario.'],"[{'position': 1, 'category': 'frontend', 'score': 1.4453940990079657}, {'position': 2, 'category': 'backend', 'score': -0.9341772566041235}, {'position': 3, 'category': 'datascience', 'score': -1.669905262276576}, {'position': 4, 'category': 'cloud', 'score': -2.26866052974038}]",,1,34,34,frontend,revision,False,False,True
f7e38356-eb4e-42a0-8aed-b6f0b74a9337,35,2026-08-06T03:16:41.238+00:00,str,from erb to phlex: 5 steps to pure ruby views from erb to phlex: 5 steps to pure ruby views i love rails but i ve always found erb to be a bit messy. you spend your whole day jumping between.,191,41,True,Inferencia completada.,revision,frontend,backend,-0.08834461038560015,-0.3021458482072147,0.21380123782161453,Crítica,32,Revisión humana prioritaria,True,True,['Las dos categorías principales tienen puntuaciones muy cercanas.'],"[{'position': 1, 'category': 'frontend', 'score': -0.08834461038560015}, {'position': 2, 'category': 'backend', 'score': -0.3021458482072147}, {'position': 3, 'category': 'cloud', 'score': -0.9636121836040257}, {'position': 4, 'category': 'datascience', 'score': -1.2565416167875725}]",,1,35,35,frontend,revision,False,True,False
f7e38356-eb4e-42a0-8aed-b6f0b74a9337,36,2026-08-06T03:16:41.238+00:00,str,admin dashboard template complete developer guide 2026 admin dashboard template complete developer guide 2026 practical admin dashboard template guide with copy-ready css code examples for 2026.,194,26,True,Inferencia completada.,aceptada,frontend,datascience,1.3753190536618467,-1.434979427002542,2.8102984806643887,Alta,24,Predicción automática,False,True,[],"[{'position': 1, 'category': 'frontend', 'score': 1.3753190536618467}, {'position': 2, 'category': 'datascience', 'score': -1.434979427002542}, {'position': 3, 'category': 'cloud', 'score': -1.653163589054861}, {'position': 4, 'category': 'backend', 'score': -1.6634465456578877}]",,1,36,36,frontend,aceptada,False,False,False
f7e38356-eb4e-42a0-8aed-b6f0b74a9337,37,2026-08-06T03:16:41.238+00:00,str,designing uber eats: the three-sided marketplace dispatch and eta designing uber eats: the three-sided marketplace dispatch and eta why food delivery is harder than ride-hailing and how the dispatch problem changes when a courier can be assigned before the food is even cooked. a grounded look at marketplace matching and eta prediction. eta eta,345,54,True,Inferencia completada.,revision,backend,datascience,-0.1750116330759166,-0.3211833563928844,0.14617172331696782,Crítica,37,Revisión humana prioritaria,True,True,['Las dos categorías principales tienen puntuaciones muy cercanas.'],"[{'position': 1, 'category': 'backend', 'score': -0.1750116330759166}, {'position': 2, 'category': 'datascience', 'score': -0.3211833563928844}, {'position': 3, 'category': 'cloud', 'score': -0.8654893710815516}, {'position': 4, 'category': 'frontend', 'score': -1.1924792538933142}]",,1,37,37,backend,revision,False,True,False
f7e38356-eb4e-42a0-8aed-b6f0b74a9337,38,2026-08-06T03:16:41.238+00:00,str,why portable systems still fail during the first real exit test why portable systems still fail during the first real exit test cloud exit validation is not the same claim as portability and enterprises keep discovering the.,224,37,True,Inferencia completada.,revision,cloud,backend,0.23789444013279937,-0.11230433277001717,0.35019877290281654,Baja,29,Revisión humana recomendada,True,True,['El margen de decisión es reducido.'],"[{'position': 1, 'category': 'cloud', 'score': 0.23789444013279937}, {'position': 2, 'category': 'backend', 'score': -0.11230433277001717}, {'position': 3, 'category': 'frontend', 'score': -1.2257776272511034}, {'position': 4, 'category': 'datascience', 'score': -1.7237338029133928}]",,1,38,38,cloud,revision,False,True,False
f7e38356-eb4e-42a0-8aed-b6f0b74a9337,39,2026-08-06T03:16:41.238+00:00,str,ai revolutionizes saas ai revolutionizes saas introduction to the ai revolution in saas the world of software as a service saas has. software the ai revolution software the ai revolution,186,30,True,Inferencia completada.,aceptada,cloud,backend,0.9005852054648672,-0.7147781144108103,1.6153633198756774,Media,30,Predicción automática con monitoreo,False,True,[],"[{'position': 1, 'category': 'cloud', 'score': 0.9005852054648672}, {'position': 2, 'category': 'backend', 'score': -0.7147781144108103}, {'position': 3, 'category': 'datascience', 'score': -1.5276513911757479}, {'position': 4, 'category': 'frontend', 'score': -1.7047425446907503}]",,1,39,39,cloud,aceptada,False,False,False
f7e38356-eb4e-42a0-8aed-b6f0b74a9337,40,2026-08-06T03:16:41.238+00:00,str,convert docx to jpg using java rest api convert docx to jpg using java rest api did you know that converting a docx file to jpg can be trickier than it seems many developers.,174,34,True,Inferencia completada.,aceptada,cloud,backend,1.860033833608119,-1.2827443313504108,3.14277816495853,Alta,39,Predicción automática,False,True,[],"[{'position': 1, 'category': 'cloud', 'score': 1.860033833608119}, {'position': 2, 'category': 'backend', 'score': -1.2827443313504108}, {'position': 3, 'category': 'datascience', 'score': -1.9517622345041394}, {'position': 4, 'category': 'frontend', 'score': -2.1667113336631214}]",,1,40,40,cloud,aceptada,False,False,False
f7e38356-eb4e-42a0-8aed-b6f0b74a9337,41,2026-08-06T03:16:41.238+00:00,str,i gave tailwind typed props. then it ate react hook form. i gave tailwind typed props. then it ate react hook form. i spent years thinking my react forms were a css problem. they weren t. they were a wiring problem years css years css,234,45,True,Inferencia completada.,aceptada,frontend,datascience,2.621360270937517,-1.575894369934973,4.19725464087249,Muy alta,29,Predicción automática,False,True,[],"[{'position': 1, 'category': 'frontend', 'score': 2.621360270937517}, {'position': 2, 'category': 'datascience', 'score': -1.575894369934973}, {'position': 3, 'category': 'backend', 'score': -1.888943465804457}, {'position': 4, 'category': 'cloud', 'score': -2.177462425833058}]",,1,41,41,frontend,aceptada,False,False,False
f7e38356-eb4e-42a0-8aed-b6f0b74a9337,42,2026-08-06T03:16:41.238+00:00,str,dynamic soql without getting burned dynamic soql without getting burned dynamic soql without getting burned there is a particular kind of dread that sets in at.,160,26,True,Inferencia completada.,revision,backend,frontend,-0.29318936403603896,-0.5757102287762622,0.28252086474022325,Baja,19,Revisión humana recomendada,True,True,['El margen de decisión es reducido.'],"[{'position': 1, 'category': 'backend', 'score': -0.29318936403603896}, {'position': 2, 'category': 'frontend', 'score': -0.5757102287762622}, {'position': 3, 'category': 'cloud', 'score': -0.6700530122732951}, {'position': 4, 'category': 'datascience', 'score': -1.0814888274119898}]",,1,42,42,backend,revision,False,True,False
f7e38356-eb4e-42a0-8aed-b6f0b74a9337,43,2026-08-06T03:16:41.238+00:00,str,react.js use hook rules and gotchas react.js use hook rules and gotchas use can be called conditionally unlike every other hook use works inside if for and after.,162,28,True,Inferencia completada.,aceptada,frontend,cloud,0.22877690584116994,-0.9553161346232155,1.1840930404643855,Media,18,Predicción automática con monitoreo,False,True,[],"[{'position': 1, 'category': 'frontend', 'score': 0.22877690584116994}, {'position': 2, 'category': 'cloud', 'score': -0.9553161346232155}, {'position': 3, 'category': 'backend', 'score': -0.98222761295437}, {'position': 4, 'category': 'datascience', 'score': -1.4012146679883415}]",,1,43,43,frontend,aceptada,False,False,False
f7e38356-eb4e-42a0-8aed-b6f0b74a9337,44,2026-08-06T03:16:41.238+00:00,str,how nestjs handles secure transactions in banking applications how nestjs handles secure transactions in banking applications banking software cannot afford to be casual about anything. every transaction needs to be verified,224,31,True,Inferencia completada.,aceptada,backend,cloud,1.1235396188815217,-0.5671773716048174,1.690716990486339,Media,28,Predicción automática con monitoreo,False,True,[],"[{'position': 1, 'category': 'backend', 'score': 1.1235396188815217}, {'position': 2, 'category': 'cloud', 'score': -0.5671773716048174}, {'position': 3, 'category': 'datascience', 'score': -1.5484437054214553}, {'position': 4, 'category': 'frontend', 'score': -1.7723325522815605}]",,1,44,44,backend,aceptada,False,False,False
f7e38356-eb4e-42a0-8aed-b6f0b74a9337,45,2026-08-06T03:16:41.238+00:00,str,your pipeline is 29.1h behind: catching entertainment sentiment leads with pulsebit your pipeline is 29.1h behind: catching entertainment sentiment leads with pulsebit your pipeline is 29.1h behind: catching entertainment sentiment leads with pulsebit we. 29.1h 29.1h,267,36,True,Inferencia completada.,aceptada,datascience,frontend,1.4478085899821913,-1.3143401986515533,2.762148788633745,Alta,25,Predicción automática,False,True,[],"[{'position': 1, 'category': 'datascience', 'score': 1.4478085899821913}, {'position': 2, 'category': 'frontend', 'score': -1.3143401986515533}, {'position': 3, 'category': 'backend', 'score': -1.4359630132672372}, {'position': 4, 'category': 'cloud', 'score': -1.8363367631888177}]",,1,45,45,datascience,aceptada,False,False,False
f7e38356-eb4e-42a0-8aed-b6f0b74a9337,46,2026-08-06T03:16:41.238+00:00,str,day 113 of learning mern stack day 113 of learning mern stack hello dev community it is officially day 113 of my software engineering marathon today i.,151,27,True,Inferencia completada.,aceptada,frontend,backend,1.2769363319474247,-0.7332518229793044,2.010188154926729,Alta,34,Predicción automática,False,True,[],"[{'position': 1, 'category': 'frontend', 'score': 1.2769363319474247}, {'position': 2, 'category': 'backend', 'score': -0.7332518229793044}, {'position': 3, 'category': 'cloud', 'score': -1.198236390958944}, {'position': 4, 'category': 'datascience', 'score': -1.598270506758665}]",,1,46,46,frontend,aceptada,False,False,False
f7e38356-eb4e-42a0-8aed-b6f0b74a9337,47,2026-08-06T03:16:41.238+00:00,str,http status codes explained: the complete guide every developer needs http status codes explained: the complete guide every developer needs you open devtools. you see a request fail. and there it is: a three-digit number staring back at you. devtools devtools,259,41,True,Inferencia completada.,aceptada,backend,frontend,0.45927805306120806,-0.5638658317623051,1.0231438848235133,Media,38,Predicción automática con monitoreo,False,True,[],"[{'position': 1, 'category': 'backend', 'score': 0.45927805306120806}, {'position': 2, 'category': 'frontend', 'score': -0.5638658317623051}, {'position': 3, 'category': 'datascience', 'score': -1.3582088915149213}, {'position': 4, 'category': 'cloud', 'score': -1.5090277410998587}]",,1,47,47,backend,aceptada,False,False,False
f7e38356-eb4e-42a0-8aed-b6f0b74a9337,48,2026-08-06T03:16:41.238+00:00,str,the cryptographic crucible: why most altcoins eventually disappear the cryptographic crucible: why most altcoins eventually disappear your blockchain app will not die from a bad idea. it will die from a backpressure.,216,32,True,Inferencia completada.,aceptada,backend,datascience,0.4055523169429126,-0.5762010395491057,0.9817533564920183,Media,20,Predicción automática con monitoreo,False,True,[],"[{'position': 1, 'category': 'backend', 'score': 0.4055523169429126}, {'position': 2, 'category': 'datascience', 'score': -0.5762010395491057}, {'position': 3, 'category': 'cloud', 'score': -1.1472688743247759}, {'position': 4, 'category': 'frontend', 'score': -1.1775825373941764}]",,1,48,48,backend,aceptada,False,False,False
f7e38356-eb4e-42a0-8aed-b6f0b74a9337,49,2026-08-06T03:16:41.238+00:00,str,stop api floods: redis sliding window rate limits stop api floods: redis sliding window rate limits the fixed window vulnerability when protecting your saas api at smart tech devs rate limiting is. smart tech devs smart tech devs,229,38,True,Inferencia completada.,aceptada,backend,frontend,1.1462069106481314,-0.9538254107164106,2.1000323213645418,Alta,32,Predicción automática,False,True,[],"[{'position': 1, 'category': 'backend', 'score': 1.1462069106481314}, {'position': 2, 'category': 'frontend', 'score': -0.9538254107164106}, {'position': 3, 'category': 'datascience', 'score': -1.5717733555194453}, {'position': 4, 'category': 'cloud', 'score': -1.7404613902527362}]",,1,49,49,backend,aceptada,False,False,False
f7e38356-eb4e-42a0-8aed-b6f0b74a9337,50,2026-08-06T03:16:41.238+00:00,str,frontend architecture practices for multi-language and multi-currency agent shopping mall systems frontend architecture practices for multi-language and multi-currency agent shopping mall systems abstract: reverse cross-border independent sites serving global users must address the challenges of.,297,35,True,Inferencia completada.,aceptada,frontend,backend,1.2011408284877785,-0.7468521245341427,1.947992953021921,Alta,27,Predicción automática,False,True,[],"[{'position': 1, 'category': 'frontend', 'score': 1.2011408284877785}, {'position': 2, 'category': 'backend', 'score': -0.7468521245341427}, {'position': 3, 'category': 'cloud', 'score': -1.702357107369616}, {'position': 4, 'category': 'datascience', 'score': -1.892843348590553}]",,1,50,50,frontend,aceptada,False,False,False
f7e38356-eb4e-42a0-8aed-b6f0b74a9337,51,2026-08-06T03:16:41.238+00:00,str,small models that think harder beat big models that sound confident small models that think harder beat big models that sound confident people keep saying reasoning needs scale. that you can t get reliable chain-of-thought out of.,230,37,True,Inferencia completada.,aceptada,datascience,backend,0.05121277656274659,-0.7847709503712855,0.8359837269340321,Media,25,Predicción automática con monitoreo,False,True,[],"[{'position': 1, 'category': 'datascience', 'score': 0.05121277656274659}, {'position': 2, 'category': 'backend', 'score': -0.7847709503712855}, {'position': 3, 'category': 'cloud', 'score': -0.838409353188985}, {'position': 4, 'category': 'frontend', 'score': -1.1424034831551975}]",,1,51,51,datascience,aceptada,False,False,False
f7e38356-eb4e-42a0-8aed-b6f0b74a9337,52,2026-08-06T03:16:41.238+00:00,str,react.js complete guide: what it is why it s used who created it and essential hooks react.js complete guide: what it is why it s used who created it and essential hooks what is react why is it used who created it and understanding react hooks introduction react is. understanding react hooks introduction react understanding react hooks introduction react,356,59,True,Inferencia completada.,revision,frontend,cloud,0.5060624169411562,-0.2850738135900442,0.7911362305312004,Baja,33,Revisión humana recomendada,True,True,['El margen de decisión es reducido.'],"[{'position': 1, 'category': 'frontend', 'score': 0.5060624169411562}, {'position': 2, 'category': 'cloud', 'score': -0.2850738135900442}, {'position': 3, 'category': 'datascience', 'score': -1.5325531774728862}, {'position': 4, 'category': 'backend', 'score': -1.644639949577757}]",,1,52,52,frontend,revision,False,True,False
f7e38356-eb4e-42a0-8aed-b6f0b74a9337,53,2026-08-06T03:16:41.238+00:00,str,the production readiness checklist the production readiness checklist in the last article i walked through finding and fixing the slow parts of a saas before launch: n+1. n+1... n+1...,184,29,True,Inferencia completada.,revision,backend,cloud,-0.0840185663717522,-0.46512965680902896,0.38111109043727676,Baja,33,Revisión humana recomendada,True,True,['El margen de decisión es reducido.'],"[{'position': 1, 'category': 'backend', 'score': -0.0840185663717522}, {'position': 2, 'category': 'cloud', 'score': -0.46512965680902896}, {'position': 3, 'category': 'datascience', 'score': -1.088454812535464}, {'position': 4, 'category': 'frontend', 'score': -1.1063100181507055}]",,1,53,53,backend,revision,False,True,False
f7e38356-eb4e-42a0-8aed-b6f0b74a9337,54,2026-08-06T03:16:41.238+00:00,str,bk hacken vs djurgardens if: match prediction model analysis 2026-07-06 bk hacken vs djurgardens if: match prediction model analysis 2026-07-06 published: 2026-07-04 footballmoney.top bk hacken vs djurgardens if world cup. 2026-07-04 world cup bk 2026-07-04 world cup bk,270,38,True,Inferencia completada.,aceptada,datascience,backend,1.7457371503333978,-1.3900116821257709,3.1357488324591687,Alta,24,Predicción automática,False,True,[],"[{'position': 1, 'category': 'datascience', 'score': 1.7457371503333978}, {'position': 2, 'category': 'backend', 'score': -1.3900116821257709}, {'position': 3, 'category': 'cloud', 'score': -1.4334191881542695}, {'position': 4, 'category': 'frontend', 'score': -1.5305836133697408}]",,1,54,54,datascience,aceptada,False,False,False
f7e38356-eb4e-42a0-8aed-b6f0b74a9337,55,2026-08-06T03:16:41.238+00:00,str,a world timezone map in 500 lines and why time zones aren t determined by longitude a world timezone map in 500 lines and why time zones aren t determined by longitude earth rotates 360 in 24 hours so 15 of longitude equals 1 hour of solar time. if timezones were. earth earth,276,53,True,Inferencia completada.,revision,backend,frontend,-0.32064555542699874,-0.4118362456542261,0.09119069022722737,Crítica,34,Revisión humana prioritaria,True,True,['Las dos categorías principales tienen puntuaciones muy cercanas.'],"[{'position': 1, 'category': 'backend', 'score': -0.32064555542699874}, {'position': 2, 'category': 'frontend', 'score': -0.4118362456542261}, {'position': 3, 'category': 'datascience', 'score': -0.6807839479763127}, {'position': 4, 'category': 'cloud', 'score': -1.4094598793613815}]",,1,55,55,backend,revision,False,True,False
f7e38356-eb4e-42a0-8aed-b6f0b74a9337,56,2026-08-06T03:16:41.238+00:00,str,hey dev.to hey dev.to hey everyone i m kenzy. i work with big data location intelligence basically turning huge big data big data,129,23,True,Inferencia completada.,aceptada,datascience,backend,0.6639844164713833,-0.5302823481274179,1.1942667645988012,Media,17,Predicción automática con monitoreo,False,True,[],"[{'position': 1, 'category': 'datascience', 'score': 0.6639844164713833}, {'position': 2, 'category': 'backend', 'score': -0.5302823481274179}, {'position': 3, 'category': 'cloud', 'score': -1.1099890004207609}, {'position': 4, 'category': 'frontend', 'score': -1.5200814640096847}]",,1,56,56,datascience,aceptada,False,False,False
f7e38356-eb4e-42a0-8aed-b6f0b74a9337,57,2026-08-06T03:16:41.238+00:00,str,excel in the real-world data analysis excel in the real-world data analysis what is excel basically microsoft excel or excel is a spreadsheet software developed by microsoft. excel microsoft excel microsoft,206,31,True,Inferencia completada.,aceptada,datascience,cloud,2.147695595160414,-1.2391960426625244,3.3868916378229383,Muy alta,28,Predicción automática,False,True,[],"[{'position': 1, 'category': 'datascience', 'score': 2.147695595160414}, {'position': 2, 'category': 'cloud', 'score': -1.2391960426625244}, {'position': 3, 'category': 'backend', 'score': -1.7140243263043253}, {'position': 4, 'category': 'frontend', 'score': -2.123973397473988}]",,1,57,57,datascience,aceptada,False,False,False
f7e38356-eb4e-42a0-8aed-b6f0b74a9337,58,2026-08-06T03:16:41.238+00:00,str,best free cloud storage in 2026: which free plan is actually worth using best free cloud storage in 2026: which free plan is actually worth using are you looking into best free cloud storage in 2026 here s a quick overview of what you need to.,243,46,True,Inferencia completada.,aceptada,cloud,datascience,2.988762935144398,-1.8066188208764138,4.795381756020811,Muy alta,46,Predicción automática,False,True,[],"[{'position': 1, 'category': 'cloud', 'score': 2.988762935144398}, {'position': 2, 'category': 'datascience', 'score': -1.8066188208764138}, {'position': 3, 'category': 'frontend', 'score': -2.0278910147232048}, {'position': 4, 'category': 'backend', 'score': -2.1601200347800575}]",,1,58,58,cloud,aceptada,False,False,False
f7e38356-eb4e-42a0-8aed-b6f0b74a9337,59,2026-08-06T03:16:41.238+00:00,str,retry timeout and bulkhead: composing resilience4j the right way retry timeout and bulkhead: composing resilience4j the right way day 15 of building orderhub in the open. yesterday i added a circuit breaker around the inventory. yesterday orderhub day 15 yesterday orderhub day 15,280,43,True,Inferencia completada.,aceptada,backend,cloud,1.1309004724737086,-1.3427168907358855,2.473617363209594,Alta,36,Predicción automática,False,True,[],"[{'position': 1, 'category': 'backend', 'score': 1.1309004724737086}, {'position': 2, 'category': 'cloud', 'score': -1.3427168907358855}, {'position': 3, 'category': 'frontend', 'score': -1.4450260609843224}, {'position': 4, 'category': 'datascience', 'score': -1.5046794088046145}]",,1,59,59,backend,aceptada,False,False,False
f7e38356-eb4e-42a0-8aed-b6f0b74a9337,60,2026-08-06T03:16:41.238+00:00,str,javascript closures javascript closures closure a closure is created when an inner function remembers and can access the variables.,131,19,True,Inferencia completada.,aceptada,frontend,backend,0.7132368987536312,-0.9755687287469679,1.688805627500599,Media,17,Predicción automática con monitoreo,False,True,[],"[{'position': 1, 'category': 'frontend', 'score': 0.7132368987536312}, {'position': 2, 'category': 'backend', 'score': -0.9755687287469679}, {'position': 3, 'category': 'datascience', 'score': -1.3270772452027693}, {'position': 4, 'category': 'cloud', 'score': -1.4305124486258298}]",,1,60,60,frontend,aceptada,False,False,False
f7e38356-eb4e-42a0-8aed-b6f0b74a9337,61,2026-08-06T03:16:41.238+00:00,str,generate barcode for healthcare applications in java generate barcode for healthcare applications in java accurate barcode labels are the lifeline of modern hospitals but generating them programmatically. accurate accurate,222,29,True,Inferencia completada.,revision,datascience,backend,-0.3602851971359946,-0.4849167186482175,0.1246315215122229,Crítica,21,Revisión humana prioritaria,True,True,['Las dos categorías principales tienen puntuaciones muy cercanas.'],"[{'position': 1, 'category': 'datascience', 'score': -0.3602851971359946}, {'position': 2, 'category': 'backend', 'score': -0.4849167186482175}, {'position': 3, 'category': 'frontend', 'score': -0.5146232907050136}, {'position': 4, 'category': 'cloud', 'score': -0.8747332533517113}]",,1,61,61,datascience,revision,False,True,False
f7e38356-eb4e-42a0-8aed-b6f0b74a9337,62,2026-08-06T03:16:41.238+00:00,str,global infrastructure + iam practical + cloudfront cdn global infrastructure + iam practical + cloudfront cdn session overview # topic 1 aws regions what they are how isolation.,177,28,True,Inferencia completada.,aceptada,cloud,backend,1.934492998375592,-1.2819232252380128,3.2164162236136047,Alta,20,Predicción automática,False,True,[],"[{'position': 1, 'category': 'cloud', 'score': 1.934492998375592}, {'position': 2, 'category': 'backend', 'score': -1.2819232252380128}, {'position': 3, 'category': 'datascience', 'score': -1.6146111453938325}, {'position': 4, 'category': 'frontend', 'score': -2.129075337477447}]",,1,62,62,cloud,aceptada,False,False,False
f7e38356-eb4e-42a0-8aed-b6f0b74a9337,63,2026-08-06T03:16:41.238+00:00,str,cloud-native security practices for developers: containers kubernetes and ci/cd 2026 cloud-native security practices for developers: containers kubernetes and ci/cd 2026 cloud-native security practices in 2026 cover a substantially different attack surface than the.,266,33,True,Inferencia completada.,aceptada,cloud,frontend,1.6133047549564665,-0.9706674562453614,2.5839722112018277,Alta,25,Predicción automática,False,True,[],"[{'position': 1, 'category': 'cloud', 'score': 1.6133047549564665}, {'position': 2, 'category': 'frontend', 'score': -0.9706674562453614}, {'position': 3, 'category': 'backend', 'score': -1.7101295501411382}, {'position': 4, 'category': 'datascience', 'score': -2.1870793231061314}]",,1,63,63,cloud,aceptada,False,False,False
f7e38356-eb4e-42a0-8aed-b6f0b74a9337,64,2026-08-06T03:16:41.238+00:00,str,performance debounce performance debounce debounce: gộp một loạt sự kiện thành một lần xử lý cuối debounce trì hoãn việc thực thi. debounce trì hoãn thực kiện thành debounce trì hoãn thực kiện thành,198,34,True,Inferencia completada.,revision,frontend,cloud,-0.02871682387867569,-0.7560289813054716,0.7273121574267959,Baja,3,Revisión humana recomendada,True,True,"['Cobertura reducida del vocabulario.', 'El margen de decisión es reducido.']","[{'position': 1, 'category': 'frontend', 'score': -0.02871682387867569}, {'position': 2, 'category': 'cloud', 'score': -0.7560289813054716}, {'position': 3, 'category': 'backend', 'score': -0.8447309259399387}, {'position': 4, 'category': 'datascience', 'score': -1.2599742951670767}]",,1,64,64,frontend,revision,False,True,True
f7e38356-eb4e-42a0-8aed-b6f0b74a9337,65,2026-08-06T03:16:41.238+00:00,str,day 110 of learning mern stack day 110 of learning mern stack hello dev community it is officially day 110 of my software engineering marathon today is day 2.,158,29,True,Inferencia completada.,aceptada,frontend,backend,0.9432519118004722,-0.6289771611971565,1.5722290729976287,Media,33,Predicción automática con monitoreo,False,True,[],"[{'position': 1, 'category': 'frontend', 'score': 0.9432519118004722}, {'position': 2, 'category': 'backend', 'score': -0.6289771611971565}, {'position': 3, 'category': 'cloud', 'score': -1.0162825950409564}, {'position': 4, 'category': 'datascience', 'score': -1.595897369610701}]",,1,65,65,frontend,aceptada,False,False,False
f7e38356-eb4e-42a0-8aed-b6f0b74a9337,66,2026-08-06T03:16:41.238+00:00,str,a new learner in devops. a new learner in devops. i am starting my journey in devops any kind of suggestion would be helpful. devops devops,139,26,True,Inferencia completada.,aceptada,cloud,frontend,0.28167017373986825,-0.7389981343083873,1.0206683080482555,Media,22,Predicción automática con monitoreo,False,True,[],"[{'position': 1, 'category': 'cloud', 'score': 0.28167017373986825}, {'position': 2, 'category': 'frontend', 'score': -0.7389981343083873}, {'position': 3, 'category': 'backend', 'score': -0.9222903319597217}, {'position': 4, 'category': 'datascience', 'score': -1.3615644911137688}]",,1,66,66,cloud,aceptada,False,False,False
f7e38356-eb4e-42a0-8aed-b6f0b74a9337,67,2026-08-06T03:16:41.238+00:00,str,node.js internals explained by uncle to nephew part 1: why node exists modules and the js you never knew node.js internals explained by uncle to nephew part 1: why node exists modules and the js you never knew this is part 1 of a 3-part series where an uncle 30 years in backend systems still uses a wired. 30 years 30 years,324,62,True,Inferencia completada.,aceptada,backend,datascience,0.8826372724845516,-0.9997248879347566,1.8823621604193082,Alta,49,Predicción automática,False,True,[],"[{'position': 1, 'category': 'backend', 'score': 0.8826372724845516}, {'position': 2, 'category': 'datascience', 'score': -0.9997248879347566}, {'position': 3, 'category': 'frontend', 'score': -1.1887050075606456}, {'position': 4, 'category': 'cloud', 'score': -1.4423638562031833}]",,1,67,67,backend,aceptada,False,False,False
f7e38356-eb4e-42a0-8aed-b6f0b74a9337,68,2026-08-06T03:16:41.238+00:00,str,why hypothesis testing is the backbone of data science why hypothesis testing is the backbone of data science from a/b testing and machine learning to business intelligence and scientific research hypothesis.,208,31,True,Inferencia completada.,aceptada,datascience,frontend,2.340662914775629,-1.3289489542782116,3.6696118690538406,Muy alta,31,Predicción automática,False,True,[],"[{'position': 1, 'category': 'datascience', 'score': 2.340662914775629}, {'position': 2, 'category': 'frontend', 'score': -1.3289489542782116}, {'position': 3, 'category': 'cloud', 'score': -1.6141769140420594}, {'position': 4, 'category': 'backend', 'score': -2.310441100985659}]",,1,68,68,datascience,aceptada,False,False,False
f7e38356-eb4e-42a0-8aed-b6f0b74a9337,69,2026-08-06T03:16:41.238+00:00,str,stop guessing about performance: testing frontend performance in ci with lighthouse ci stop guessing about performance: testing frontend performance in ci with lighthouse ci performance isn t a feature you ship once it s a quality that degrades with every commit if you let.,274,44,True,Inferencia completada.,aceptada,frontend,backend,1.4563195732994805,-1.2515939620239633,2.707913535323444,Alta,37,Predicción automática,False,True,[],"[{'position': 1, 'category': 'frontend', 'score': 1.4563195732994805}, {'position': 2, 'category': 'backend', 'score': -1.2515939620239633}, {'position': 3, 'category': 'datascience', 'score': -1.408899246164868}, {'position': 4, 'category': 'cloud', 'score': -1.4443966063056668}]",,1,69,69,frontend,aceptada,False,False,False
f7e38356-eb4e-42a0-8aed-b6f0b74a9337,70,2026-08-06T03:16:41.238+00:00,str,i failed my way into leading a part of a tech community i failed my way into leading a part of a tech community if you saw the banner and title you d probably assume i had this all figured out. i ve been in.,207,45,True,Inferencia completada.,revision,datascience,frontend,0.026244981858833394,-0.6937330823428568,0.7199780642016902,Baja,38,Revisión humana recomendada,True,True,['El margen de decisión es reducido.'],"[{'position': 1, 'category': 'datascience', 'score': 0.026244981858833394}, {'position': 2, 'category': 'frontend', 'score': -0.6937330823428568}, {'position': 3, 'category': 'backend', 'score': -0.8280495112011559}, {'position': 4, 'category': 'cloud', 'score': -1.1071404210708005}]",,1,70,70,datascience,revision,False,True,False
f7e38356-eb4e-42a0-8aed-b6f0b74a9337,71,2026-08-06T03:16:41.238+00:00,str,your pipeline is 22.4h behind: catching agriculture sentiment leads with pulsebit your pipeline is 22.4h behind: catching agriculture sentiment leads with pulsebit your pipeline is 22.4h behind: catching agriculture sentiment leads with pulsebit we. 22.4h 22.4h,261,36,True,Inferencia completada.,aceptada,datascience,frontend,1.3794234531167606,-1.2885201491044014,2.667943602221162,Alta,25,Predicción automática,False,True,[],"[{'position': 1, 'category': 'datascience', 'score': 1.3794234531167606}, {'position': 2, 'category': 'frontend', 'score': -1.2885201491044014}, {'position': 3, 'category': 'backend', 'score': -1.4167447924042036}, {'position': 4, 'category': 'cloud', 'score': -1.8043272133839112}]",,1,71,71,datascience,aceptada,False,False,False
f7e38356-eb4e-42a0-8aed-b6f0b74a9337,72,2026-08-06T03:16:41.238+00:00,str,como testar apis: guia prático de estratégias para apis confiáveis como testar apis: guia prático de estratégias para apis confiáveis a maioria dos bugs de api não são exóticos: um campo ausente um código de status errado um timeout. de api não de api não,255,45,True,Inferencia completada.,revision,backend,datascience,1.4373741423647708,-1.0036070567251005,2.4409811990898715,Alta,15,Revisión humana recomendada,True,True,['Cobertura reducida del vocabulario.'],"[{'position': 1, 'category': 'backend', 'score': 1.4373741423647708}, {'position': 2, 'category': 'datascience', 'score': -1.0036070567251005}, {'position': 3, 'category': 'cloud', 'score': -1.473571430955133}, {'position': 4, 'category': 'frontend', 'score': -1.8335724861511409}]",,1,72,72,backend,revision,False,False,True
f7e38356-eb4e-42a0-8aed-b6f0b74a9337,73,2026-08-06T03:16:41.238+00:00,str,adobe portfolio complete developer guide 2026 adobe portfolio complete developer guide 2026 how adobe portfolio principles apply to frontend code with examples for 2026.,169,24,True,Inferencia completada.,aceptada,frontend,datascience,0.8425408397806703,-1.0541945146787797,1.8967353544594499,Alta,23,Predicción automática,False,True,[],"[{'position': 1, 'category': 'frontend', 'score': 0.8425408397806703}, {'position': 2, 'category': 'datascience', 'score': -1.0541945146787797}, {'position': 3, 'category': 'cloud', 'score': -1.2539586782400096}, {'position': 4, 'category': 'backend', 'score': -1.5182330735757774}]",,1,73,73,frontend,aceptada,False,False,False
f7e38356-eb4e-42a0-8aed-b6f0b74a9337,74,2026-08-06T03:16:41.238+00:00,str,7 technical seo issues i check before every website launch 7 technical seo issues i check before every website launch i ve worked on websites where everything looked perfect during development responsive design clean.,217,34,True,Inferencia completada.,aceptada,frontend,backend,0.9684701167209188,-0.9334533046730261,1.9019234213939449,Alta,30,Predicción automática,False,True,[],"[{'position': 1, 'category': 'frontend', 'score': 0.9684701167209188}, {'position': 2, 'category': 'backend', 'score': -0.9334533046730261}, {'position': 3, 'category': 'datascience', 'score': -1.3861899895730256}, {'position': 4, 'category': 'cloud', 'score': -1.434192239348677}]",,1,74,74,frontend,aceptada,False,False,False
f7e38356-eb4e-42a0-8aed-b6f0b74a9337,75,2026-08-06T03:16:41.238+00:00,str,effortlessly add watermark annotations to docx with python rest api effortlessly add watermark annotations to docx with python rest api did you know that adding watermarks to docx files using svg can improve visual clarity and. svg svg,235,38,True,Inferencia completada.,aceptada,cloud,frontend,1.4443172270569802,-1.483859212279183,2.928176439336163,Alta,33,Predicción automática,False,True,[],"[{'position': 1, 'category': 'cloud', 'score': 1.4443172270569802}, {'position': 2, 'category': 'frontend', 'score': -1.483859212279183}, {'position': 3, 'category': 'backend', 'score': -1.5666297854983189}, {'position': 4, 'category': 'datascience', 'score': -1.715291176971275}]",,1,75,75,cloud,aceptada,False,False,False
f7e38356-eb4e-42a0-8aed-b6f0b74a9337,76,2026-08-06T03:16:41.238+00:00,str,why implementing cloud computing in healthcare is a game-changing solution why implementing cloud computing in healthcare is a game-changing solution key takeaways cloud computing in healthcare isn t just an it upgrade it s fundamentally.,238,35,True,Inferencia completada.,aceptada,cloud,datascience,1.5344910365018731,-1.1676818044483523,2.7021728409502255,Alta,26,Predicción automática,False,True,[],"[{'position': 1, 'category': 'cloud', 'score': 1.5344910365018731}, {'position': 2, 'category': 'datascience', 'score': -1.1676818044483523}, {'position': 3, 'category': 'frontend', 'score': -1.4593054783132215}, {'position': 4, 'category': 'backend', 'score': -1.80849611908452}]",,1,76,76,cloud,aceptada,False,False,False
f7e38356-eb4e-42a0-8aed-b6f0b74a9337,77,2026-08-06T03:16:41.238+00:00,str,why penalty red card why were they given against england matters for sports data engineers why penalty red card why were they given against england matters for sports data engineers why penalty red card why were they given against england matters for sports data. england england,279,46,True,Inferencia completada.,aceptada,datascience,backend,1.9100748324114503,-1.2614218014527008,3.171496633864151,Alta,20,Predicción automática,False,True,[],"[{'position': 1, 'category': 'datascience', 'score': 1.9100748324114503}, {'position': 2, 'category': 'backend', 'score': -1.2614218014527008}, {'position': 3, 'category': 'frontend', 'score': -1.6188166045388006}, {'position': 4, 'category': 'cloud', 'score': -1.7998099841819006}]",,1,77,77,datascience,aceptada,False,False,False
f7e38356-eb4e-42a0-8aed-b6f0b74a9337,78,2026-08-06T03:16:41.238+00:00,str,millions spent on security tools. zero spent on asking the right questions. millions spent on security tools. zero spent on asking the right questions. there is a comfortable lie that has taken root in information security domain. it goes like this:,249,41,True,Inferencia completada.,revision,cloud,backend,0.19564116739795379,-0.16984615204652853,0.3654873194444823,Baja,29,Revisión humana recomendada,True,True,['El margen de decisión es reducido.'],"[{'position': 1, 'category': 'cloud', 'score': 0.19564116739795379}, {'position': 2, 'category': 'backend', 'score': -0.16984615204652853}, {'position': 3, 'category': 'frontend', 'score': -1.1417037126756373}, {'position': 4, 'category': 'datascience', 'score': -1.699910346232418}]",,1,78,78,cloud,revision,False,True,False
f7e38356-eb4e-42a0-8aed-b6f0b74a9337,79,2026-08-06T03:16:41.238+00:00,str,optimizing backend latency: why runtime ai calls are a performance killer optimizing backend latency: why runtime ai calls are a performance killer the rise of ai and large language models llms has opened up incredible possibilities for. ai large language models ai large language models,287,45,True,Inferencia completada.,aceptada,backend,datascience,0.7102676028944744,-0.9813187028610807,1.6915863057555551,Media,35,Predicción automática con monitoreo,False,True,[],"[{'position': 1, 'category': 'backend', 'score': 0.7102676028944744}, {'position': 2, 'category': 'datascience', 'score': -0.9813187028610807}, {'position': 3, 'category': 'cloud', 'score': -1.1532600812218254}, {'position': 4, 'category': 'frontend', 'score': -1.4564704371789534}]",,1,79,79,backend,aceptada,False,False,False
f7e38356-eb4e-42a0-8aed-b6f0b74a9337,80,2026-08-06T03:16:41.238+00:00,str,your pipeline is 22.7h behind: catching finance sentiment leads with pulsebit your pipeline is 22.7h behind: catching finance sentiment leads with pulsebit your pipeline is 22.7h behind: catching finance sentiment leads with pulsebit we recently. 22.7h 22.7h,258,37,True,Inferencia completada.,aceptada,datascience,backend,2.327481377574082,-1.697724812663401,4.025206190237483,Muy alta,23,Predicción automática,False,True,[],"[{'position': 1, 'category': 'datascience', 'score': 2.327481377574082}, {'position': 2, 'category': 'backend', 'score': -1.697724812663401}, {'position': 3, 'category': 'frontend', 'score': -1.7596213472744942}, {'position': 4, 'category': 'cloud', 'score': -2.243438818763376}]",,1,80,80,datascience,aceptada,False,False,False
f7e38356-eb4e-42a0-8aed-b6f0b74a9337,81,2026-08-06T03:16:41.238+00:00,str,why nestjs is a strong fit for hipaa compliant healthcare systems why nestjs is a strong fit for hipaa compliant healthcare systems healthcare software carries a kind of pressure most applications never have to deal with. a bug in a. healthcare healthcare,255,42,True,Inferencia completada.,aceptada,backend,datascience,0.43386264076060777,-0.9206409030127148,1.3545035437733226,Media,32,Predicción automática con monitoreo,False,True,[],"[{'position': 1, 'category': 'backend', 'score': 0.43386264076060777}, {'position': 2, 'category': 'datascience', 'score': -0.9206409030127148}, {'position': 3, 'category': 'frontend', 'score': -0.9448006098173651}, {'position': 4, 'category': 'cloud', 'score': -1.0543491492704906}]",,1,81,81,backend,aceptada,False,False,False
f7e38356-eb4e-42a0-8aed-b6f0b74a9337,82,2026-08-06T03:16:41.238+00:00,str,taocarts frontend first screen loading optimization: extreme speed boost for next.js server-side rendering taocarts frontend first screen loading optimization: extreme speed boost for next.js server-side rendering the taocarts frontend built on the next.js server-side rendering framework targets cross-border. taocarts next.js taocarts next.js,344,42,True,Inferencia completada.,aceptada,frontend,cloud,2.297055797154805,-1.4809606697646251,3.7780164669194303,Muy alta,18,Predicción automática,False,True,[],"[{'position': 1, 'category': 'frontend', 'score': 2.297055797154805}, {'position': 2, 'category': 'cloud', 'score': -1.4809606697646251}, {'position': 3, 'category': 'backend', 'score': -1.924407107792193}, {'position': 4, 'category': 'datascience', 'score': -2.078461825332602}]",,1,82,82,frontend,aceptada,False,False,False
f7e38356-eb4e-42a0-8aed-b6f0b74a9337,83,2026-08-06T03:16:41.238+00:00,str,your pipeline is 22.4h behind: catching space sentiment leads with pulsebit your pipeline is 22.4h behind: catching space sentiment leads with pulsebit your pipeline is 22.4 hours behind: catching space sentiment leads with pulsebit we. 22.4 hours 22.4 hours,258,39,True,Inferencia completada.,aceptada,datascience,backend,1.380197117797818,-1.1868657720675375,2.5670628898653556,Alta,28,Predicción automática,False,True,[],"[{'position': 1, 'category': 'datascience', 'score': 1.380197117797818}, {'position': 2, 'category': 'backend', 'score': -1.1868657720675375}, {'position': 3, 'category': 'frontend', 'score': -1.3922310296776352}, {'position': 4, 'category': 'cloud', 'score': -1.9783777769671431}]",,1,83,83,datascience,aceptada,False,False,False
f7e38356-eb4e-42a0-8aed-b6f0b74a9337,84,2026-08-06T03:16:41.238+00:00,str,app builders that create real functionality and backends app builders that create real functionality and backends which ai app builders actually create real backend functionality database auth apis and payments a practical guide for founders and indie hackers. ai ai,266,40,True,Inferencia completada.,aceptada,backend,frontend,1.9157600245854836,-1.4027558363419268,3.3185158609274104,Muy alta,30,Predicción automática,False,True,[],"[{'position': 1, 'category': 'backend', 'score': 1.9157600245854836}, {'position': 2, 'category': 'frontend', 'score': -1.4027558363419268}, {'position': 3, 'category': 'cloud', 'score': -1.5847000565131206}, {'position': 4, 'category': 'datascience', 'score': -1.971513897067442}]",,1,84,84,backend,aceptada,False,False,False
f7e38356-eb4e-42a0-8aed-b6f0b74a9337,85,2026-08-06T03:16:41.238+00:00,str,next.js route groups parallel routes and intercepting routes: advanced routing patterns next.js route groups parallel routes and intercepting routes: advanced routing patterns next.js route groups parallel routes and intercepting routes: advanced routing. next.js next.js,271,34,True,Inferencia completada.,revision,frontend,backend,0.9104458314839875,-0.9003659071989576,1.8108117386829452,Alta,10,Revisión humana recomendada,True,True,['Cobertura reducida del vocabulario.'],"[{'position': 1, 'category': 'frontend', 'score': 0.9104458314839875}, {'position': 2, 'category': 'backend', 'score': -0.9003659071989576}, {'position': 3, 'category': 'cloud', 'score': -1.4810895951630259}, {'position': 4, 'category': 'datascience', 'score': -1.5109202113828397}]",,1,85,85,frontend,revision,False,False,True
f7e38356-eb4e-42a0-8aed-b6f0b74a9337,86,2026-08-06T03:16:41.238+00:00,str,your pipeline is 14.9h behind: catching data science sentiment leads with pulsebit your pipeline is 14.9h behind: catching data science sentiment leads with pulsebit your pipeline just missed a 24h momentum spike of +0.475. this isn t just a minor oversight it.,261,42,True,Inferencia completada.,aceptada,datascience,frontend,2.7588035145796534,-1.8916061241829407,4.650409638762595,Muy alta,45,Predicción automática,False,True,[],"[{'position': 1, 'category': 'datascience', 'score': 2.7588035145796534}, {'position': 2, 'category': 'frontend', 'score': -1.8916061241829407}, {'position': 3, 'category': 'backend', 'score': -1.997360069107153}, {'position': 4, 'category': 'cloud', 'score': -2.1221619182817415}]",,1,86,86,datascience,aceptada,False,False,False
f7e38356-eb4e-42a0-8aed-b6f0b74a9337,87,2026-08-06T03:16:41.238+00:00,str,a deep dive into 3-2-1 backup strategy a deep dive into 3-2-1 backup strategy among the many frameworks and methodologies available to data protection professionals few have.,174,27,True,Inferencia completada.,aceptada,cloud,frontend,1.240041619259256,-1.3837333318761045,2.6237749511353607,Alta,34,Predicción automática,False,True,[],"[{'position': 1, 'category': 'cloud', 'score': 1.240041619259256}, {'position': 2, 'category': 'frontend', 'score': -1.3837333318761045}, {'position': 3, 'category': 'datascience', 'score': -1.5530877259187443}, {'position': 4, 'category': 'backend', 'score': -1.5582250677936944}]",,1,87,87,cloud,aceptada,False,False,False
f7e38356-eb4e-42a0-8aed-b6f0b74a9337,88,2026-08-06T03:16:41.238+00:00,str,kafka is not a queue and treating it like one will wreck your system kafka is not a queue and treating it like one will wreck your system stop treating kafka like a queue a story about silent lag vanishing messages and the. stop treating kafka stop treating kafka,263,49,True,Inferencia completada.,aceptada,backend,datascience,1.7037596686357874,-1.3465030805910532,3.0502627492268406,Alta,29,Predicción automática,False,True,[],"[{'position': 1, 'category': 'backend', 'score': 1.7037596686357874}, {'position': 2, 'category': 'datascience', 'score': -1.3465030805910532}, {'position': 3, 'category': 'frontend', 'score': -1.4173021653152307}, {'position': 4, 'category': 'cloud', 'score': -1.513308628546369}]",,1,88,88,backend,aceptada,False,False,False
f7e38356-eb4e-42a0-8aed-b6f0b74a9337,89,2026-08-06T03:16:41.238+00:00,str,multi-device adaptive statistics backend: development practice for mobile/tablet operations dashboard adaptation multi-device adaptive statistics backend: development practice for mobile/tablet operations dashboard adaptation many cross-border purchasing agent and consolidated warehouse operators need to view real-time order.,327,35,True,Inferencia completada.,aceptada,backend,frontend,1.0943096447222533,-0.976721525017111,2.0710311697393644,Alta,22,Predicción automática,False,True,[],"[{'position': 1, 'category': 'backend', 'score': 1.0943096447222533}, {'position': 2, 'category': 'frontend', 'score': -0.976721525017111}, {'position': 3, 'category': 'cloud', 'score': -1.3653482502151335}, {'position': 4, 'category': 'datascience', 'score': -1.8192815217593403}]",,1,89,89,backend,aceptada,False,False,False
f7e38356-eb4e-42a0-8aed-b6f0b74a9337,90,2026-08-06T03:16:41.238+00:00,str,why your frontend needs a canary release more than backend why your frontend needs a canary release more than backend let s settle this debate right away: canary deployments for frontends are not overkill they re.,213,36,True,Inferencia completada.,aceptada,frontend,backend,0.6303759714526483,-0.198980015680156,0.8293559871328043,Media,30,Predicción automática con monitoreo,False,True,[],"[{'position': 1, 'category': 'frontend', 'score': 0.6303759714526483}, {'position': 2, 'category': 'backend', 'score': -0.198980015680156}, {'position': 3, 'category': 'cloud', 'score': -1.8110979242994856}, {'position': 4, 'category': 'datascience', 'score': -1.8654535269826689}]",,1,90,90,frontend,aceptada,False,False,False
f7e38356-eb4e-42a0-8aed-b6f0b74a9337,91,2026-08-06T03:16:41.238+00:00,str,meet scalix world the ai-native neocloud meet scalix world the ai-native neocloud yesterday we took scalix world public quietly the way we like it. the question that. yesterday scalix world yesterday scalix world,212,33,True,Inferencia completada.,revision,backend,datascience,0.11196900588899161,-0.10710437837063136,0.21907338425962297,Crítica,18,Revisión humana prioritaria,True,True,['Las dos categorías principales tienen puntuaciones muy cercanas.'],"[{'position': 1, 'category': 'backend', 'score': 0.11196900588899161}, {'position': 2, 'category': 'datascience', 'score': -0.10710437837063136}, {'position': 3, 'category': 'frontend', 'score': -1.2635232376071994}, {'position': 4, 'category': 'cloud', 'score': -1.495676069005138}]",,1,91,91,backend,revision,False,True,False
f7e38356-eb4e-42a0-8aed-b6f0b74a9337,92,2026-08-06T03:16:41.238+00:00,str,cloud migration strategies for enterprise digital transformation cloud migration strategies for enterprise digital transformation cloud migration is one of those initiatives that looks straightforward on paper but quickly becomes.,230,29,True,Inferencia completada.,aceptada,cloud,frontend,1.5041719838873138,-1.3113986635835717,2.8155706474708855,Alta,29,Predicción automática,False,True,[],"[{'position': 1, 'category': 'cloud', 'score': 1.5041719838873138}, {'position': 2, 'category': 'frontend', 'score': -1.3113986635835717}, {'position': 3, 'category': 'datascience', 'score': -1.420362654345147}, {'position': 4, 'category': 'backend', 'score': -1.7458678946160306}]",,1,92,92,cloud,aceptada,False,False,False
f7e38356-eb4e-42a0-8aed-b6f0b74a9337,93,2026-08-06T03:16:41.238+00:00,str,grid in html grid in html what is css grid css grid is a two-dimensional layout system that allows developers to arrange. css grid css grid,139,26,True,Inferencia completada.,aceptada,frontend,datascience,2.475200445600551,-1.8204927132888988,4.29569315888945,Muy alta,18,Predicción automática,False,True,[],"[{'position': 1, 'category': 'frontend', 'score': 2.475200445600551}, {'position': 2, 'category': 'datascience', 'score': -1.8204927132888988}, {'position': 3, 'category': 'cloud', 'score': -1.9624710711666347}, {'position': 4, 'category': 'backend', 'score': -1.9661163008028542}]",,1,93,93,frontend,aceptada,False,False,False
f7e38356-eb4e-42a0-8aed-b6f0b74a9337,94,2026-08-06T03:16:41.238+00:00,str,building a resilient edge-orchestrated data pipeline for real-time traffic monitoring building a resilient edge-orchestrated data pipeline for real-time traffic monitoring building a resilient edge-orchestrated data pipeline for real-time traffic monitoring,257,30,True,Inferencia completada.,revision,frontend,datascience,0.9584472488426995,-1.3744986430970725,2.332945891939772,Alta,15,Revisión humana recomendada,True,True,['Cobertura reducida del vocabulario.'],"[{'position': 1, 'category': 'frontend', 'score': 0.9584472488426995}, {'position': 2, 'category': 'datascience', 'score': -1.3744986430970725}, {'position': 3, 'category': 'cloud', 'score': -1.4454890220143217}, {'position': 4, 'category': 'backend', 'score': -1.49206103750132}]",,1,94,94,frontend,revision,False,False,True
f7e38356-eb4e-42a0-8aed-b6f0b74a9337,95,2026-08-06T03:16:41.238+00:00,str,your pipeline is 23.7h behind: catching fashion sentiment leads with pulsebit your pipeline is 23.7h behind: catching fashion sentiment leads with pulsebit your pipeline is 23.7h behind: catching fashion sentiment leads with pulsebit we recently. 23.7h 23.7h,258,37,True,Inferencia completada.,aceptada,datascience,frontend,1.5036839208080983,-1.3175912259611708,2.821275146769269,Alta,26,Predicción automática,False,True,[],"[{'position': 1, 'category': 'datascience', 'score': 1.5036839208080983}, {'position': 2, 'category': 'frontend', 'score': -1.3175912259611708}, {'position': 3, 'category': 'backend', 'score': -1.6129584423004069}, {'position': 4, 'category': 'cloud', 'score': -1.9063067463412557}]",,1,95,95,datascience,aceptada,False,False,False
f7e38356-eb4e-42a0-8aed-b6f0b74a9337,96,2026-08-06T03:16:41.238+00:00,str,render vs railway vs fly.io: pricing compared 2026 render vs railway vs fly.io: pricing compared 2026 how render railway and fly.io actually charge you free tiers plan fees and per-second usage with a side-by-side table and when each one wins. railway second railway second,273,44,True,Inferencia completada.,aceptada,cloud,datascience,0.6527289957509211,-0.8266641280570053,1.4793931238079265,Media,33,Predicción automática con monitoreo,False,True,[],"[{'position': 1, 'category': 'cloud', 'score': 0.6527289957509211}, {'position': 2, 'category': 'datascience', 'score': -0.8266641280570053}, {'position': 3, 'category': 'backend', 'score': -0.8729064333923902}, {'position': 4, 'category': 'frontend', 'score': -2.0130358937417845}]",,1,96,96,cloud,aceptada,False,False,False
f7e38356-eb4e-42a0-8aed-b6f0b74a9337,97,2026-08-06T03:16:41.238+00:00,str,setting up litellm sdk + proxy gateway setting up litellm sdk + proxy gateway a practical step-by-step experience setting up litellm as a multi-provider llm abstraction layer and local proxy gateway. llm llm,207,33,True,Inferencia completada.,aceptada,backend,cloud,0.10611883106656039,-0.8040955666713874,0.9102143977379478,Media,24,Predicción automática con monitoreo,False,True,[],"[{'position': 1, 'category': 'backend', 'score': 0.10611883106656039}, {'position': 2, 'category': 'cloud', 'score': -0.8040955666713874}, {'position': 3, 'category': 'frontend', 'score': -1.0473360718349847}, {'position': 4, 'category': 'datascience', 'score': -1.158861687696776}]",,1,97,97,backend,aceptada,False,False,False
f7e38356-eb4e-42a0-8aed-b6f0b74a9337,98,2026-08-06T03:16:41.238+00:00,str,integrating accessibility qa into your ci/cd pipeline integrating accessibility qa into your ci/cd pipeline integrating accessibility qa into your ci/cd pipeline integrating accessibility. ci pipeline integrating accessibility ci pipeline integrating accessibility,264,31,True,Inferencia completada.,revision,frontend,cloud,0.19480632610348048,-0.6719871966643337,0.8667935227678142,Media,12,Revisión humana recomendada,True,True,['Cobertura reducida del vocabulario.'],"[{'position': 1, 'category': 'frontend', 'score': 0.19480632610348048}, {'position': 2, 'category': 'cloud', 'score': -0.6719871966643337}, {'position': 3, 'category': 'backend', 'score': -0.9338750515509988}, {'position': 4, 'category': 'datascience', 'score': -1.4541561232871667}]",,1,98,98,frontend,revision,False,False,True
f7e38356-eb4e-42a0-8aed-b6f0b74a9337,99,2026-08-06T03:16:41.238+00:00,str,analyzing sports data: tuchel worried about right-back situation what the numbers say analyzing sports data: tuchel worried about right-back situation what the numbers say analyzing sports data: tuchel worried about right-back situation what the numbers. numbers analyzing sports data numbers analyzing sports data,314,43,True,Inferencia completada.,aceptada,datascience,backend,2.065602054059648,-1.1970980747324869,3.262700128792135,Alta,17,Predicción automática,False,True,[],"[{'position': 1, 'category': 'datascience', 'score': 2.065602054059648}, {'position': 2, 'category': 'backend', 'score': -1.1970980747324869}, {'position': 3, 'category': 'frontend', 'score': -1.5694908633005125}, {'position': 4, 'category': 'cloud', 'score': -1.6156827833607161}]",,1,99,99,datascience,aceptada,False,False,False
f7e38356-eb4e-42a0-8aed-b6f0b74a9337,100,2026-08-06T03:16:41.238+00:00,str,60fps real-time graphics: offscreencanvas in next.js 60fps real-time graphics: offscreencanvas in next.js the interactive dashboard bottleneck modern enterprise platforms at smart tech devs demand. smart tech devs smart tech devs,229,30,True,Inferencia completada.,aceptada,frontend,backend,0.3808610430359125,-0.5025742131156689,0.8834352561515814,Media,23,Predicción automática con monitoreo,False,True,[],"[{'position': 1, 'category': 'frontend', 'score': 0.3808610430359125}, {'position': 2, 'category': 'backend', 'score': -0.5025742131156689}, {'position': 3, 'category': 'cloud', 'score': -1.5012962430011858}, {'position': 4, 'category': 'datascience', 'score': -1.585700165506426}]",,1,100,100,frontend,aceptada,False,False,False
f7e38356-eb4e-42a0-8aed-b6f0b74a9337,101,2026-08-06T03:16:41.238+00:00,str,the complete guide to openstack deployment tools 2026 edition the complete guide to openstack deployment tools 2026 edition which tool should you use to deploy openstack in 2026 this guide covers every major option from. openstack openstack,240,37,True,Inferencia completada.,revision,frontend,cloud,-0.22225515244767285,-0.3271670442236873,0.10491189177601445,Crítica,31,Revisión humana prioritaria,True,True,['Las dos categorías principales tienen puntuaciones muy cercanas.'],"[{'position': 1, 'category': 'frontend', 'score': -0.22225515244767285}, {'position': 2, 'category': 'cloud', 'score': -0.3271670442236873}, {'position': 3, 'category': 'backend', 'score': -0.6421758356138885}, {'position': 4, 'category': 'datascience', 'score': -1.985789041697631}]",,1,101,101,frontend,revision,False,True,False
f7e38356-eb4e-42a0-8aed-b6f0b74a9337,102,2026-08-06T03:16:41.238+00:00,str,day 111 of learning mern stack day 111 of learning mern stack hello dev community it is officially day 111 of my software engineering marathon today i.,151,27,True,Inferencia completada.,aceptada,frontend,backend,1.2769363319474247,-0.7332518229793044,2.010188154926729,Alta,34,Predicción automática,False,True,[],"[{'position': 1, 'category': 'frontend', 'score': 1.2769363319474247}, {'position': 2, 'category': 'backend', 'score': -0.7332518229793044}, {'position': 3, 'category': 'cloud', 'score': -1.198236390958944}, {'position': 4, 'category': 'datascience', 'score': -1.598270506758665}]",,1,102,102,frontend,aceptada,False,False,False
f7e38356-eb4e-42a0-8aed-b6f0b74a9337,103,2026-08-06T03:16:41.238+00:00,str,managed postgres databases across aws azure gcp weekly benchmarks for jun 18 jun 24 2026 managed postgres databases across aws azure gcp weekly benchmarks for jun 18 jun 24 2026 managed postgres databases weekly provisioning benchmarks window: jun 18 jun 24,257,41,True,Inferencia completada.,aceptada,cloud,datascience,1.75267676739089,-1.483776199016316,3.236452966407206,Alta,33,Predicción automática,False,True,[],"[{'position': 1, 'category': 'cloud', 'score': 1.75267676739089}, {'position': 2, 'category': 'datascience', 'score': -1.483776199016316}, {'position': 3, 'category': 'frontend', 'score': -1.5913723211667183}, {'position': 4, 'category': 'backend', 'score': -1.6086215664591839}]",,1,103,103,cloud,aceptada,False,False,False
f7e38356-eb4e-42a0-8aed-b6f0b74a9337,104,2026-08-06T03:16:41.238+00:00,str,fast cloud storage: speed up your data access fast cloud storage: speed up your data access are you looking into fast cloud storage here s a quick overview of what you need to know. discover.,191,35,True,Inferencia completada.,aceptada,cloud,datascience,2.40230723960866,-1.4153277566722056,3.8176349962808658,Muy alta,41,Predicción automática,False,True,[],"[{'position': 1, 'category': 'cloud', 'score': 2.40230723960866}, {'position': 2, 'category': 'datascience', 'score': -1.4153277566722056}, {'position': 3, 'category': 'backend', 'score': -1.7905541145932191}, {'position': 4, 'category': 'frontend', 'score': -2.3894600309055183}]",,1,104,104,cloud,aceptada,False,False,False
f7e38356-eb4e-42a0-8aed-b6f0b74a9337,105,2026-08-06T03:16:41.238+00:00,str,what learning graphic design is teaching me about front-end development what learning graphic design is teaching me about front-end development i m a junior front-end developer about a year in. i started learning graphic design at alx because. alx about a year alx about a year,277,46,True,Inferencia completada.,aceptada,frontend,backend,0.7459637246376364,-0.48787949374836564,1.233843218386002,Media,27,Predicción automática con monitoreo,False,True,[],"[{'position': 1, 'category': 'frontend', 'score': 0.7459637246376364}, {'position': 2, 'category': 'backend', 'score': -0.48787949374836564}, {'position': 3, 'category': 'datascience', 'score': -1.5384974251853247}, {'position': 4, 'category': 'cloud', 'score': -1.7296566997385987}]",,1,105,105,frontend,aceptada,False,False,False
f7e38356-eb4e-42a0-8aed-b6f0b74a9337,106,2026-08-06T03:16:41.238+00:00,str,your pipeline is 27.9h behind: catching sports sentiment leads with pulsebit your pipeline is 27.9h behind: catching sports sentiment leads with pulsebit your pipeline just missed a significant anomaly: a 24h momentum spike of +0.221 in the sports.,248,38,True,Inferencia completada.,aceptada,datascience,backend,1.9410131695521007,-1.352035094795954,3.2930482643480548,Alta,44,Predicción automática,False,True,[],"[{'position': 1, 'category': 'datascience', 'score': 1.9410131695521007}, {'position': 2, 'category': 'backend', 'score': -1.352035094795954}, {'position': 3, 'category': 'frontend', 'score': -1.7677338420140791}, {'position': 4, 'category': 'cloud', 'score': -1.8878154521466288}]",,1,106,106,datascience,aceptada,False,False,False
f7e38356-eb4e-42a0-8aed-b6f0b74a9337,107,2026-08-06T03:16:41.238+00:00,str,the real cost of running your own llm vs calling an api the real cost of running your own llm vs calling an api a practical 2026 cost breakdown of self-hosting an open llm versus calling a hosted api: real gpu prices the break-even token volume the hidden engineering costs nobody budgets for and when each option actually wins. gpu api gpu api,344,63,True,Inferencia completada.,revision,cloud,backend,0.045747519426382666,-0.2233227357589409,0.26907025518532357,Baja,51,Revisión humana recomendada,True,True,['El margen de decisión es reducido.'],"[{'position': 1, 'category': 'cloud', 'score': 0.045747519426382666}, {'position': 2, 'category': 'backend', 'score': -0.2233227357589409}, {'position': 3, 'category': 'datascience', 'score': -1.365844043846503}, {'position': 4, 'category': 'frontend', 'score': -1.5324609120409387}]",,1,107,107,cloud,revision,False,True,False
f7e38356-eb4e-42a0-8aed-b6f0b74a9337,108,2026-08-06T03:16:41.238+00:00,str,rag is not a chatbot feature. it is production ai infrastructure. rag is not a chatbot feature. it is production ai infrastructure. most enterprise rag failures are not model failures. they are infrastructure failures. the demo.,228,36,True,Inferencia completada.,revision,cloud,datascience,0.30951797906273215,-0.23219957933534918,0.5417175583980813,Baja,27,Revisión humana recomendada,True,True,['El margen de decisión es reducido.'],"[{'position': 1, 'category': 'cloud', 'score': 0.30951797906273215}, {'position': 2, 'category': 'datascience', 'score': -0.23219957933534918}, {'position': 3, 'category': 'backend', 'score': -0.6170685969155554}, {'position': 4, 'category': 'frontend', 'score': -2.24010244292235}]",,1,108,108,cloud,revision,False,True,False
f7e38356-eb4e-42a0-8aed-b6f0b74a9337,109,2026-08-06T03:16:41.238+00:00,str,css gradient angles: a complete guide 0deg to 360deg css gradient angles: a complete guide 0deg to 360deg if you ve ever typed linear-gradient 135deg and wondered why 135deg produces that particular. 135deg 135deg,213,34,True,Inferencia completada.,aceptada,frontend,backend,1.0098282254431892,-1.2532255186027172,2.2630537440459064,Alta,24,Predicción automática,False,True,[],"[{'position': 1, 'category': 'frontend', 'score': 1.0098282254431892}, {'position': 2, 'category': 'backend', 'score': -1.2532255186027172}, {'position': 3, 'category': 'datascience', 'score': -1.452611140050029}, {'position': 4, 'category': 'cloud', 'score': -1.5936312163246922}]",,1,109,109,frontend,aceptada,False,False,False
f7e38356-eb4e-42a0-8aed-b6f0b74a9337,110,2026-08-06T03:16:41.238+00:00,str,spring boot actuator: what to expose what to hide and what to check before adding endpoints spring boot actuator: what to expose what to hide and what to check before adding endpoints actuator isn t the problem. the problem is enabling it without a clear exposure policy. a pragmatic guide to using it as an operational tool without turning it into unnecessary public attack surface.,383,65,True,Inferencia completada.,revision,cloud,backend,-0.1576113723795448,-0.24513252216033632,0.08752114978079151,Crítica,57,Revisión humana prioritaria,True,True,['Las dos categorías principales tienen puntuaciones muy cercanas.'],"[{'position': 1, 'category': 'cloud', 'score': -0.1576113723795448}, {'position': 2, 'category': 'backend', 'score': -0.24513252216033632}, {'position': 3, 'category': 'frontend', 'score': -1.123200292664503}, {'position': 4, 'category': 'datascience', 'score': -1.3137382692663233}]",,1,110,110,cloud,revision,False,True,False
f7e38356-eb4e-42a0-8aed-b6f0b74a9337,111,2026-08-06T03:16:41.238+00:00,str,finding anomalies in medicare data with duckdb and python finding anomalies in medicare data with duckdb and python public healthcare datasets are some of the largest open data you can get your hands on. the cms. cms cms,220,38,True,Inferencia completada.,aceptada,datascience,backend,1.1053234065314457,-1.131015644081006,2.2363390506124516,Alta,31,Predicción automática,False,True,[],"[{'position': 1, 'category': 'datascience', 'score': 1.1053234065314457}, {'position': 2, 'category': 'backend', 'score': -1.131015644081006}, {'position': 3, 'category': 'cloud', 'score': -1.3316494288185545}, {'position': 4, 'category': 'frontend', 'score': -1.356514879510963}]",,1,111,111,datascience,aceptada,False,False,False
f7e38356-eb4e-42a0-8aed-b6f0b74a9337,112,2026-08-06T03:16:41.238+00:00,str,fix business email dns settings usa step-by-step fix business email dns settings usa step-by-step fix business email dns settings usa involves correcting your domain s dns records so that email. usa dns usa dns,210,34,True,Inferencia completada.,revision,backend,cloud,-0.3917903992577606,-0.4553286094879866,0.06353821023022599,Crítica,15,Revisión humana prioritaria,True,True,"['Cobertura reducida del vocabulario.', 'Las dos categorías principales tienen puntuaciones muy cercanas.']","[{'position': 1, 'category': 'backend', 'score': -0.3917903992577606}, {'position': 2, 'category': 'cloud', 'score': -0.4553286094879866}, {'position': 3, 'category': 'datascience', 'score': -1.1977713190985115}, {'position': 4, 'category': 'frontend', 'score': -1.2432547711492798}]",,1,112,112,backend,revision,False,True,True
f7e38356-eb4e-42a0-8aed-b6f0b74a9337,113,2026-08-06T03:16:41.238+00:00,str,world cup 2026: spain s 9-goal rampage exposes the 48-team format s most dangerous statistical illusion jun 28 world cup 2026: spain s 9-goal rampage exposes the 48-team format s most dangerous statistical illusion jun 28 spain just scored 9 goals across two matches 4-0 vs saudi arabia 1-0 vs uruguay everyone s. saudi arabia spain uruguay saudi arabia spain uruguay,367,61,True,Inferencia completada.,aceptada,datascience,cloud,1.4501479607991383,-1.1586126788857118,2.60876063968485,Alta,43,Predicción automática,False,True,[],"[{'position': 1, 'category': 'datascience', 'score': 1.4501479607991383}, {'position': 2, 'category': 'cloud', 'score': -1.1586126788857118}, {'position': 3, 'category': 'backend', 'score': -1.2948315313233678}, {'position': 4, 'category': 'frontend', 'score': -1.7228860001430806}]",,1,113,113,datascience,aceptada,False,False,False
f7e38356-eb4e-42a0-8aed-b6f0b74a9337,114,2026-08-06T03:16:41.238+00:00,str,skill verification for data roles: what employers should know skill verification for data roles: what employers should know hiring for data roles is becoming more complex. companies need data analysts data scientists data.,222,33,True,Inferencia completada.,aceptada,datascience,frontend,0.9388279284022989,-1.0029478966829104,1.9417758250852093,Alta,23,Predicción automática,False,True,[],"[{'position': 1, 'category': 'datascience', 'score': 0.9388279284022989}, {'position': 2, 'category': 'frontend', 'score': -1.0029478966829104}, {'position': 3, 'category': 'cloud', 'score': -1.1187921036031354}, {'position': 4, 'category': 'backend', 'score': -1.2970228906812657}]",,1,114,114,datascience,aceptada,False,False,False
f7e38356-eb4e-42a0-8aed-b6f0b74a9337,115,2026-08-06T03:16:41.238+00:00,str,how to debug anything: a systematic tutorial for software engineers how to debug anything: a systematic tutorial for software engineers how to debug anything: a systematic tutorial for software engineers debugging is a skill.,225,34,True,Inferencia completada.,revision,frontend,backend,-0.12064911666441325,-0.6002708691756415,0.4796217525112283,Baja,20,Revisión humana recomendada,True,True,['El margen de decisión es reducido.'],"[{'position': 1, 'category': 'frontend', 'score': -0.12064911666441325}, {'position': 2, 'category': 'backend', 'score': -0.6002708691756415}, {'position': 3, 'category': 'cloud', 'score': -0.7884557284153227}, {'position': 4, 'category': 'datascience', 'score': -1.02669073245539}]",,1,115,115,frontend,revision,False,True,False
f7e38356-eb4e-42a0-8aed-b6f0b74a9337,116,2026-08-06T03:16:41.238+00:00,str,build medium-style trending pages hot new top for any tag build medium-style trending pages hot new top for any tag build medium-style trending pages hot new top for any tag readers trust best of. build medium-style trending pages build medium-style trending pages,264,42,True,Inferencia completada.,revision,frontend,datascience,0.4985774731371838,-0.8530702395565766,1.3516477126937603,Media,11,Revisión humana recomendada,True,True,['Cobertura reducida del vocabulario.'],"[{'position': 1, 'category': 'frontend', 'score': 0.4985774731371838}, {'position': 2, 'category': 'datascience', 'score': -0.8530702395565766}, {'position': 3, 'category': 'cloud', 'score': -0.9624650331698892}, {'position': 4, 'category': 'backend', 'score': -1.3310510538882734}]",,1,116,116,frontend,revision,False,False,True
f7e38356-eb4e-42a0-8aed-b6f0b74a9337,117,2026-08-06T03:16:41.238+00:00,str,building a resilient edge compute router: a practical guide to low-latency geographically distribute building a resilient edge compute router: a practical guide to low-latency geographically distribute building a resilient edge compute router: a practical guide to low-latency geographically.,292,38,True,Inferencia completada.,aceptada,frontend,cloud,2.3301517726135943,-1.4527834539480105,3.7829352265616047,Muy alta,17,Predicción automática,False,True,[],"[{'position': 1, 'category': 'frontend', 'score': 2.3301517726135943}, {'position': 2, 'category': 'cloud', 'score': -1.4527834539480105}, {'position': 3, 'category': 'backend', 'score': -2.07480052721081}, {'position': 4, 'category': 'datascience', 'score': -2.258489099593938}]",,1,117,117,frontend,aceptada,False,False,False
f7e38356-eb4e-42a0-8aed-b6f0b74a9337,118,2026-08-06T03:16:41.238+00:00,str,geolocation and localization in web applications: internationalization time zones and region-specific features geolocation and localization in web applications: internationalization time zones and region-specific features geolocation and localization in web applications: internationalization time zones and.,308,34,True,Inferencia completada.,revision,frontend,backend,0.6873738560582664,-1.025388125144378,1.7127619812026444,Media,10,Revisión humana recomendada,True,True,['Cobertura reducida del vocabulario.'],"[{'position': 1, 'category': 'frontend', 'score': 0.6873738560582664}, {'position': 2, 'category': 'backend', 'score': -1.025388125144378}, {'position': 3, 'category': 'cloud', 'score': -1.1906021689791073}, {'position': 4, 'category': 'datascience', 'score': -1.4416852303857817}]",,1,118,118,frontend,revision,False,False,True
f7e38356-eb4e-42a0-8aed-b6f0b74a9337,119,2026-08-06T03:16:41.238+00:00,str,the disk-level architecture of oltp vs. olap the disk-level architecture of oltp vs. olap every backend engineer has seen this happen you build an application on a relational database like.,189,30,True,Inferencia completada.,aceptada,backend,frontend,1.1762333202437616,-1.3030000327233893,2.479233352967151,Alta,27,Predicción automática,False,True,[],"[{'position': 1, 'category': 'backend', 'score': 1.1762333202437616}, {'position': 2, 'category': 'frontend', 'score': -1.3030000327233893}, {'position': 3, 'category': 'datascience', 'score': -1.385665977228481}, {'position': 4, 'category': 'cloud', 'score': -1.5472711890936648}]",,1,119,119,backend,aceptada,False,False,False
f7e38356-eb4e-42a0-8aed-b6f0b74a9337,120,2026-08-06T03:16:41.238+00:00,str,your pipeline is 21.7h behind: catching mobile sentiment leads with pulsebit your pipeline is 21.7h behind: catching mobile sentiment leads with pulsebit your pipeline is 21.7h behind: catching mobile sentiment leads with pulsebit we recently. 21.7h 21.7h,255,37,True,Inferencia completada.,aceptada,datascience,frontend,2.3300704866251087,-1.6409576033827609,3.9710280900078696,Muy alta,23,Predicción automática,False,True,[],"[{'position': 1, 'category': 'datascience', 'score': 2.3300704866251087}, {'position': 2, 'category': 'frontend', 'score': -1.6409576033827609}, {'position': 3, 'category': 'backend', 'score': -1.6599714848247404}, {'position': 4, 'category': 'cloud', 'score': -2.6174404521107135}]",,1,120,120,datascience,aceptada,False,False,False
f7e38356-eb4e-42a0-8aed-b6f0b74a9337,121,2026-08-06T03:16:41.238+00:00,str,from dockerfile to docker hub: a complete beginner s guide to docker from dockerfile to docker hub: a complete beginner s guide to docker containerization has become a fundamental skill for devops engineers cloud engineers and software. cloud engineers software devops engineers cloud engineers software devops engineers,320,47,True,Inferencia completada.,aceptada,cloud,frontend,1.9829976213726135,-1.0555515588336526,3.038549180206266,Alta,30,Predicción automática,False,True,[],"[{'position': 1, 'category': 'cloud', 'score': 1.9829976213726135}, {'position': 2, 'category': 'frontend', 'score': -1.0555515588336526}, {'position': 3, 'category': 'datascience', 'score': -1.9529100289280188}, {'position': 4, 'category': 'backend', 'score': -2.023796386020821}]",,1,121,121,cloud,aceptada,False,False,False
f7e38356-eb4e-42a0-8aed-b6f0b74a9337,122,2026-08-06T03:16:41.238+00:00,str,when feature importance lies: target encoding at the noise floor when feature importance lies: target encoding at the noise floor we built a feature that dominated our model s importance rankings. across four random seeds and three.,232,37,True,Inferencia completada.,revision,datascience,backend,0.019133945383554063,-0.28308404967013645,0.3022179950536905,Baja,27,Revisión humana recomendada,True,True,['El margen de decisión es reducido.'],"[{'position': 1, 'category': 'datascience', 'score': 0.019133945383554063}, {'position': 2, 'category': 'backend', 'score': -0.28308404967013645}, {'position': 3, 'category': 'frontend', 'score': -0.99246146481107}, {'position': 4, 'category': 'cloud', 'score': -1.5519596044490842}]",,1,122,122,datascience,revision,False,True,False
f7e38356-eb4e-42a0-8aed-b6f0b74a9337,123,2026-08-06T03:16:41.238+00:00,str,monitoring a kubernetes cluster with opentelemetry collector: agent + gateway pattern that actually works monitoring a kubernetes cluster with opentelemetry collector: agent + gateway pattern that actually works learn how to effectively monitor a kubernetes cluster using the opentelemetry collector with an agent + gateway pattern. avoid reliability traps of single-collector setups and ensure robust monitoring kubernetes the opentelemetry collector kubernetes the opentelemetry collector,490,64,True,Inferencia completada.,aceptada,cloud,backend,0.9419106628030888,-0.8881355559163747,1.8300462187194635,Alta,44,Predicción automática,False,True,[],"[{'position': 1, 'category': 'cloud', 'score': 0.9419106628030888}, {'position': 2, 'category': 'backend', 'score': -0.8881355559163747}, {'position': 3, 'category': 'frontend', 'score': -1.1197217020010668}, {'position': 4, 'category': 'datascience', 'score': -1.604255653341406}]",,1,123,123,cloud,aceptada,False,False,False
f7e38356-eb4e-42a0-8aed-b6f0b74a9337,124,2026-08-06T03:16:41.238+00:00,str,the epsactual that wasn t: 15 of an llm backtest s trades were decided on data that didn t exist yet the epsactual that wasn t: 15 of an llm backtest s trades were decided on data that didn t exist yet vendor actual earnings get silently revised after the fact. we measured how much look-ahead bias that injects into an llm trading backtest and how to make a pipeline structurally refuse it. llm llm,399,75,True,Inferencia completada.,revision,datascience,backend,0.7233084888077752,0.049577121430389615,0.6737313673773856,Baja,50,Revisión humana recomendada,True,True,['El margen de decisión es reducido.'],"[{'position': 1, 'category': 'datascience', 'score': 0.7233084888077752}, {'position': 2, 'category': 'backend', 'score': 0.049577121430389615}, {'position': 3, 'category': 'cloud', 'score': -1.184471824597637}, {'position': 4, 'category': 'frontend', 'score': -2.1859368276452193}]",,1,124,124,datascience,revision,False,True,False
f7e38356-eb4e-42a0-8aed-b6f0b74a9337,125,2026-08-06T03:16:41.238+00:00,str,master ai agents for devops course online visualpath master ai agents for devops course online visualpath advance your devops career by learning ai agent technologies master #aiagentsfordevops with. your devops career learning ai agent technologies your devops career learning ai agent technologies,298,42,True,Inferencia completada.,aceptada,cloud,frontend,0.6232919821005621,-0.9784982292877449,1.6017902113883071,Media,24,Predicción automática con monitoreo,False,True,[],"[{'position': 1, 'category': 'cloud', 'score': 0.6232919821005621}, {'position': 2, 'category': 'frontend', 'score': -0.9784982292877449}, {'position': 3, 'category': 'datascience', 'score': -1.0181929646213241}, {'position': 4, 'category': 'backend', 'score': -1.2685315461413844}]",,1,125,125,cloud,aceptada,False,False,False
f7e38356-eb4e-42a0-8aed-b6f0b74a9337,126,2026-08-06T03:16:41.238+00:00,str,monorepo tools for frontend: nx turborepo and pnpm workspaces at scale monorepo tools for frontend: nx turborepo and pnpm workspaces at scale monorepo tools for frontend: nx turborepo and pnpm workspaces at scale turborepo monorepo turborepo monorepo,250,37,True,Inferencia completada.,revision,frontend,datascience,1.7583817010749394,-1.387886011294349,3.1462677123692884,Alta,11,Revisión humana recomendada,True,True,['Cobertura reducida del vocabulario.'],"[{'position': 1, 'category': 'frontend', 'score': 1.7583817010749394}, {'position': 2, 'category': 'datascience', 'score': -1.387886011294349}, {'position': 3, 'category': 'cloud', 'score': -1.6064325744299843}, {'position': 4, 'category': 'backend', 'score': -1.8435735556568131}]",,1,126,126,frontend,revision,False,False,True
f7e38356-eb4e-42a0-8aed-b6f0b74a9337,127,2026-08-06T03:16:41.238+00:00,str,boosting development efficiency: unpacking next.js chunkloaderror and middleware redirects boosting development efficiency: unpacking next.js chunkloaderror and middleware redirects boosting development efficiency: unpacking next.js chunkloaderror and middleware. middleware boosting development efficiency middleware boosting development efficiency,349,34,True,Inferencia completada.,revision,frontend,backend,-0.1181996364774166,-0.17687701364408437,0.058677377166667766,Crítica,7,Revisión humana prioritaria,True,True,"['Cobertura reducida del vocabulario.', 'Las dos categorías principales tienen puntuaciones muy cercanas.']","[{'position': 1, 'category': 'frontend', 'score': -0.1181996364774166}, {'position': 2, 'category': 'backend', 'score': -0.17687701364408437}, {'position': 3, 'category': 'datascience', 'score': -0.8542868272421981}, {'position': 4, 'category': 'cloud', 'score': -1.355154888758758}]",,1,127,127,frontend,revision,False,True,True
f7e38356-eb4e-42a0-8aed-b6f0b74a9337,128,2026-08-06T03:16:41.238+00:00,str,google/wire in go: compile-time di for hexagonal services google/wire in go: compile-time di for hexagonal services google/wire builds your go dependency graph at compile time. provider sets generated injectors and ports wired to adapters with no reflection. google google,272,39,True,Inferencia completada.,aceptada,backend,cloud,1.610525513136729,-1.0100154311029834,2.6205409442397123,Alta,27,Predicción automática,False,True,[],"[{'position': 1, 'category': 'backend', 'score': 1.610525513136729}, {'position': 2, 'category': 'cloud', 'score': -1.0100154311029834}, {'position': 3, 'category': 'datascience', 'score': -1.3807781114086708}, {'position': 4, 'category': 'frontend', 'score': -1.82966698625316}]",,1,128,128,backend,aceptada,False,False,False
f7e38356-eb4e-42a0-8aed-b6f0b74a9337,129,2026-08-06T03:16:41.238+00:00,str,the beginner s guide to private vs public ips ex-banking systems the beginner s guide to private vs public ips ex-banking systems when i first studied ip addresses i thought: private ips are only inside my router and public ips. ip ip,234,42,True,Inferencia completada.,aceptada,cloud,backend,0.7632830906334794,-0.8192048543051654,1.5824879449386449,Media,34,Predicción automática con monitoreo,False,True,[],"[{'position': 1, 'category': 'cloud', 'score': 0.7632830906334794}, {'position': 2, 'category': 'backend', 'score': -0.8192048543051654}, {'position': 3, 'category': 'datascience', 'score': -1.3393700916965297}, {'position': 4, 'category': 'frontend', 'score': -1.7193917202801838}]",,1,129,129,cloud,aceptada,False,False,False
f7e38356-eb4e-42a0-8aed-b6f0b74a9337,130,2026-08-06T03:16:41.238+00:00,str,the complete cloud storage guide for 2026: find your match the complete cloud storage guide for 2026: find your match are you looking into the complete cloud storage guide for 2026 here s a quick overview of what you.,217,39,True,Inferencia completada.,aceptada,cloud,datascience,3.1457332698788725,-1.6401653347212115,4.785898604600084,Muy alta,38,Predicción automática,False,True,[],"[{'position': 1, 'category': 'cloud', 'score': 3.1457332698788725}, {'position': 2, 'category': 'datascience', 'score': -1.6401653347212115}, {'position': 3, 'category': 'backend', 'score': -2.138105837881317}, {'position': 4, 'category': 'frontend', 'score': -2.362837975700928}]",,1,130,130,cloud,aceptada,False,False,False
f7e38356-eb4e-42a0-8aed-b6f0b74a9337,131,2026-08-06T03:16:41.238+00:00,str,debugging go with delve: beyond fmt.println debugging go with delve: beyond fmt.println stop printf-debugging go. learn delve breakpoints conditional breakpoints goroutine inspection and attaching to a live process. learn delve learn delve,239,32,True,Inferencia completada.,revision,backend,datascience,0.7325943061298407,-0.5732897803017959,1.3058840864316366,Media,15,Revisión humana recomendada,True,True,['Cobertura reducida del vocabulario.'],"[{'position': 1, 'category': 'backend', 'score': 0.7325943061298407}, {'position': 2, 'category': 'datascience', 'score': -0.5732897803017959}, {'position': 3, 'category': 'cloud', 'score': -1.5688810581720545}, {'position': 4, 'category': 'frontend', 'score': -1.5784694630036689}]",,1,131,131,backend,revision,False,False,True
f7e38356-eb4e-42a0-8aed-b6f0b74a9337,132,2026-08-06T03:16:41.238+00:00,str,html semantic form html semantic form just completed a simple contact form project using semantic html. practiced form validation,129,19,True,Inferencia completada.,aceptada,frontend,backend,1.801689008050253,-1.254448449385271,3.056137457435524,Alta,18,Predicción automática,False,True,[],"[{'position': 1, 'category': 'frontend', 'score': 1.801689008050253}, {'position': 2, 'category': 'backend', 'score': -1.254448449385271}, {'position': 3, 'category': 'datascience', 'score': -1.4263520566997472}, {'position': 4, 'category': 'cloud', 'score': -1.9743391435183404}]",,1,132,132,frontend,aceptada,False,False,False
f7e38356-eb4e-42a0-8aed-b6f0b74a9337,133,2026-08-06T03:16:41.238+00:00,str,enterprise data migration: how to plan and execute at scale enterprise data migration: how to plan and execute at scale introduction according to market research future mrfr the global data migration market. market research future mrfr market research future mrfr,263,40,True,Inferencia completada.,revision,datascience,cloud,0.39647555833452075,0.06088342413254977,0.335592134201971,Baja,21,Revisión humana recomendada,True,True,['El margen de decisión es reducido.'],"[{'position': 1, 'category': 'datascience', 'score': 0.39647555833452075}, {'position': 2, 'category': 'cloud', 'score': 0.06088342413254977}, {'position': 3, 'category': 'backend', 'score': -1.1194048135046824}, {'position': 4, 'category': 'frontend', 'score': -1.8479287393920818}]",,1,133,133,datascience,revision,False,True,False
f7e38356-eb4e-42a0-8aed-b6f0b74a9337,134,2026-08-06T03:16:41.238+00:00,str,your pipeline is 22.0h behind: catching culture sentiment leads with pulsebit your pipeline is 22.0h behind: catching culture sentiment leads with pulsebit your model just missed a significant anomaly: a 24h momentum spike of +0.248 in cultural sentiment.,255,38,True,Inferencia completada.,aceptada,datascience,backend,1.5031951609521519,-1.4954312837353645,2.9986264446875164,Alta,44,Predicción automática,False,True,[],"[{'position': 1, 'category': 'datascience', 'score': 1.5031951609521519}, {'position': 2, 'category': 'backend', 'score': -1.4954312837353645}, {'position': 3, 'category': 'frontend', 'score': -1.5093199948475542}, {'position': 4, 'category': 'cloud', 'score': -1.6820979364069624}]",,1,134,134,datascience,aceptada,False,False,False
f7e38356-eb4e-42a0-8aed-b6f0b74a9337,135,2026-08-06T03:16:41.238+00:00,str,your pipeline is 29.3h behind: catching world sentiment leads with pulsebit your pipeline is 29.3h behind: catching world sentiment leads with pulsebit your pipeline is 29.3h behind: catching world sentiment leads with pulsebit we just. 29.3h 29.3h,248,37,True,Inferencia completada.,aceptada,datascience,frontend,2.844269018174604,-1.7361408002708236,4.580409818445428,Muy alta,23,Predicción automática,False,True,[],"[{'position': 1, 'category': 'datascience', 'score': 2.844269018174604}, {'position': 2, 'category': 'frontend', 'score': -1.7361408002708236}, {'position': 3, 'category': 'backend', 'score': -1.7720951489851746}, {'position': 4, 'category': 'cloud', 'score': -2.472881326513853}]",,1,135,135,datascience,aceptada,False,False,False
f7e38356-eb4e-42a0-8aed-b6f0b74a9337,136,2026-08-06T03:16:41.238+00:00,str,ai does not replace judgment: a developer s view of financial model risk ai does not replace judgment: a developer s view of financial model risk artificial intelligence is becoming increasingly visible in financial research portfolio analytics,244,37,True,Inferencia completada.,revision,cloud,datascience,-0.1693960969565107,-0.3896013445348282,0.2202052475783175,Crítica,32,Revisión humana prioritaria,True,True,['Las dos categorías principales tienen puntuaciones muy cercanas.'],"[{'position': 1, 'category': 'cloud', 'score': -0.1693960969565107}, {'position': 2, 'category': 'datascience', 'score': -0.3896013445348282}, {'position': 3, 'category': 'backend', 'score': -0.6601865273541672}, {'position': 4, 'category': 'frontend', 'score': -1.3218064396619043}]",,1,136,136,cloud,revision,False,True,False
f7e38356-eb4e-42a0-8aed-b6f0b74a9337,137,2026-08-06T03:16:41.238+00:00,str,week 1 of my data analytics journey: discovering the power of excel in real-world data analysis week 1 of my data analytics journey: discovering the power of excel in real-world data analysis how excel is used in real-world data analysis as i begin my journey into data science and analytics data science and analytics data science and analytics,345,58,True,Inferencia completada.,aceptada,datascience,frontend,2.921575126356008,-1.8035176856179387,4.725092811973947,Muy alta,44,Predicción automática,False,True,[],"[{'position': 1, 'category': 'datascience', 'score': 2.921575126356008}, {'position': 2, 'category': 'frontend', 'score': -1.8035176856179387}, {'position': 3, 'category': 'backend', 'score': -1.928698034682267}, {'position': 4, 'category': 'cloud', 'score': -2.249824188770219}]",,1,137,137,datascience,aceptada,False,False,False
f7e38356-eb4e-42a0-8aed-b6f0b74a9337,138,2026-08-06T03:16:41.238+00:00,str,your pipeline is 22.1h behind: catching inflation sentiment leads with pulsebit your pipeline is 22.1h behind: catching inflation sentiment leads with pulsebit your pipeline is 22.1h behind: catching inflation sentiment leads with pulsebit we just. 22.1h 22.1h,260,37,True,Inferencia completada.,aceptada,datascience,frontend,1.5233458895875045,-1.2911855895344875,2.814531479121992,Alta,26,Predicción automática,False,True,[],"[{'position': 1, 'category': 'datascience', 'score': 1.5233458895875045}, {'position': 2, 'category': 'frontend', 'score': -1.2911855895344875}, {'position': 3, 'category': 'backend', 'score': -1.4494394464065192}, {'position': 4, 'category': 'cloud', 'score': -1.8470486377029363}]",,1,138,138,datascience,aceptada,False,False,False
f7e38356-eb4e-42a0-8aed-b6f0b74a9337,139,2026-08-06T03:16:41.238+00:00,str,how to integrate swiper.js in a react project step-by-step for modern slider implementation how to integrate swiper.js in a react project step-by-step for modern slider implementation how to build a responsive carousel in react with swiper.js if you re building an. swiper.js react build a responsive carousel swiper.js react build a responsive carousel,353,53,True,Inferencia completada.,aceptada,frontend,backend,1.3693821805588988,-1.2216417655800733,2.5910239461389724,Alta,33,Predicción automática,False,True,[],"[{'position': 1, 'category': 'frontend', 'score': 1.3693821805588988}, {'position': 2, 'category': 'backend', 'score': -1.2216417655800733}, {'position': 3, 'category': 'datascience', 'score': -1.535747156130228}, {'position': 4, 'category': 'cloud', 'score': -2.036243505377355}]",,1,139,139,frontend,aceptada,False,False,False
f7e38356-eb4e-42a0-8aed-b6f0b74a9337,140,2026-08-06T03:16:41.238+00:00,str,your pipeline is 26.7h behind: catching investing sentiment leads with pulsebit your pipeline is 26.7h behind: catching investing sentiment leads with pulsebit your pipeline is 26.7h behind: catching investing sentiment leads with pulsebit we ve. catching investing sentiment leads 26.7h catching investing sentiment leads 26.7h,328,45,True,Inferencia completada.,aceptada,datascience,frontend,1.3903815021200532,-1.190302693736951,2.580684195857004,Alta,26,Predicción automática,False,True,[],"[{'position': 1, 'category': 'datascience', 'score': 1.3903815021200532}, {'position': 2, 'category': 'frontend', 'score': -1.190302693736951}, {'position': 3, 'category': 'backend', 'score': -1.4306533938737624}, {'position': 4, 'category': 'cloud', 'score': -1.9354380050097637}]",,1,140,140,datascience,aceptada,False,False,False
f7e38356-eb4e-42a0-8aed-b6f0b74a9337,141,2026-08-06T03:16:41.238+00:00,str,how to approach hard problems: first principles thinking for engineers how to approach hard problems: first principles thinking for engineers how to approach hard problems: first principles thinking for engineers when faced with a.,231,34,True,Inferencia completada.,revision,datascience,frontend,-0.1482704448253398,-0.4623806758007502,0.3141102309754104,Baja,18,Revisión humana recomendada,True,True,['El margen de decisión es reducido.'],"[{'position': 1, 'category': 'datascience', 'score': -0.1482704448253398}, {'position': 2, 'category': 'frontend', 'score': -0.4623806758007502}, {'position': 3, 'category': 'backend', 'score': -0.7392453376614131}, {'position': 4, 'category': 'cloud', 'score': -1.3737453635155046}]",,1,141,141,datascience,revision,False,True,False
f7e38356-eb4e-42a0-8aed-b6f0b74a9337,142,2026-08-06T03:16:41.238+00:00,str,i created my first aws ec2 instance with terraform i created my first aws ec2 instance with terraform i recently started working with the aws console and elastic cloud computing ec2 and let me tell. aws elastic aws elastic,222,39,True,Inferencia completada.,aceptada,cloud,datascience,2.0966626627796474,-1.6490731700148817,3.745735832794529,Muy alta,34,Predicción automática,False,True,[],"[{'position': 1, 'category': 'cloud', 'score': 2.0966626627796474}, {'position': 2, 'category': 'datascience', 'score': -1.6490731700148817}, {'position': 3, 'category': 'backend', 'score': -1.9262197024688943}, {'position': 4, 'category': 'frontend', 'score': -2.062268049870331}]",,1,142,142,cloud,aceptada,False,False,False
f7e38356-eb4e-42a0-8aed-b6f0b74a9337,143,2026-08-06T03:16:41.238+00:00,str,building scalable multi-tenant saas with ai building scalable multi-tenant saas with ai building scalable multi-tenant saas with ai the rise of multi-tenant architectures is. ai ai,180,26,True,Inferencia completada.,aceptada,cloud,frontend,0.7433097921030497,-0.989281079604987,1.7325908717080367,Media,22,Predicción automática con monitoreo,False,True,[],"[{'position': 1, 'category': 'cloud', 'score': 0.7433097921030497}, {'position': 2, 'category': 'frontend', 'score': -0.989281079604987}, {'position': 3, 'category': 'datascience', 'score': -1.2050642573663557}, {'position': 4, 'category': 'backend', 'score': -1.4301003594019246}]",,1,143,143,cloud,aceptada,False,False,False
f7e38356-eb4e-42a0-8aed-b6f0b74a9337,144,2026-08-06T03:16:41.238+00:00,str,mastering schemas relationship and data modelling in power bi mastering schemas relationship and data modelling in power bi in data analytics visuals are the face but the model is the skeleton. without a strong structure,220,35,True,Inferencia completada.,aceptada,datascience,frontend,2.336753886276618,-1.5360795266802656,3.8728334129568838,Muy alta,34,Predicción automática,False,True,[],"[{'position': 1, 'category': 'datascience', 'score': 2.336753886276618}, {'position': 2, 'category': 'frontend', 'score': -1.5360795266802656}, {'position': 3, 'category': 'backend', 'score': -1.6529246521700687}, {'position': 4, 'category': 'cloud', 'score': -1.8885530197765283}]",,1,144,144,datascience,aceptada,False,False,False
f7e38356-eb4e-42a0-8aed-b6f0b74a9337,145,2026-08-06T03:16:41.238+00:00,str,debugging and eliminating invisible memory leaks in node.js event loops debugging and eliminating invisible memory leaks in node.js event loops when building microservices or background worker processes that are meant to run continuously for.,242,34,True,Inferencia completada.,revision,backend,frontend,0.46282040307098404,-0.23771047960650737,0.7005308826774914,Baja,29,Revisión humana recomendada,True,True,['El margen de decisión es reducido.'],"[{'position': 1, 'category': 'backend', 'score': 0.46282040307098404}, {'position': 2, 'category': 'frontend', 'score': -0.23771047960650737}, {'position': 3, 'category': 'cloud', 'score': -1.4353807296542933}, {'position': 4, 'category': 'datascience', 'score': -1.5855825872927354}]",,1,145,145,backend,revision,False,True,False
f7e38356-eb4e-42a0-8aed-b6f0b74a9337,146,2026-08-06T03:16:41.238+00:00,str,designing a resilient event-driven data pipeline with change data capture designing a resilient event-driven data pipeline with change data capture designing a resilient event-driven data pipeline with change data capture,221,30,True,Inferencia completada.,aceptada,frontend,datascience,1.2478928602448995,-0.9334853771186049,2.1813782373635044,Alta,18,Predicción automática,False,True,[],"[{'position': 1, 'category': 'frontend', 'score': 1.2478928602448995}, {'position': 2, 'category': 'datascience', 'score': -0.9334853771186049}, {'position': 3, 'category': 'cloud', 'score': -1.0887521785462846}, {'position': 4, 'category': 'backend', 'score': -1.7432448377731875}]",,1,146,146,frontend,aceptada,False,False,False
f7e38356-eb4e-42a0-8aed-b6f0b74a9337,147,2026-08-06T03:16:41.238+00:00,str,what if you could skip the backend. what if you could skip the backend. a creative idea sparks in your head you go like wow i really need to build this. but wait what.,167,34,True,Inferencia completada.,aceptada,backend,cloud,1.6249701912547603,-1.2278414095056651,2.8528116007604254,Alta,30,Predicción automática,False,True,[],"[{'position': 1, 'category': 'backend', 'score': 1.6249701912547603}, {'position': 2, 'category': 'cloud', 'score': -1.2278414095056651}, {'position': 3, 'category': 'datascience', 'score': -1.4317300481609256}, {'position': 4, 'category': 'frontend', 'score': -1.873805953751273}]",,1,147,147,backend,aceptada,False,False,False
f7e38356-eb4e-42a0-8aed-b6f0b74a9337,148,2026-08-06T03:16:41.238+00:00,str,cómo validar correos tras un rollback en terraform cómo validar correos tras un rollback en terraform guía práctica para comprobar correos tras un rollback en terraform con señales claras bandejas aisladas y menos sorpresas para sre. correos tras un bandejas guía terraform correos tras un bandejas guía terraform,313,48,True,Inferencia completada.,aceptada,cloud,backend,0.7210038458976652,-0.6999166954842116,1.4209205413818768,Media,28,Predicción automática con monitoreo,False,True,[],"[{'position': 1, 'category': 'cloud', 'score': 0.7210038458976652}, {'position': 2, 'category': 'backend', 'score': -0.6999166954842116}, {'position': 3, 'category': 'frontend', 'score': -1.1754163068225099}, {'position': 4, 'category': 'datascience', 'score': -1.2207273528390818}]",,1,148,148,cloud,aceptada,False,False,False
f7e38356-eb4e-42a0-8aed-b6f0b74a9337,149,2026-08-06T03:16:41.238+00:00,str,streaming 7gb movies on the fly with hls streaming 7gb movies on the fly with hls have you ever tried building your own netflix it is one of those projects that starts out sounding. netflix netflix,197,36,True,Inferencia completada.,revision,frontend,backend,-0.06402381606349739,-0.4514283572456003,0.38740454118210293,Baja,32,Revisión humana recomendada,True,True,['El margen de decisión es reducido.'],"[{'position': 1, 'category': 'frontend', 'score': -0.06402381606349739}, {'position': 2, 'category': 'backend', 'score': -0.4514283572456003}, {'position': 3, 'category': 'cloud', 'score': -1.1534147708606586}, {'position': 4, 'category': 'datascience', 'score': -1.2561979336639966}]",,1,149,149,frontend,revision,False,True,False
f7e38356-eb4e-42a0-8aed-b6f0b74a9337,150,2026-08-06T03:16:41.238+00:00,str,building an affordability-first credit stack: three ml projects on real lending data building an affordability-first credit stack: three ml projects on real lending data the engineering behind three fintech machine-learning projects: behavioural default risk,258,34,True,Inferencia completada.,aceptada,datascience,frontend,1.1834407433199519,-1.1064625950273768,2.2899033383473286,Alta,22,Predicción automática,False,True,[],"[{'position': 1, 'category': 'datascience', 'score': 1.1834407433199519}, {'position': 2, 'category': 'frontend', 'score': -1.1064625950273768}, {'position': 3, 'category': 'cloud', 'score': -1.4728212955089295}, {'position': 4, 'category': 'backend', 'score': -1.4991749594487795}]",,1,150,150,datascience,aceptada,False,False,False
f7e38356-eb4e-42a0-8aed-b6f0b74a9337,151,2026-08-06T03:16:41.238+00:00,str,will ai truly replace data analysts in the future will ai truly replace data analysts in the future will ai truly replace data analysts in the future ai is really changing the way we do data. ai truly replace data analysts ai ai truly replace data analysts ai,259,48,True,Inferencia completada.,aceptada,datascience,cloud,0.7070221385431705,-0.37909450520310056,1.086116643746271,Media,21,Predicción automática con monitoreo,False,True,[],"[{'position': 1, 'category': 'datascience', 'score': 0.7070221385431705}, {'position': 2, 'category': 'cloud', 'score': -0.37909450520310056}, {'position': 3, 'category': 'backend', 'score': -1.259634597580719}, {'position': 4, 'category': 'frontend', 'score': -1.8711653335283027}]",,1,151,151,datascience,aceptada,False,False,False
f7e38356-eb4e-42a0-8aed-b6f0b74a9337,152,2026-08-06T03:16:41.238+00:00,str,sovereignty versus efficiency sovereignty versus efficiency a european retail bank set its cloud strategy around two requirements its procurement team had. european european,173,23,True,Inferencia completada.,aceptada,cloud,backend,0.7445060182597331,-1.119844504518594,1.8643505227783272,Alta,19,Predicción automática,False,True,[],"[{'position': 1, 'category': 'cloud', 'score': 0.7445060182597331}, {'position': 2, 'category': 'backend', 'score': -1.119844504518594}, {'position': 3, 'category': 'datascience', 'score': -1.2990653106449161}, {'position': 4, 'category': 'frontend', 'score': -1.401451475200862}]",,1,152,152,cloud,aceptada,False,False,False
f7e38356-eb4e-42a0-8aed-b6f0b74a9337,153,2026-08-06T03:16:41.238+00:00,str,building a crud api in go building a crud api in go previously we built a simple task api that could create and retrieve tasks. if you have been. api api,153,31,True,Inferencia completada.,aceptada,backend,datascience,2.393894446773815,-1.3072733980016151,3.70116784477543,Muy alta,31,Predicción automática,False,True,[],"[{'position': 1, 'category': 'backend', 'score': 2.393894446773815}, {'position': 2, 'category': 'datascience', 'score': -1.3072733980016151}, {'position': 3, 'category': 'frontend', 'score': -2.1276834417425308}, {'position': 4, 'category': 'cloud', 'score': -2.209904467614157}]",,1,153,153,backend,aceptada,False,False,False
f7e38356-eb4e-42a0-8aed-b6f0b74a9337,154,2026-08-06T03:16:41.238+00:00,str,best salesforce data cloud classes online course best salesforce data cloud classes online course salesforce data cloud tutorial for beginners with real examples introduction learning salesforce data.,200,27,True,Inferencia completada.,aceptada,cloud,datascience,0.9609904295603965,-0.7682153488509227,1.7292057784113193,Media,24,Predicción automática con monitoreo,False,True,[],"[{'position': 1, 'category': 'cloud', 'score': 0.9609904295603965}, {'position': 2, 'category': 'datascience', 'score': -0.7682153488509227}, {'position': 3, 'category': 'frontend', 'score': -1.6891675796273629}, {'position': 4, 'category': 'backend', 'score': -2.003381341099558}]",,1,154,154,cloud,aceptada,False,False,False
f7e38356-eb4e-42a0-8aed-b6f0b74a9337,155,2026-08-06T03:16:41.238+00:00,str,a practical git workflow for feature flags and experimental branches a practical git workflow for feature flags and experimental branches a practical git workflow for feature flags and experimental branches a practical. git workflow git workflow,245,36,True,Inferencia completada.,revision,frontend,datascience,1.0525323328849594,-1.047965914607018,2.100498247491977,Alta,10,Revisión humana recomendada,True,True,['Cobertura reducida del vocabulario.'],"[{'position': 1, 'category': 'frontend', 'score': 1.0525323328849594}, {'position': 2, 'category': 'datascience', 'score': -1.047965914607018}, {'position': 3, 'category': 'cloud', 'score': -1.2015327029833283}, {'position': 4, 'category': 'backend', 'score': -1.7663072738134367}]",,1,155,155,frontend,revision,False,False,True
f7e38356-eb4e-42a0-8aed-b6f0b74a9337,156,2026-08-06T03:16:41.238+00:00,str,first post first post hey guys as i am learning now apis backend development also trying to clean hands in ai. ai backend development ai backend development,156,27,True,Inferencia completada.,aceptada,backend,datascience,1.7743314924285265,-1.1860004616116346,2.960331954040161,Alta,27,Predicción automática,False,True,[],"[{'position': 1, 'category': 'backend', 'score': 1.7743314924285265}, {'position': 2, 'category': 'datascience', 'score': -1.1860004616116346}, {'position': 3, 'category': 'cloud', 'score': -1.82941905860769}, {'position': 4, 'category': 'frontend', 'score': -1.8363348359992053}]",,1,156,156,backend,aceptada,False,False,False
f7e38356-eb4e-42a0-8aed-b6f0b74a9337,157,2026-08-06T03:16:41.238+00:00,str,8 must-know astro framework patterns for content-heavy sites 8 must-know astro framework patterns for content-heavy sites astro framework patterns are how content-first sites in 2026 ship faster pages with smaller javascript bundles than any react-by-default approach can match. ast astro javascript astro javascript,316,43,True,Inferencia completada.,aceptada,frontend,backend,1.7954936738423228,-1.2322793932376694,3.027773067079992,Alta,27,Predicción automática,False,True,[],"[{'position': 1, 'category': 'frontend', 'score': 1.7954936738423228}, {'position': 2, 'category': 'backend', 'score': -1.2322793932376694}, {'position': 3, 'category': 'cloud', 'score': -1.6248056158010875}, {'position': 4, 'category': 'datascience', 'score': -1.803037483110736}]",,1,157,157,frontend,aceptada,False,False,False
f7e38356-eb4e-42a0-8aed-b6f0b74a9337,158,2026-08-06T03:16:41.238+00:00,str,nestjs had three seconds to decide if this payment was fraud nestjs had three seconds to decide if this payment was fraud a payment comes in through an instant payment rail. it has to settle in seconds not minutes not. seconds seconds,234,42,True,Inferencia completada.,aceptada,backend,datascience,2.7051893738264874,-1.6912478678835146,4.396437241710002,Muy alta,25,Predicción automática,False,True,[],"[{'position': 1, 'category': 'backend', 'score': 2.7051893738264874}, {'position': 2, 'category': 'datascience', 'score': -1.6912478678835146}, {'position': 3, 'category': 'frontend', 'score': -2.028022715763949}, {'position': 4, 'category': 'cloud', 'score': -2.2321158446209624}]",,1,158,158,backend,aceptada,False,False,False
f7e38356-eb4e-42a0-8aed-b6f0b74a9337,159,2026-08-06T03:16:41.238+00:00,str,peak load is the steady state peak load is the steady state the product drop had been planned for months. the direct-to-consumer subscription business had run. months months,173,28,True,Inferencia completada.,aceptada,backend,cloud,0.361670054424423,-0.5313270433622956,0.8929970977867187,Media,16,Predicción automática con monitoreo,False,True,[],"[{'position': 1, 'category': 'backend', 'score': 0.361670054424423}, {'position': 2, 'category': 'cloud', 'score': -0.5313270433622956}, {'position': 3, 'category': 'frontend', 'score': -1.057454255037698}, {'position': 4, 'category': 'datascience', 'score': -1.2455065206506393}]",,1,159,159,backend,aceptada,False,False,False
f7e38356-eb4e-42a0-8aed-b6f0b74a9337,160,2026-08-06T03:16:41.238+00:00,str,beyond billing: how smart pos systems are becoming restaurant growth engines beyond billing: how smart pos systems are becoming restaurant growth engines many restaurant owners still view a pos system as nothing more than a billing tool. however modern.,253,39,True,Inferencia completada.,aceptada,cloud,frontend,0.2792632868202528,-0.7803380151201742,1.0596013019404271,Media,28,Predicción automática con monitoreo,False,True,[],"[{'position': 1, 'category': 'cloud', 'score': 0.2792632868202528}, {'position': 2, 'category': 'frontend', 'score': -0.7803380151201742}, {'position': 3, 'category': 'datascience', 'score': -1.1375388032821827}, {'position': 4, 'category': 'backend', 'score': -1.1740805196345439}]",,1,160,160,cloud,aceptada,False,False,False
f7e38356-eb4e-42a0-8aed-b6f0b74a9337,161,2026-08-06T03:16:41.238+00:00,str,taste: a deep dive taste: a deep dive what even is the role of javascript anymore for years we ve built experiences around familiar. years javascript years javascript,166,28,True,Inferencia completada.,aceptada,frontend,cloud,0.9857426154883601,-1.2442399847126477,2.2299826002010077,Alta,30,Predicción automática,False,True,[],"[{'position': 1, 'category': 'frontend', 'score': 0.9857426154883601}, {'position': 2, 'category': 'cloud', 'score': -1.2442399847126477}, {'position': 3, 'category': 'backend', 'score': -1.346690846678952}, {'position': 4, 'category': 'datascience', 'score': -1.3728428842990663}]",,1,161,161,frontend,aceptada,False,False,False
f7e38356-eb4e-42a0-8aed-b6f0b74a9337,162,2026-08-06T03:16:41.238+00:00,str,how to deploy a bolt app to deployhq static hosting how to deploy a bolt app to deployhq static hosting deployhq static hosting serves pre-built static assets from cloudflare s global edge exactly what a. cloudflare static hosting cloudflare static hosting,256,41,True,Inferencia completada.,aceptada,frontend,cloud,0.5679876129000124,-0.661372375868089,1.2293599887681013,Media,25,Predicción automática con monitoreo,False,True,[],"[{'position': 1, 'category': 'frontend', 'score': 0.5679876129000124}, {'position': 2, 'category': 'cloud', 'score': -0.661372375868089}, {'position': 3, 'category': 'backend', 'score': -1.4171871239569698}, {'position': 4, 'category': 'datascience', 'score': -1.9004591299656766}]",,1,162,162,frontend,aceptada,False,False,False
f7e38356-eb4e-42a0-8aed-b6f0b74a9337,163,2026-08-06T03:16:41.238+00:00,str,sync.oncefunc vs init : lazy initialization done right in go sync.oncefunc vs init : lazy initialization done right in go init runs at import time hides errors and breaks tests. here is when to reach for sync.oncefunc and oncevalue instead. oncefunc oncevalue oncefunc oncevalue,278,44,True,Inferencia completada.,aceptada,backend,cloud,0.6408929067265569,-0.9766655844466676,1.6175584911732246,Media,31,Predicción automática con monitoreo,False,True,[],"[{'position': 1, 'category': 'backend', 'score': 0.6408929067265569}, {'position': 2, 'category': 'cloud', 'score': -0.9766655844466676}, {'position': 3, 'category': 'frontend', 'score': -1.0625084531961504}, {'position': 4, 'category': 'datascience', 'score': -1.5332825928349443}]",,1,163,163,backend,aceptada,False,False,False
f7e38356-eb4e-42a0-8aed-b6f0b74a9337,164,2026-08-06T03:16:41.238+00:00,str,why 95 reviews beats 20 reviews even when both score 95 why 95 reviews beats 20 reviews even when both score 95 understanding wilson score confidence intervals and the mysterious 1.96. originally published on. wilson score wilson score,235,38,True,Inferencia completada.,aceptada,datascience,cloud,0.8222224294901503,-0.8140948888541966,1.636317318344347,Media,19,Predicción automática con monitoreo,False,True,[],"[{'position': 1, 'category': 'datascience', 'score': 0.8222224294901503}, {'position': 2, 'category': 'cloud', 'score': -0.8140948888541966}, {'position': 3, 'category': 'backend', 'score': -1.2083721612327682}, {'position': 4, 'category': 'frontend', 'score': -1.309379008654603}]",,1,164,164,datascience,aceptada,False,False,False
f7e38356-eb4e-42a0-8aed-b6f0b74a9337,165,2026-08-06T03:16:41.238+00:00,str,what happens when a database operation fails midway nestjs transactions to the rescue what happens when a database operation fails midway nestjs transactions to the rescue imagine a simple money transfer scenario. john sends money to his friend sarah. the system. sarah john sarah john,285,45,True,Inferencia completada.,aceptada,backend,datascience,1.1691523462656552,-0.7478889128979544,1.9170412591636097,Alta,28,Predicción automática,False,True,[],"[{'position': 1, 'category': 'backend', 'score': 1.1691523462656552}, {'position': 2, 'category': 'datascience', 'score': -0.7478889128979544}, {'position': 3, 'category': 'cloud', 'score': -1.4204740824861912}, {'position': 4, 'category': 'frontend', 'score': -2.175467985963572}]",,1,165,165,backend,aceptada,False,False,False
f7e38356-eb4e-42a0-8aed-b6f0b74a9337,166,2026-08-06T03:16:41.238+00:00,str,your pipeline is 26.2h behind: catching entertainment sentiment leads with pulsebit your pipeline is 26.2h behind: catching entertainment sentiment leads with pulsebit your pipeline just missed a crucial anomaly: a 24-hour momentum spike of +0.272 in the entertainment.,269,38,True,Inferencia completada.,aceptada,datascience,backend,1.3493744246020638,-1.291619617792859,2.6409940423949227,Alta,43,Predicción automática,False,True,[],"[{'position': 1, 'category': 'datascience', 'score': 1.3493744246020638}, {'position': 2, 'category': 'backend', 'score': -1.291619617792859}, {'position': 3, 'category': 'frontend', 'score': -1.4244224118194944}, {'position': 4, 'category': 'cloud', 'score': -1.6913370574251771}]",,1,166,166,datascience,aceptada,False,False,False
f7e38356-eb4e-42a0-8aed-b6f0b74a9337,167,2026-08-06T03:16:41.238+00:00,str,building an mvno platform that can launch in days instead of months building an mvno platform that can launch in days instead of months launching an mvno has traditionally been viewed as a long and complex process. for years operators. years years,247,42,True,Inferencia completada.,revision,backend,frontend,-0.0024761687019130285,-0.2833483139612589,0.2808721452593459,Baja,30,Revisión humana recomendada,True,True,['El margen de decisión es reducido.'],"[{'position': 1, 'category': 'backend', 'score': -0.0024761687019130285}, {'position': 2, 'category': 'frontend', 'score': -0.2833483139612589}, {'position': 3, 'category': 'cloud', 'score': -0.6498327178170461}, {'position': 4, 'category': 'datascience', 'score': -1.6955449516859593}]",,1,167,167,backend,revision,False,True,False
f7e38356-eb4e-42a0-8aed-b6f0b74a9337,168,2026-08-06T03:16:41.238+00:00,str,build custom ml pipelines fast with open-source tools build custom ml pipelines fast with open-source tools learn how open-source tools help you build automated scalable ml pipelines that keep models accurate and deployment seamless. ml ml,239,36,True,Inferencia completada.,revision,cloud,datascience,-0.2533013095985155,-0.39920080641776573,0.14589949681925024,Crítica,26,Revisión humana prioritaria,True,True,['Las dos categorías principales tienen puntuaciones muy cercanas.'],"[{'position': 1, 'category': 'cloud', 'score': -0.2533013095985155}, {'position': 2, 'category': 'datascience', 'score': -0.39920080641776573}, {'position': 3, 'category': 'frontend', 'score': -0.9902078316895416}, {'position': 4, 'category': 'backend', 'score': -1.176812244817238}]",,1,168,168,cloud,revision,False,True,False
f7e38356-eb4e-42a0-8aed-b6f0b74a9337,169,2026-08-06T03:16:41.238+00:00,str,доктрина 1 позиционная сетка для построения блочных элементов с правильной регулировкой жирности:box-sizing доктрина 1 позиционная сетка для построения блочных элементов с правильной регулировкой жирности:box-sizing border-box коробка с вычислением жирности padding внутренней части позиционной сетки с.,303,35,True,Inferencia completada.,revision,cloud,frontend,-0.5480139775091951,-0.5601721059274094,0.012158128418214287,Crítica,2,Revisión humana prioritaria,True,True,"['Cobertura reducida del vocabulario.', 'Las dos categorías principales tienen puntuaciones muy cercanas.']","[{'position': 1, 'category': 'cloud', 'score': -0.5480139775091951}, {'position': 2, 'category': 'frontend', 'score': -0.5601721059274094}, {'position': 3, 'category': 'datascience', 'score': -0.668633007371424}, {'position': 4, 'category': 'backend', 'score': -0.9879306336171967}]",,1,169,169,cloud,revision,False,True,True
f7e38356-eb4e-42a0-8aed-b6f0b74a9337,170,2026-08-06T03:16:41.238+00:00,str,we rebuilt a securities firm s ficc data stack queries got 10x faster we rebuilt a securities firm s ficc data stack queries got 10x faster the investment research data team at a leading publicly listed securities firm had long struggled.,238,41,True,Inferencia completada.,revision,backend,datascience,-0.20489794182376442,-0.2823784304679049,0.07748048864414048,Crítica,21,Revisión humana prioritaria,True,True,['Las dos categorías principales tienen puntuaciones muy cercanas.'],"[{'position': 1, 'category': 'backend', 'score': -0.20489794182376442}, {'position': 2, 'category': 'datascience', 'score': -0.2823784304679049}, {'position': 3, 'category': 'frontend', 'score': -1.0431738894924847}, {'position': 4, 'category': 'cloud', 'score': -1.352328248234449}]",,1,170,170,backend,revision,False,True,False
f7e38356-eb4e-42a0-8aed-b6f0b74a9337,171,2026-08-06T03:16:41.238+00:00,str,we hit an at-least-once delivery trap. here is how we fixed the race conditions. we hit an at-least-once delivery trap. here is how we fixed the race conditions. if you are running an event-driven architecture with message queues like kafka you already know the. kafka kafka,274,46,True,Inferencia completada.,aceptada,backend,cloud,1.4121172845729455,-1.367601812442488,2.7797190970154335,Alta,46,Predicción automática,False,True,[],"[{'position': 1, 'category': 'backend', 'score': 1.4121172845729455}, {'position': 2, 'category': 'cloud', 'score': -1.367601812442488}, {'position': 3, 'category': 'datascience', 'score': -1.4268523604743435}, {'position': 4, 'category': 'frontend', 'score': -1.4687305929435857}]",,1,171,171,backend,aceptada,False,False,False
f7e38356-eb4e-42a0-8aed-b6f0b74a9337,172,2026-08-06T03:16:41.238+00:00,str,random forest supervised learning random forest supervised learning 1. the problem it solves decision trees are simple easy to understand and work well on.,155,24,True,Inferencia completada.,aceptada,datascience,backend,1.013823251584001,-0.7029992290224854,1.7168224806064865,Media,26,Predicción automática con monitoreo,False,True,[],"[{'position': 1, 'category': 'datascience', 'score': 1.013823251584001}, {'position': 2, 'category': 'backend', 'score': -0.7029992290224854}, {'position': 3, 'category': 'cloud', 'score': -1.2314149792661921}, {'position': 4, 'category': 'frontend', 'score': -2.090586777122872}]",,1,172,172,datascience,aceptada,False,False,False
f7e38356-eb4e-42a0-8aed-b6f0b74a9337,173,2026-08-06T03:16:41.238+00:00,str,state machines and statecharts for frontend applications: from xstate to custom solutions state machines and statecharts for frontend applications: from xstate to custom solutions state machines and statecharts for frontend applications: from xstate to custom. state xstate state xstate,286,39,True,Inferencia completada.,revision,frontend,cloud,1.5092381744323782,-1.4113283252906936,2.920566499723072,Alta,14,Revisión humana recomendada,True,True,['Cobertura reducida del vocabulario.'],"[{'position': 1, 'category': 'frontend', 'score': 1.5092381744323782}, {'position': 2, 'category': 'cloud', 'score': -1.4113283252906936}, {'position': 3, 'category': 'backend', 'score': -1.4903510307575423}, {'position': 4, 'category': 'datascience', 'score': -1.659215973382092}]",,1,173,173,frontend,revision,False,False,True
f7e38356-eb4e-42a0-8aed-b6f0b74a9337,174,2026-08-06T03:16:41.238+00:00,str,middleware-system middleware-system middleware system project code: middleware system project middleware system project,119,12,True,Inferencia completada.,revision,backend,frontend,1.2052446695725738,-0.8983463661116167,2.1035910356841905,Alta,6,Revisión humana recomendada,True,True,['Cobertura reducida del vocabulario.'],"[{'position': 1, 'category': 'backend', 'score': 1.2052446695725738}, {'position': 2, 'category': 'frontend', 'score': -0.8983463661116167}, {'position': 3, 'category': 'datascience', 'score': -1.4717640076483909}, {'position': 4, 'category': 'cloud', 'score': -1.5725253904557523}]",,1,174,174,backend,revision,False,False,True
f7e38356-eb4e-42a0-8aed-b6f0b74a9337,175,2026-08-06T03:16:41.238+00:00,str,building a sliding window rate limiter in redis for a multi-region video api building a sliding window rate limiter in redis for a multi-region video api a fixed-window rate limiter let double bursts through and drained our youtube api quota by 09:00 utc 09:00 youtube api utc 09:00 youtube api utc,298,51,True,Inferencia completada.,aceptada,backend,frontend,0.7459848601648281,-0.9550860198956098,1.701070880060438,Media,32,Predicción automática con monitoreo,False,True,[],"[{'position': 1, 'category': 'backend', 'score': 0.7459848601648281}, {'position': 2, 'category': 'frontend', 'score': -0.9550860198956098}, {'position': 3, 'category': 'datascience', 'score': -1.1048258935612836}, {'position': 4, 'category': 'cloud', 'score': -1.5552177090659511}]",,1,175,175,backend,aceptada,False,False,False
f7e38356-eb4e-42a0-8aed-b6f0b74a9337,176,2026-08-06T03:16:41.238+00:00,str,5 tablas de wikipedia que rompen la mayoría de los scrapers y cómo solucionarlo 5 tablas de wikipedia que rompen la mayoría de los scrapers y cómo solucionarlo wikipedia es la fuente más común de datos tabulares web. también es un campo minado de casos extremos. un wikipedia un wikipedia,288,50,True,Inferencia completada.,revision,frontend,backend,-0.36336734581113966,-0.5958271820130769,0.23245983620193728,Crítica,15,Revisión humana prioritaria,True,True,"['Cobertura reducida del vocabulario.', 'Las dos categorías principales tienen puntuaciones muy cercanas.']","[{'position': 1, 'category': 'frontend', 'score': -0.36336734581113966}, {'position': 2, 'category': 'backend', 'score': -0.5958271820130769}, {'position': 3, 'category': 'datascience', 'score': -0.6671468185473614}, {'position': 4, 'category': 'cloud', 'score': -0.7353247262275292}]",,1,176,176,frontend,revision,False,True,True
f7e38356-eb4e-42a0-8aed-b6f0b74a9337,177,2026-08-06T03:16:41.238+00:00,str,how to authenticate business email domain usa spf dkim how to authenticate business email domain usa spf dkim to authenticate business email domain usa spf dkim you must configure specific dns records spf spf usa spf dkim dns spf usa spf dkim dns,246,43,True,Inferencia completada.,revision,cloud,backend,-0.25438134225376896,-0.8897185194890844,0.6353371772353155,Baja,15,Revisión humana recomendada,True,True,"['Cobertura reducida del vocabulario.', 'El margen de decisión es reducido.']","[{'position': 1, 'category': 'cloud', 'score': -0.25438134225376896}, {'position': 2, 'category': 'backend', 'score': -0.8897185194890844}, {'position': 3, 'category': 'frontend', 'score': -1.0083021019280136}, {'position': 4, 'category': 'datascience', 'score': -1.0443681773300766}]",,1,177,177,cloud,revision,False,True,True
f7e38356-eb4e-42a0-8aed-b6f0b74a9337,178,2026-08-06T03:16:41.238+00:00,str,fortifying the user interface: frontend security best practices fortifying the user interface: frontend security best practices fortifying the user interface: frontend security best practices the modern web application.,219,28,True,Inferencia completada.,aceptada,frontend,backend,1.638223456411572,-1.0920813337356363,2.7303047901472084,Alta,17,Predicción automática,False,True,[],"[{'position': 1, 'category': 'frontend', 'score': 1.638223456411572}, {'position': 2, 'category': 'backend', 'score': -1.0920813337356363}, {'position': 3, 'category': 'cloud', 'score': -1.3923715307434203}, {'position': 4, 'category': 'datascience', 'score': -2.051672675515852}]",,1,178,178,frontend,aceptada,False,False,False
f7e38356-eb4e-42a0-8aed-b6f0b74a9337,179,2026-08-06T03:16:41.238+00:00,str,react.js introduction: a beginner s guide to modern web development react.js introduction: a beginner s guide to modern web development react.js react.js is an open-source javascript library developed by meta facebook for building user. meta (facebook javascript react.js react.js meta (facebook javascript react.js react.js,324,44,True,Inferencia completada.,aceptada,frontend,cloud,1.9232391324306404,-1.1522530654406362,3.0754921978712764,Alta,35,Predicción automática,False,True,[],"[{'position': 1, 'category': 'frontend', 'score': 1.9232391324306404}, {'position': 2, 'category': 'cloud', 'score': -1.1522530654406362}, {'position': 3, 'category': 'datascience', 'score': -1.8285029622680162}, {'position': 4, 'category': 'backend', 'score': -1.9018921108605316}]",,1,179,179,frontend,aceptada,False,False,False
f7e38356-eb4e-42a0-8aed-b6f0b74a9337,180,2026-08-06T03:16:41.238+00:00,str,magic cloud vs supabase: what an mit-licensed backend does differently magic cloud vs supabase: what an mit-licensed backend does differently an honest look at where magic cloud gives you things supabase can t bring-your-own-database no-deploy backend logic built-in ai and execution-time rbac for ai agents. magic cloud ai rbac magic cloud ai rbac,348,53,True,Inferencia completada.,aceptada,cloud,backend,1.2989441268512736,-0.10634740916349128,1.4052915360147649,Media,36,Predicción automática con monitoreo,False,True,[],"[{'position': 1, 'category': 'cloud', 'score': 1.2989441268512736}, {'position': 2, 'category': 'backend', 'score': -0.10634740916349128}, {'position': 3, 'category': 'datascience', 'score': -2.051565758971841}, {'position': 4, 'category': 'frontend', 'score': -2.7185294099266364}]",,1,180,180,cloud,aceptada,False,False,False
f7e38356-eb4e-42a0-8aed-b6f0b74a9337,181,2026-08-06T03:16:41.238+00:00,str,handling network drops: build offline-aware react uis handling network drops: build offline-aware react uis liquid syntax error: variable raw was not properly terminated with regexp:,182,25,True,Inferencia completada.,aceptada,frontend,cloud,1.2956238572653058,-1.3713358920842675,2.6669597493495734,Alta,26,Predicción automática,False,True,[],"[{'position': 1, 'category': 'frontend', 'score': 1.2956238572653058}, {'position': 2, 'category': 'cloud', 'score': -1.3713358920842675}, {'position': 3, 'category': 'backend', 'score': -1.5748643628891146}, {'position': 4, 'category': 'datascience', 'score': -1.5967482780207198}]",,1,181,181,frontend,aceptada,False,False,False
f7e38356-eb4e-42a0-8aed-b6f0b74a9337,182,2026-08-06T03:16:41.238+00:00,str,two hng tasks that taught me more than the spec: oauth for three clients and shipping ai on a team deadline two hng tasks that taught me more than the spec: oauth for three clients and shipping ai on a team deadline two hng tasks that taught me more than the spec this is my stage 9b write-up for the hng.,305,61,True,Inferencia completada.,revision,backend,frontend,-0.1592624515373483,-0.6510651888874617,0.4918027373501134,Baja,36,Revisión humana recomendada,True,True,['El margen de decisión es reducido.'],"[{'position': 1, 'category': 'backend', 'score': -0.1592624515373483}, {'position': 2, 'category': 'frontend', 'score': -0.6510651888874617}, {'position': 3, 'category': 'datascience', 'score': -0.6606530382383753}, {'position': 4, 'category': 'cloud', 'score': -1.191903246493948}]",,1,182,182,backend,revision,False,True,False
f7e38356-eb4e-42a0-8aed-b6f0b74a9337,183,2026-08-06T03:16:41.238+00:00,str,saga timeouts: the compensation path most teams never test saga timeouts: the compensation path most teams never test timeout as a first-class saga state idempotent compensation and the unhappy path your test suite quietly skips.,229,35,True,Inferencia completada.,aceptada,backend,frontend,0.9833296593887767,-0.7609470834377603,1.7442767428265369,Media,21,Predicción automática con monitoreo,False,True,[],"[{'position': 1, 'category': 'backend', 'score': 0.9833296593887767}, {'position': 2, 'category': 'frontend', 'score': -0.7609470834377603}, {'position': 3, 'category': 'datascience', 'score': -1.319432302617945}, {'position': 4, 'category': 'cloud', 'score': -1.3195911430106473}]",,1,183,183,backend,aceptada,False,False,False
f7e38356-eb4e-42a0-8aed-b6f0b74a9337,184,2026-08-06T03:16:41.238+00:00,str,don t pay for servers for your mvp: 3 free platforms frontend backend and db don t pay for servers for your mvp: 3 free platforms frontend backend and db hey dev if you are thinking about validating a business idea launching a side project or building.,252,47,True,Inferencia completada.,aceptada,backend,frontend,0.6332548734288163,-0.47538703992472636,1.1086419133535426,Media,42,Predicción automática con monitoreo,False,True,[],"[{'position': 1, 'category': 'backend', 'score': 0.6332548734288163}, {'position': 2, 'category': 'frontend', 'score': -0.47538703992472636}, {'position': 3, 'category': 'cloud', 'score': -1.4787955840402485}, {'position': 4, 'category': 'datascience', 'score': -1.7521897700735707}]",,1,184,184,backend,aceptada,False,False,False
f7e38356-eb4e-42a0-8aed-b6f0b74a9337,185,2026-08-06T03:16:41.238+00:00,str,modeling an organization as a graph to generate procurement workflows modeling an organization as a graph to generate procurement workflows most workflow engines fail at enterprise scale for a reason that has nothing to do with throughput or.,242,38,True,Inferencia completada.,aceptada,frontend,datascience,0.2373254719532003,-0.6891254846947579,0.9264509566479582,Media,33,Predicción automática con monitoreo,False,True,[],"[{'position': 1, 'category': 'frontend', 'score': 0.2373254719532003}, {'position': 2, 'category': 'datascience', 'score': -0.6891254846947579}, {'position': 3, 'category': 'backend', 'score': -0.8025284173479792}, {'position': 4, 'category': 'cloud', 'score': -1.3493545077317322}]",,1,185,185,frontend,aceptada,False,False,False
f7e38356-eb4e-42a0-8aed-b6f0b74a9337,186,2026-08-06T03:16:41.238+00:00,str,scalable multi-tenant saas with llms: key insights scalable multi-tenant saas with llms: key insights let s talk multi-tenant saas in today s rapidly evolving tech landscape multi-tenant saas.,192,28,True,Inferencia completada.,aceptada,cloud,frontend,1.2121591926654354,-0.9342030781157954,2.1463622707812307,Alta,24,Predicción automática,False,True,[],"[{'position': 1, 'category': 'cloud', 'score': 1.2121591926654354}, {'position': 2, 'category': 'frontend', 'score': -0.9342030781157954}, {'position': 3, 'category': 'backend', 'score': -1.4348860448220047}, {'position': 4, 'category': 'datascience', 'score': -2.080185132524459}]",,1,186,186,cloud,aceptada,False,False,False
f7e38356-eb4e-42a0-8aed-b6f0b74a9337,187,2026-08-06T03:16:41.238+00:00,str,cómo probar correos de handoff en guardias sre cómo probar correos de handoff en guardias sre guía práctica para validar correos de handoff en guardias sre con kubernetes trazabilidad limpia y menos ruido en bandejas reales. kubernetes para validar guía sre correos de handoff kubernetes para validar guía sre correos de handoff,328,52,True,Inferencia completada.,aceptada,cloud,backend,0.9173766473505921,-0.6909653250236598,1.608341972374252,Media,32,Predicción automática con monitoreo,False,True,[],"[{'position': 1, 'category': 'cloud', 'score': 0.9173766473505921}, {'position': 2, 'category': 'backend', 'score': -0.6909653250236598}, {'position': 3, 'category': 'frontend', 'score': -1.2390095742783773}, {'position': 4, 'category': 'datascience', 'score': -1.2480113372895714}]",,1,187,187,cloud,aceptada,False,False,False
f7e38356-eb4e-42a0-8aed-b6f0b74a9337,188,2026-08-06T03:16:41.238+00:00,str,configuring azure monitor alerts and action groups for virtual machine monitoring configuring azure monitor alerts and action groups for virtual machine monitoring introduction. monitoring is a critical component of maintaining secure reliable and.,248,33,True,Inferencia completada.,aceptada,cloud,frontend,1.0719383008122096,-0.9619626465644839,2.0339009473766936,Alta,28,Predicción automática,False,True,[],"[{'position': 1, 'category': 'cloud', 'score': 1.0719383008122096}, {'position': 2, 'category': 'frontend', 'score': -0.9619626465644839}, {'position': 3, 'category': 'datascience', 'score': -1.1148857700329842}, {'position': 4, 'category': 'backend', 'score': -1.312629719142724}]",,1,188,188,cloud,aceptada,False,False,False
f7e38356-eb4e-42a0-8aed-b6f0b74a9337,189,2026-08-06T03:16:41.238+00:00,str,why your adobe commerce recommendation engine is leaving revenue on the table and how to fix it why your adobe commerce recommendation engine is leaving revenue on the table and how to fix it you ve set up customers also bought and related products in your adobe commerce store. but. related products adobe commerce customers also bought related products adobe commerce customers also bought,391,64,True,Inferencia completada.,revision,frontend,backend,-0.325270017178628,-0.4901308552811656,0.1648608381025376,Crítica,38,Revisión humana prioritaria,True,True,['Las dos categorías principales tienen puntuaciones muy cercanas.'],"[{'position': 1, 'category': 'frontend', 'score': -0.325270017178628}, {'position': 2, 'category': 'backend', 'score': -0.4901308552811656}, {'position': 3, 'category': 'datascience', 'score': -0.4907865432869379}, {'position': 4, 'category': 'cloud', 'score': -1.643524561764186}]",,1,189,189,frontend,revision,False,True,False
f7e38356-eb4e-42a0-8aed-b6f0b74a9337,190,2026-08-06T03:16:41.238+00:00,str,singapore s grumpiest neighbourhoods according to 1 084 restaurant reviews singapore s grumpiest neighbourhoods according to 1 084 restaurant reviews a mcdonald s is a mcdonald s so if one neighbourhood rates it lower than another that s about the people not the burger. an ai claude found singapore neighbourhoods really do have a reviewing mood but income age and housing don t explain it. ai mcdonald singapore claude ai mcdonald singapore claude,449,73,True,Inferencia completada.,revision,cloud,datascience,0.5600627310273215,-0.1450446853596833,0.7051074163870048,Baja,45,Revisión humana recomendada,True,True,['El margen de decisión es reducido.'],"[{'position': 1, 'category': 'cloud', 'score': 0.5600627310273215}, {'position': 2, 'category': 'datascience', 'score': -0.1450446853596833}, {'position': 3, 'category': 'backend', 'score': -1.236607410122446}, {'position': 4, 'category': 'frontend', 'score': -1.5974371055170566}]",,1,190,190,cloud,revision,False,True,False
f7e38356-eb4e-42a0-8aed-b6f0b74a9337,191,2026-08-06T03:16:41.238+00:00,str,easypms365 booking engine: increase direct bookings and maximize hotel revenue easypms365 booking engine: increase direct bookings and maximize hotel revenue in today s digital hospitality landscape guests expect a quick convenient and secure way to book.,255,36,True,Inferencia completada.,revision,cloud,backend,0.17532269682874269,-0.586094582245968,0.7614172790747107,Baja,29,Revisión humana recomendada,True,True,['El margen de decisión es reducido.'],"[{'position': 1, 'category': 'cloud', 'score': 0.17532269682874269}, {'position': 2, 'category': 'backend', 'score': -0.586094582245968}, {'position': 3, 'category': 'datascience', 'score': -0.9320344611775421}, {'position': 4, 'category': 'frontend', 'score': -1.4550048327657712}]",,1,191,191,cloud,revision,False,True,False
f7e38356-eb4e-42a0-8aed-b6f0b74a9337,192,2026-08-06T03:16:41.238+00:00,str,accessibility is not a lighthouse checkbox accessibility is not a lighthouse checkbox automated accessibility checks are useful but real accessibility requires semantic html keyboard testing focus design and human judgment.,223,30,True,Inferencia completada.,aceptada,frontend,datascience,1.6637110658186,-0.9048466887666742,2.5685577545852745,Alta,26,Predicción automática,False,True,[],"[{'position': 1, 'category': 'frontend', 'score': 1.6637110658186}, {'position': 2, 'category': 'datascience', 'score': -0.9048466887666742}, {'position': 3, 'category': 'backend', 'score': -1.1286852179532265}, {'position': 4, 'category': 'cloud', 'score': -1.872667046413084}]",,1,192,192,frontend,aceptada,False,False,False
f7e38356-eb4e-42a0-8aed-b6f0b74a9337,193,2026-08-06T03:16:41.238+00:00,str,http got a new verb and your post/search was always a lie http got a new verb and your post/search was always a lie http just got its first genuinely new method since patch in 2010. query is safe and idempotent like get but carries a request body like post. here is the problem it fixes how it works and why post/search still wins in production today. query post patch query post patch,385,73,True,Inferencia completada.,aceptada,backend,datascience,1.368278438851687,-1.0345891909998906,2.4028676298515776,Alta,66,Predicción automática,False,True,[],"[{'position': 1, 'category': 'backend', 'score': 1.368278438851687}, {'position': 2, 'category': 'datascience', 'score': -1.0345891909998906}, {'position': 3, 'category': 'frontend', 'score': -1.4609488287806602}, {'position': 4, 'category': 'cloud', 'score': -1.57792148721617}]",,1,193,193,backend,aceptada,False,False,False
f7e38356-eb4e-42a0-8aed-b6f0b74a9337,194,2026-08-06T03:16:41.238+00:00,str,i built a serverless url shortener on aws i built a serverless url shortener on aws i built a serverless url shortener on aws with analytics ci/cd i m a 4th-year. ci 4th-year ci 4th-year,186,35,True,Inferencia completada.,aceptada,cloud,backend,1.1611070198597493,-1.0278147743369417,2.188921794196691,Alta,18,Predicción automática,False,True,[],"[{'position': 1, 'category': 'cloud', 'score': 1.1611070198597493}, {'position': 2, 'category': 'backend', 'score': -1.0278147743369417}, {'position': 3, 'category': 'datascience', 'score': -1.3817000668577313}, {'position': 4, 'category': 'frontend', 'score': -2.150593053304889}]",,1,194,194,cloud,aceptada,False,False,False
f7e38356-eb4e-42a0-8aed-b6f0b74a9337,195,2026-08-06T03:16:41.238+00:00,str,a pragmatic git-alternatives workflow: structured worktrees containerized repositories and atomic a pragmatic git-alternatives workflow: structured worktrees containerized repositories and atomic a pragmatic git-alternatives workflow: structured worktrees containerized repositories and.,287,29,True,Inferencia completada.,revision,frontend,datascience,0.8219536575921959,-1.0478952383286773,1.8698488959208732,Alta,8,Revisión humana recomendada,True,True,['Cobertura reducida del vocabulario.'],"[{'position': 1, 'category': 'frontend', 'score': 0.8219536575921959}, {'position': 2, 'category': 'datascience', 'score': -1.0478952383286773}, {'position': 3, 'category': 'backend', 'score': -1.149934103955003}, {'position': 4, 'category': 'cloud', 'score': -1.7937590477862955}]",,1,195,195,frontend,revision,False,False,True
f7e38356-eb4e-42a0-8aed-b6f0b74a9337,196,2026-08-06T03:16:41.238+00:00,str,defeating database lock contention in high-concurrency apis defeating database lock contention in high-concurrency apis when thousands of users try to read or update the same state simultaneously such as real-time. thousands thousands,234,32,True,Inferencia completada.,aceptada,backend,frontend,1.5346498179319341,-0.46485895015217693,1.999508768084111,Alta,27,Predicción automática,False,True,[],"[{'position': 1, 'category': 'backend', 'score': 1.5346498179319341}, {'position': 2, 'category': 'frontend', 'score': -0.46485895015217693}, {'position': 3, 'category': 'cloud', 'score': -1.9847119228234043}, {'position': 4, 'category': 'datascience', 'score': -2.1165979317110795}]",,1,196,196,backend,aceptada,False,False,False
f7e38356-eb4e-42a0-8aed-b6f0b74a9337,197,2026-08-06T03:16:41.238+00:00,str,why localhost worked but the application couldn t connect why localhost worked but the application couldn t connect one of the most frustrating debugging sessions i ve had wasn t caused by a broken application. it.,214,36,True,Inferencia completada.,aceptada,backend,cloud,0.9171868963845112,-0.7908811825807537,1.708068078965265,Media,33,Predicción automática con monitoreo,False,True,[],"[{'position': 1, 'category': 'backend', 'score': 0.9171868963845112}, {'position': 2, 'category': 'cloud', 'score': -0.7908811825807537}, {'position': 3, 'category': 'datascience', 'score': -1.156316819312711}, {'position': 4, 'category': 'frontend', 'score': -1.4949237936596895}]",,1,197,197,backend,aceptada,False,False,False
f7e38356-eb4e-42a0-8aed-b6f0b74a9337,198,2026-08-06T03:16:41.238+00:00,str,if a bank hired me to fix their webhook handling here is how nestjs would help me start if a bank hired me to fix their webhook handling here is how nestjs would help me start a bank or payment provider sends a webhook the moment something happens. a transfer completes a.,272,52,True,Inferencia completada.,aceptada,backend,datascience,1.6653840822157457,-0.9280544243652211,2.593438506580967,Alta,37,Predicción automática,False,True,[],"[{'position': 1, 'category': 'backend', 'score': 1.6653840822157457}, {'position': 2, 'category': 'datascience', 'score': -0.9280544243652211}, {'position': 3, 'category': 'cloud', 'score': -1.157154967565977}, {'position': 4, 'category': 'frontend', 'score': -2.230493961547251}]",,1,198,198,backend,aceptada,False,False,False
f7e38356-eb4e-42a0-8aed-b6f0b74a9337,199,2026-08-06T03:16:41.238+00:00,str,why learning to debug made me a better developer than writing code why learning to debug made me a better developer than writing code why learning to debug made me a better developer than writing code when i first started.,222,40,True,Inferencia completada.,revision,backend,datascience,-0.11989213361869278,-0.45437370277819195,0.33448156915949917,Baja,25,Revisión humana recomendada,True,True,['El margen de decisión es reducido.'],"[{'position': 1, 'category': 'backend', 'score': -0.11989213361869278}, {'position': 2, 'category': 'datascience', 'score': -0.45437370277819195}, {'position': 3, 'category': 'frontend', 'score': -0.6796660224927538}, {'position': 4, 'category': 'cloud', 'score': -1.3949605700897658}]",,1,199,199,backend,revision,False,True,False
f7e38356-eb4e-42a0-8aed-b6f0b74a9337,200,2026-08-06T03:16:41.238+00:00,str,from rate card to database: engineering ups shipping rates into a multi-carrier logistics platform published: false from rate card to database: engineering ups shipping rates into a multi-carrier logistics platform published: false how i modeled a static shipping rate card into a queryable database caught schema design mistakes early and reduced 400+ database calls down to 4.,378,57,True,Inferencia completada.,aceptada,backend,datascience,0.24933450504322885,-0.7613804525502059,1.0107149575934349,Media,34,Predicción automática con monitoreo,False,True,[],"[{'position': 1, 'category': 'backend', 'score': 0.24933450504322885}, {'position': 2, 'category': 'datascience', 'score': -0.7613804525502059}, {'position': 3, 'category': 'cloud', 'score': -1.0006077021988857}, {'position': 4, 'category': 'frontend', 'score': -1.1798506005180251}]",,1,200,200,backend,aceptada,False,False,False
f7e38356-eb4e-42a0-8aed-b6f0b74a9337,201,2026-08-06T03:16:41.238+00:00,str,mcp enterprise auth for ai models amd ryzen ai halo dev kit gemini real-time performance mcp enterprise auth for ai models amd ryzen ai halo dev kit gemini real-time performance mcp enterprise auth for ai models amd ryzen ai halo dev kit gemini real-time. ai models amd ryzen gemini real-time mcp enterprise auth ai models amd ryzen gemini real-time mcp enterprise auth,369,62,True,Inferencia completada.,revision,cloud,backend,0.5546220738818607,-0.8198447082066239,1.3744667820884846,Media,13,Revisión humana recomendada,True,True,['Cobertura reducida del vocabulario.'],"[{'position': 1, 'category': 'cloud', 'score': 0.5546220738818607}, {'position': 2, 'category': 'backend', 'score': -0.8198447082066239}, {'position': 3, 'category': 'frontend', 'score': -1.1405696805319816}, {'position': 4, 'category': 'datascience', 'score': -1.3177265057235088}]",,1,201,201,cloud,revision,False,False,True
f7e38356-eb4e-42a0-8aed-b6f0b74a9337,202,2026-08-06T03:16:41.238+00:00,str,the role of ai and machine learning in payment processing the role of ai and machine learning in payment processing digital payments have become faster and more convenient but behind every successful transaction is a. digital digital,233,37,True,Inferencia completada.,aceptada,datascience,backend,0.586798526470337,-0.5711494291864216,1.1579479556567587,Media,34,Predicción automática con monitoreo,False,True,[],"[{'position': 1, 'category': 'datascience', 'score': 0.586798526470337}, {'position': 2, 'category': 'backend', 'score': -0.5711494291864216}, {'position': 3, 'category': 'cloud', 'score': -1.1045369945519052}, {'position': 4, 'category': 'frontend', 'score': -1.5599729652966783}]",,1,202,202,datascience,aceptada,False,False,False
f7e38356-eb4e-42a0-8aed-b6f0b74a9337,203,2026-08-06T03:16:41.238+00:00,str,vue 3 composition api patterns: composables provide/inject and reactivity deep dive vue 3 composition api patterns: composables provide/inject and reactivity deep dive vue 3 composition api patterns: composables provide/inject and reactivity deep dive api api,259,35,True,Inferencia completada.,revision,frontend,backend,-0.0195091965909423,-0.6251990161008657,0.6056898195099234,Baja,12,Revisión humana recomendada,True,True,"['Cobertura reducida del vocabulario.', 'El margen de decisión es reducido.']","[{'position': 1, 'category': 'frontend', 'score': -0.0195091965909423}, {'position': 2, 'category': 'backend', 'score': -0.6251990161008657}, {'position': 3, 'category': 'cloud', 'score': -0.9741360878862926}, {'position': 4, 'category': 'datascience', 'score': -1.2489264369301978}]",,1,203,203,frontend,revision,False,True,True
f7e38356-eb4e-42a0-8aed-b6f0b74a9337,204,2026-08-06T03:16:41.238+00:00,str,i scraped 100 nba matches here is what i found: clark makes wnba history with 45 points and 10 assists i scraped 100 nba matches here is what i found: clark makes wnba history with 45 points and 10 assists i scraped 100 nba matches here is what i found: clark makes wnba history with 45 points. wnba clark wnba clark,316,61,True,Inferencia completada.,aceptada,datascience,frontend,1.0018334170885637,-0.4680816750121428,1.4699150921007065,Media,25,Predicción automática con monitoreo,False,True,[],"[{'position': 1, 'category': 'datascience', 'score': 1.0018334170885637}, {'position': 2, 'category': 'frontend', 'score': -0.4680816750121428}, {'position': 3, 'category': 'cloud', 'score': -1.0107577843910536}, {'position': 4, 'category': 'backend', 'score': -1.6921857046092772}]",,1,204,204,datascience,aceptada,False,False,False
f7e38356-eb4e-42a0-8aed-b6f0b74a9337,205,2026-08-06T03:16:41.238+00:00,str,software should adapt faster than the business software should adapt faster than the business why adaptability is one of the most overlooked qualities of good software architecture one.,185,28,True,Inferencia completada.,revision,backend,cloud,-0.12505285874831595,-0.186728602827962,0.061675744079646044,Crítica,21,Revisión humana prioritaria,True,True,['Las dos categorías principales tienen puntuaciones muy cercanas.'],"[{'position': 1, 'category': 'backend', 'score': -0.12505285874831595}, {'position': 2, 'category': 'cloud', 'score': -0.186728602827962}, {'position': 3, 'category': 'frontend', 'score': -0.48160523134104477}, {'position': 4, 'category': 'datascience', 'score': -1.5385052474676322}]",,1,205,205,backend,revision,False,True,False
f7e38356-eb4e-42a0-8aed-b6f0b74a9337,206,2026-08-06T03:16:41.238+00:00,str,architecting an observable edge compute pod for real-time geospatial data architecting an observable edge compute pod for real-time geospatial data architecting an observable edge compute pod for real-time geospatial data,221,30,True,Inferencia completada.,revision,frontend,cloud,0.249643006807574,-0.8498215554366552,1.0994645622442292,Media,11,Revisión humana recomendada,True,True,['Cobertura reducida del vocabulario.'],"[{'position': 1, 'category': 'frontend', 'score': 0.249643006807574}, {'position': 2, 'category': 'cloud', 'score': -0.8498215554366552}, {'position': 3, 'category': 'datascience', 'score': -0.8652827856346544}, {'position': 4, 'category': 'backend', 'score': -1.520445368198698}]",,1,206,206,frontend,revision,False,False,True
f7e38356-eb4e-42a0-8aed-b6f0b74a9337,207,2026-08-06T03:16:41.238+00:00,str,your pipeline is 11.4h behind: catching world sentiment leads with pulsebit your pipeline is 11.4h behind: catching world sentiment leads with pulsebit your pipeline just missed a significant anomaly: a 24h momentum spike of +0.257. this isn t just a.,251,40,True,Inferencia completada.,aceptada,datascience,backend,1.601706196544268,-1.4660250958213097,3.0677312923655777,Alta,47,Predicción automática,False,True,[],"[{'position': 1, 'category': 'datascience', 'score': 1.601706196544268}, {'position': 2, 'category': 'backend', 'score': -1.4660250958213097}, {'position': 3, 'category': 'frontend', 'score': -1.5463074621768143}, {'position': 4, 'category': 'cloud', 'score': -1.6273887654889214}]",,1,207,207,datascience,aceptada,False,False,False
f7e38356-eb4e-42a0-8aed-b6f0b74a9337,208,2026-08-06T03:16:41.238+00:00,str,building smarter digital ecosystems with api integration services building smarter digital ecosystems with api integration services modern businesses rarely depend on a single platform. operations today involve websites business.,229,29,True,Inferencia completada.,revision,backend,cloud,-0.10540903500491738,-0.24769862455683966,0.14228958955192228,Crítica,26,Revisión humana prioritaria,True,True,['Las dos categorías principales tienen puntuaciones muy cercanas.'],"[{'position': 1, 'category': 'backend', 'score': -0.10540903500491738}, {'position': 2, 'category': 'cloud', 'score': -0.24769862455683966}, {'position': 3, 'category': 'frontend', 'score': -1.0895981546084799}, {'position': 4, 'category': 'datascience', 'score': -1.4405812892363996}]",,1,208,208,backend,revision,False,True,False
f7e38356-eb4e-42a0-8aed-b6f0b74a9337,209,2026-08-06T03:16:41.238+00:00,str,deployhq static hosting vs vercel: features pricing and which to choose deployhq static hosting vs vercel: features pricing and which to choose choosing between deployhq static hosting and vercel comes down to one question: are you only shipping. static hosting and vercel static hosting and vercel,298,46,True,Inferencia completada.,revision,frontend,cloud,-0.3729960359991933,-0.6351152505222457,0.2621192145230524,Baja,32,Revisión humana recomendada,True,True,['El margen de decisión es reducido.'],"[{'position': 1, 'category': 'frontend', 'score': -0.3729960359991933}, {'position': 2, 'category': 'cloud', 'score': -0.6351152505222457}, {'position': 3, 'category': 'backend', 'score': -0.9126182572831083}, {'position': 4, 'category': 'datascience', 'score': -1.1223084387327975}]",,1,209,209,frontend,revision,False,True,False
f7e38356-eb4e-42a0-8aed-b6f0b74a9337,210,2026-08-06T03:16:41.238+00:00,str,building a playful yet practical design system: real-world patterns for accessible ui tokens building a playful yet practical design system: real-world patterns for accessible ui tokens building a playful yet practical design system: real-world patterns for accessible ui.,272,38,True,Inferencia completada.,aceptada,frontend,backend,2.4239692413630203,-1.0934612253918234,3.5174304667548437,Muy alta,19,Predicción automática,False,True,[],"[{'position': 1, 'category': 'frontend', 'score': 2.4239692413630203}, {'position': 2, 'category': 'backend', 'score': -1.0934612253918234}, {'position': 3, 'category': 'datascience', 'score': -2.128876602312755}, {'position': 4, 'category': 'cloud', 'score': -2.669274910669901}]",,1,210,210,frontend,aceptada,False,False,False
f7e38356-eb4e-42a0-8aed-b6f0b74a9337,211,2026-08-06T03:16:41.238+00:00,str,zero-trust architecture across multiple clouds zero-trust architecture across multiple clouds implement a zero-trust model across clouds: federated identity saml/oidc microsegmentation encryption-in-transit and continuous policy enforcemen zero zero,249,27,True,Inferencia completada.,revision,backend,datascience,-0.10106323193178202,-0.5917802696524356,0.49071703772065356,Baja,17,Revisión humana recomendada,True,True,['El margen de decisión es reducido.'],"[{'position': 1, 'category': 'backend', 'score': -0.10106323193178202}, {'position': 2, 'category': 'datascience', 'score': -0.5917802696524356}, {'position': 3, 'category': 'cloud', 'score': -0.6339948447749194}, {'position': 4, 'category': 'frontend', 'score': -1.4498045862121263}]",,1,211,211,backend,revision,False,True,False
f7e38356-eb4e-42a0-8aed-b6f0b74a9337,212,2026-08-06T03:16:41.238+00:00,str,how we prevented magento checkout deadlocks for a big retailer during traffic surges how we prevented magento checkout deadlocks for a big retailer during traffic surges handling checkout deadlocks during peak traffic is a critical challenge for enterprise magento. magento magento,281,41,True,Inferencia completada.,revision,backend,cloud,0.32847208901895086,0.11967158070623196,0.2088005083127189,Crítica,23,Revisión humana prioritaria,True,True,['Las dos categorías principales tienen puntuaciones muy cercanas.'],"[{'position': 1, 'category': 'backend', 'score': 0.32847208901895086}, {'position': 2, 'category': 'cloud', 'score': 0.11967158070623196}, {'position': 3, 'category': 'datascience', 'score': -1.2856683144827603}, {'position': 4, 'category': 'frontend', 'score': -1.5288788183074722}]",,1,212,212,backend,revision,False,True,False
f7e38356-eb4e-42a0-8aed-b6f0b74a9337,213,2026-08-06T03:16:41.238+00:00,str,cloud optimization: building faster cheaper more scalable applications cloud optimization: building faster cheaper more scalable applications cloud optimization is the process of improving cloud infrastructure to achieve better performance.,240,29,True,Inferencia completada.,aceptada,cloud,frontend,1.9196458537207688,-1.3737477804277878,3.293393634148557,Alta,23,Predicción automática,False,True,[],"[{'position': 1, 'category': 'cloud', 'score': 1.9196458537207688}, {'position': 2, 'category': 'frontend', 'score': -1.3737477804277878}, {'position': 3, 'category': 'backend', 'score': -2.0234889052839895}, {'position': 4, 'category': 'datascience', 'score': -2.025207921815573}]",,1,213,213,cloud,aceptada,False,False,False
f7e38356-eb4e-42a0-8aed-b6f0b74a9337,214,2026-08-06T03:16:41.238+00:00,str,architecture review boards: best practices architecture review boards: best practices introduction as organizations accelerate digital transformation cloud adoption enterprise.,176,19,True,Inferencia completada.,aceptada,cloud,backend,1.3018066673879858,-1.1039537148591558,2.4057603822471414,Alta,17,Predicción automática,False,True,[],"[{'position': 1, 'category': 'cloud', 'score': 1.3018066673879858}, {'position': 2, 'category': 'backend', 'score': -1.1039537148591558}, {'position': 3, 'category': 'frontend', 'score': -1.53290171628674}, {'position': 4, 'category': 'datascience', 'score': -1.5604021663308068}]",,1,214,214,cloud,aceptada,False,False,False
f7e38356-eb4e-42a0-8aed-b6f0b74a9337,215,2026-08-06T03:16:41.238+00:00,str,fastapi: valida emails por entorno preview fastapi: valida emails por entorno preview guía práctica para validar correos en entornos preview con fastapi bandejas aisladas y menos ruido entre ramas y pruebas. correos en para validar guía bandejas correos en para validar guía bandejas,283,43,True,Inferencia completada.,aceptada,backend,cloud,0.9422976113304954,-0.5605978618123418,1.5028954731428372,Media,27,Predicción automática con monitoreo,False,True,[],"[{'position': 1, 'category': 'backend', 'score': 0.9422976113304954}, {'position': 2, 'category': 'cloud', 'score': -0.5605978618123418}, {'position': 3, 'category': 'frontend', 'score': -1.1069037519784848}, {'position': 4, 'category': 'datascience', 'score': -1.4155910036005057}]",,1,215,215,backend,aceptada,False,False,False
f7e38356-eb4e-42a0-8aed-b6f0b74a9337,216,2026-08-06T03:16:41.238+00:00,str,analyzing and troubleshooting bottlenecks in fastapi: optimizing auth flow cryptography and data serialization analyzing and troubleshooting bottlenecks in fastapi: optimizing auth flow cryptography and data serialization this article is intended for those who like me are interested in profiling and performance.,313,41,True,Inferencia completada.,revision,backend,datascience,0.10927025991667194,0.016429695802360533,0.09284056411431141,Crítica,27,Revisión humana prioritaria,True,True,['Las dos categorías principales tienen puntuaciones muy cercanas.'],"[{'position': 1, 'category': 'backend', 'score': 0.10927025991667194}, {'position': 2, 'category': 'datascience', 'score': 0.016429695802360533}, {'position': 3, 'category': 'frontend', 'score': -1.102587978382212}, {'position': 4, 'category': 'cloud', 'score': -1.2885432151609046}]",,1,216,216,backend,revision,False,True,False
f7e38356-eb4e-42a0-8aed-b6f0b74a9337,217,2026-08-06T03:16:41.238+00:00,str,your pipeline is 27.8h behind: catching travel sentiment leads with pulsebit your pipeline is 27.8h behind: catching travel sentiment leads with pulsebit your pipeline is 27.8h behind: catching travel sentiment leads with pulsebit we ve just. 27.8h 27.8h,254,38,True,Inferencia completada.,aceptada,datascience,frontend,1.479252770953599,-1.3698078592085152,2.849060630162114,Alta,28,Predicción automática,False,True,[],"[{'position': 1, 'category': 'datascience', 'score': 1.479252770953599}, {'position': 2, 'category': 'frontend', 'score': -1.3698078592085152}, {'position': 3, 'category': 'backend', 'score': -1.437330692468508}, {'position': 4, 'category': 'cloud', 'score': -1.9927091433449329}]",,1,217,217,datascience,aceptada,False,False,False
f7e38356-eb4e-42a0-8aed-b6f0b74a9337,218,2026-08-06T03:16:41.238+00:00,str,i built a nestjs banking ledger that cannot be overdrawn even under concurrent requests i built a nestjs banking ledger that cannot be overdrawn even under concurrent requests imagine an account holding one hundred dollars. two withdrawal requests for sixty dollars each arrive. one hundred dollars sixty dollars one hundred dollars sixty dollars,346,53,True,Inferencia completada.,aceptada,backend,frontend,0.8053969151069361,-0.744531966316484,1.54992888142342,Media,27,Predicción automática con monitoreo,False,True,[],"[{'position': 1, 'category': 'backend', 'score': 0.8053969151069361}, {'position': 2, 'category': 'frontend', 'score': -0.744531966316484}, {'position': 3, 'category': 'cloud', 'score': -1.2625062895878272}, {'position': 4, 'category': 'datascience', 'score': -1.2997207501695214}]",,1,218,218,backend,aceptada,False,False,False
f7e38356-eb4e-42a0-8aed-b6f0b74a9337,219,2026-08-06T03:16:41.238+00:00,str,data modelling joins relationships and schemas in power bi. data modelling joins relationships and schemas in power bi. often not most beginners assume that having clean data visually appealing charts and.,205,31,True,Inferencia completada.,aceptada,datascience,frontend,2.5414497845154216,-1.4885077573948151,4.029957541910237,Muy alta,26,Predicción automática,False,True,[],"[{'position': 1, 'category': 'datascience', 'score': 2.5414497845154216}, {'position': 2, 'category': 'frontend', 'score': -1.4885077573948151}, {'position': 3, 'category': 'cloud', 'score': -1.7048084879334078}, {'position': 4, 'category': 'backend', 'score': -1.768806511200336}]",,1,219,219,datascience,aceptada,False,False,False
f7e38356-eb4e-42a0-8aed-b6f0b74a9337,220,2026-08-06T03:16:41.238+00:00,str,a minimalist implementation model of rbac permissions for the reverse overseas online shopping backend a minimalist implementation model of rbac permissions for the reverse overseas online shopping backend confusion in back-end permissions is a common hidden danger in reverse overseas online shopping.,302,42,True,Inferencia completada.,aceptada,backend,datascience,0.29801846926296716,-1.1828297095884537,1.4808481788514207,Media,25,Predicción automática con monitoreo,False,True,[],"[{'position': 1, 'category': 'backend', 'score': 0.29801846926296716}, {'position': 2, 'category': 'datascience', 'score': -1.1828297095884537}, {'position': 3, 'category': 'frontend', 'score': -1.2710394724390959}, {'position': 4, 'category': 'cloud', 'score': -1.280482433192303}]",,1,220,220,backend,aceptada,False,False,False
f7e38356-eb4e-42a0-8aed-b6f0b74a9337,221,2026-08-06T03:16:41.238+00:00,str,serverless containers across aws azure gcp weekly benchmarks for jun 09 jun 15 2026 serverless containers across aws azure gcp weekly benchmarks for jun 09 jun 15 2026 serverless containers weekly provisioning benchmarks window: jun 09 jun 15 2026,247,39,True,Inferencia completada.,aceptada,cloud,frontend,1.5071017077490887,-1.1354008712183663,2.6425025789674548,Alta,31,Predicción automática,False,True,[],"[{'position': 1, 'category': 'cloud', 'score': 1.5071017077490887}, {'position': 2, 'category': 'frontend', 'score': -1.1354008712183663}, {'position': 3, 'category': 'backend', 'score': -1.556941095272605}, {'position': 4, 'category': 'datascience', 'score': -1.8140388673354848}]",,1,221,221,cloud,aceptada,False,False,False
f7e38356-eb4e-42a0-8aed-b6f0b74a9337,222,2026-08-06T03:16:41.238+00:00,str,introducing aws sandbox environment: learn aws for free without a credit card introducing aws sandbox environment: learn aws for free without a credit card aws builder center now offers free 8-hour sandbox environments for workshops. here s how it works who it s for and how it compares to free tier skill builder and educate. educate skill builder aws builder center educate skill builder aws builder center,408,67,True,Inferencia completada.,aceptada,cloud,frontend,1.4023469235669208,-0.6498118991141388,2.0521588226810596,Alta,43,Predicción automática,False,True,[],"[{'position': 1, 'category': 'cloud', 'score': 1.4023469235669208}, {'position': 2, 'category': 'frontend', 'score': -0.6498118991141388}, {'position': 3, 'category': 'datascience', 'score': -1.2409192379626612}, {'position': 4, 'category': 'backend', 'score': -2.1537417759837854}]",,1,222,222,cloud,aceptada,False,False,False
f7e38356-eb4e-42a0-8aed-b6f0b74a9337,223,2026-08-06T03:16:41.238+00:00,str,building a real-time low-latency asset tracker on edge devices building a real-time low-latency asset tracker on edge devices building a real-time low-latency asset tracker on edge devices building a.,200,29,True,Inferencia completada.,revision,frontend,backend,0.6131340260847385,-0.769466800479341,1.3826008265640795,Media,10,Revisión humana recomendada,True,True,['Cobertura reducida del vocabulario.'],"[{'position': 1, 'category': 'frontend', 'score': 0.6131340260847385}, {'position': 2, 'category': 'backend', 'score': -0.769466800479341}, {'position': 3, 'category': 'datascience', 'score': -0.8688612716580826}, {'position': 4, 'category': 'cloud', 'score': -1.9610723996348316}]",,1,223,223,frontend,revision,False,False,True
f7e38356-eb4e-42a0-8aed-b6f0b74a9337,224,2026-08-06T03:16:41.238+00:00,str,your pipeline is 24.5h behind: catching world sentiment leads with pulsebit your pipeline is 24.5h behind: catching world sentiment leads with pulsebit your pipeline is 24.5h behind: catching world sentiment leads with pulsebit we recently. 24.5h 24.5h,252,37,True,Inferencia completada.,aceptada,datascience,frontend,1.864073239082094,-1.3962858371165805,3.2603590761986743,Alta,26,Predicción automática,False,True,[],"[{'position': 1, 'category': 'datascience', 'score': 1.864073239082094}, {'position': 2, 'category': 'frontend', 'score': -1.3962858371165805}, {'position': 3, 'category': 'backend', 'score': -1.5337704337377338}, {'position': 4, 'category': 'cloud', 'score': -2.0470965857248453}]",,1,224,224,datascience,aceptada,False,False,False
f7e38356-eb4e-42a0-8aed-b6f0b74a9337,225,2026-08-06T03:16:41.238+00:00,str,google openrl for llm fine-tuning rubyllm multi-ai api openai s jalapeño chip revealed google openrl for llm fine-tuning rubyllm multi-ai api openai s jalapeño chip revealed google openrl for llm fine-tuning rubyllm multi-ai api openai s jalapeño chip revealed openai google openrl for llm fine jalapeño chip revealed openai google openrl for llm fine jalapeño chip revealed,374,57,True,Inferencia completada.,revision,cloud,backend,0.12457278367756397,-0.06964141308358418,0.19421419676114815,Crítica,12,Revisión humana prioritaria,True,True,"['Cobertura reducida del vocabulario.', 'Las dos categorías principales tienen puntuaciones muy cercanas.']","[{'position': 1, 'category': 'cloud', 'score': 0.12457278367756397}, {'position': 2, 'category': 'backend', 'score': -0.06964141308358418}, {'position': 3, 'category': 'datascience', 'score': -1.1511831324408788}, {'position': 4, 'category': 'frontend', 'score': -1.6832366536150367}]",,1,225,225,cloud,revision,False,True,True
f7e38356-eb4e-42a0-8aed-b6f0b74a9337,226,2026-08-06T03:16:41.238+00:00,str,azure management groups 101 azure management groups 101 introduction as cloud computing advances effective resource management becomes vital for.,145,19,True,Inferencia completada.,aceptada,cloud,frontend,2.214875608807311,-1.4523779555266625,3.6672535643339734,Muy alta,16,Predicción automática,False,True,[],"[{'position': 1, 'category': 'cloud', 'score': 2.214875608807311}, {'position': 2, 'category': 'frontend', 'score': -1.4523779555266625}, {'position': 3, 'category': 'datascience', 'score': -1.7517116864945013}, {'position': 4, 'category': 'backend', 'score': -2.060624219476385}]",,1,226,226,cloud,aceptada,False,False,False
f7e38356-eb4e-42a0-8aed-b6f0b74a9337,227,2026-08-06T03:16:41.238+00:00,str,your pipeline is 16.7h behind: catching mobile sentiment leads with pulsebit your pipeline is 16.7h behind: catching mobile sentiment leads with pulsebit your pipeline is 16.7h behind: catching mobile sentiment leads with pulsebit we just. 16.7h 16.7h,251,37,True,Inferencia completada.,aceptada,datascience,backend,2.3169879458182328,-1.6270567283959494,3.944044674214182,Muy alta,23,Predicción automática,False,True,[],"[{'position': 1, 'category': 'datascience', 'score': 2.3169879458182328}, {'position': 2, 'category': 'backend', 'score': -1.6270567283959494}, {'position': 3, 'category': 'frontend', 'score': -1.633455701232661}, {'position': 4, 'category': 'cloud', 'score': -2.574038945611927}]",,1,227,227,datascience,aceptada,False,False,False
f7e38356-eb4e-42a0-8aed-b6f0b74a9337,228,2026-08-06T03:16:41.238+00:00,str,building systems not screens building systems not screens why great software architecture starts with business thinking when people describe a.,143,20,True,Inferencia completada.,revision,backend,frontend,0.2676359649934922,-0.5381748735257623,0.8058108385192545,Baja,19,Revisión humana recomendada,True,True,['El margen de decisión es reducido.'],"[{'position': 1, 'category': 'backend', 'score': 0.2676359649934922}, {'position': 2, 'category': 'frontend', 'score': -0.5381748735257623}, {'position': 3, 'category': 'cloud', 'score': -1.09756841570576}, {'position': 4, 'category': 'datascience', 'score': -1.2895574192736496}]",,1,228,228,backend,revision,False,True,False
f7e38356-eb4e-42a0-8aed-b6f0b74a9337,229,2026-08-06T03:16:41.238+00:00,str,your pipeline is 29.2h behind: catching world sentiment leads with pulsebit your pipeline is 29.2h behind: catching world sentiment leads with pulsebit your pipeline is 29.2h behind: catching world sentiment leads with pulsebit we recently. 29.2h 29.2h,252,37,True,Inferencia completada.,aceptada,datascience,frontend,1.864073239082094,-1.3962858371165805,3.2603590761986743,Alta,26,Predicción automática,False,True,[],"[{'position': 1, 'category': 'datascience', 'score': 1.864073239082094}, {'position': 2, 'category': 'frontend', 'score': -1.3962858371165805}, {'position': 3, 'category': 'backend', 'score': -1.5337704337377338}, {'position': 4, 'category': 'cloud', 'score': -2.0470965857248453}]",,1,229,229,datascience,aceptada,False,False,False
f7e38356-eb4e-42a0-8aed-b6f0b74a9337,230,2026-08-06T03:16:41.238+00:00,str,complete generative ai data science course in telugu for career growth complete generative ai data science course in telugu for career growth introduction technology is transforming every industry making artificial intelligence and.,232,32,True,Inferencia completada.,aceptada,datascience,frontend,2.3150811502480724,-1.4361626019295322,3.7512437521776043,Muy alta,33,Predicción automática,False,True,[],"[{'position': 1, 'category': 'datascience', 'score': 2.3150811502480724}, {'position': 2, 'category': 'frontend', 'score': -1.4361626019295322}, {'position': 3, 'category': 'cloud', 'score': -1.9251112506570776}, {'position': 4, 'category': 'backend', 'score': -1.9694263804662269}]",,1,230,230,datascience,aceptada,False,False,False
f7e38356-eb4e-42a0-8aed-b6f0b74a9337,231,2026-08-06T03:16:41.238+00:00,str,system design course roadmap: from basics to advanced concepts system design course roadmap: from basics to advanced concepts learning system design can seem overwhelming at first because it involves multiple technologies,221,31,True,Inferencia completada.,aceptada,backend,frontend,0.3579307402976374,-0.600397617456089,0.9583283577537264,Media,22,Predicción automática con monitoreo,False,True,[],"[{'position': 1, 'category': 'backend', 'score': 0.3579307402976374}, {'position': 2, 'category': 'frontend', 'score': -0.600397617456089}, {'position': 3, 'category': 'datascience', 'score': -1.0305944181834608}, {'position': 4, 'category': 'cloud', 'score': -1.7013145767328783}]",,1,231,231,backend,aceptada,False,False,False
f7e38356-eb4e-42a0-8aed-b6f0b74a9337,232,2026-08-06T03:16:41.238+00:00,str,7 steps to high performance web design 7 steps to high performance web design let s be honest: users have zero patience. if your beautiful new website takes more than 2 seconds to. more than 2 seconds zero more than 2 seconds zero,230,43,True,Inferencia completada.,aceptada,frontend,backend,0.5717653164894377,-0.6608043423681935,1.2325696588576314,Media,31,Predicción automática con monitoreo,False,True,[],"[{'position': 1, 'category': 'frontend', 'score': 0.5717653164894377}, {'position': 2, 'category': 'backend', 'score': -0.6608043423681935}, {'position': 3, 'category': 'datascience', 'score': -1.1013299756841495}, {'position': 4, 'category': 'cloud', 'score': -1.5328080715146148}]",,1,232,232,frontend,aceptada,False,False,False
f7e38356-eb4e-42a0-8aed-b6f0b74a9337,233,2026-08-06T03:16:41.238+00:00,str,building pwas: my neo in the matrix quest for offline first magic building pwas: my neo in the matrix quest for offline first magic the quest begins the why picture this: i m sitting at my desk coffee gone cold,210,40,True,Inferencia completada.,revision,frontend,backend,0.29250469933688905,-0.46738143215311556,0.7598861314900046,Baja,39,Revisión humana recomendada,True,True,['El margen de decisión es reducido.'],"[{'position': 1, 'category': 'frontend', 'score': 0.29250469933688905}, {'position': 2, 'category': 'backend', 'score': -0.46738143215311556}, {'position': 3, 'category': 'datascience', 'score': -1.2990359474907667}, {'position': 4, 'category': 'cloud', 'score': -1.3559832880175706}]",,1,233,233,frontend,revision,False,True,False
f7e38356-eb4e-42a0-8aed-b6f0b74a9337,234,2026-08-06T03:16:41.238+00:00,str,the engineering challenges of multi-vendor gpu strategies the engineering challenges of multi-vendor gpu strategies artificial intelligence infrastructure is going through a major transition. for years many. years years,219,28,True,Inferencia completada.,revision,cloud,frontend,-0.15001430389887294,-0.17496470393734498,0.024950400038472043,Crítica,26,Revisión humana prioritaria,True,True,['Las dos categorías principales tienen puntuaciones muy cercanas.'],"[{'position': 1, 'category': 'cloud', 'score': -0.15001430389887294}, {'position': 2, 'category': 'frontend', 'score': -0.17496470393734498}, {'position': 3, 'category': 'backend', 'score': -1.1302309888705646}, {'position': 4, 'category': 'datascience', 'score': -1.303445238686937}]",,1,234,234,cloud,revision,False,True,False
f7e38356-eb4e-42a0-8aed-b6f0b74a9337,235,2026-08-06T03:16:41.238+00:00,str,one wallet made 58.9 of base s 167 725 gasless usdc payments in the last 19 hours one wallet made 58.9 of base s 167 725 gasless usdc payments in the last 19 hours all numbers below are chain-derived via eth_getlogs against public rpcs. nothing is self-reported,261,47,True,Inferencia completada.,revision,backend,datascience,0.0034721682490834738,-0.4524445662864495,0.455916734535533,Baja,23,Revisión humana recomendada,True,True,['El margen de decisión es reducido.'],"[{'position': 1, 'category': 'backend', 'score': 0.0034721682490834738}, {'position': 2, 'category': 'datascience', 'score': -0.4524445662864495}, {'position': 3, 'category': 'cloud', 'score': -0.8864767197640879}, {'position': 4, 'category': 'frontend', 'score': -1.4495557551239973}]",,1,235,235,backend,revision,False,True,False
f7e38356-eb4e-42a0-8aed-b6f0b74a9337,236,2026-08-06T03:16:41.238+00:00,str,your rate limiter is not a security control your rate limiter is not a security control last week a bot pulled 100 of one passport s data out of my visa api in a few minutes. my rate. ~100% api last week a few minutes ~100% api last week a few minutes,251,52,True,Inferencia completada.,aceptada,backend,datascience,0.9296529100608254,-0.543618563665127,1.4732714737259522,Media,41,Predicción automática con monitoreo,False,True,[],"[{'position': 1, 'category': 'backend', 'score': 0.9296529100608254}, {'position': 2, 'category': 'datascience', 'score': -0.543618563665127}, {'position': 3, 'category': 'cloud', 'score': -1.2180380062100977}, {'position': 4, 'category': 'frontend', 'score': -1.90200210706672}]",,1,236,236,backend,aceptada,False,False,False
f7e38356-eb4e-42a0-8aed-b6f0b74a9337,237,2026-08-06T03:16:41.238+00:00,str,world cup 2026: why spain s 9-goal rampage masks a fatal late-game weakness jun 28 world cup 2026: why spain s 9-goal rampage masks a fatal late-game weakness jun 28 spain looks unstoppable right now. they ve demolished uruguay 1-0 and saudi arabia 4-0 in consecutive. uruguay 1-0 saudi arabia spain uruguay 1-0 saudi arabia spain,330,56,True,Inferencia completada.,aceptada,datascience,cloud,1.1940749507353843,-0.8389724158006449,2.033047366536029,Alta,36,Predicción automática,False,True,[],"[{'position': 1, 'category': 'datascience', 'score': 1.1940749507353843}, {'position': 2, 'category': 'cloud', 'score': -0.8389724158006449}, {'position': 3, 'category': 'frontend', 'score': -1.2830152389640292}, {'position': 4, 'category': 'backend', 'score': -1.7646918338038065}]",,1,237,237,datascience,aceptada,False,False,False
f7e38356-eb4e-42a0-8aed-b6f0b74a9337,238,2026-08-06T03:16:41.238+00:00,str,the end of usememo: why react 19 s compiler is a game changer the end of usememo: why react 19 s compiler is a game changer say goodbye to manual memoization. discover how the new react compiler fundamentally transforms how we build react applications. react compiler react compiler,282,48,True,Inferencia completada.,aceptada,frontend,cloud,0.92198219025442,-0.7814215801377997,1.7034037703922196,Media,36,Predicción automática con monitoreo,False,True,[],"[{'position': 1, 'category': 'frontend', 'score': 0.92198219025442}, {'position': 2, 'category': 'cloud', 'score': -0.7814215801377997}, {'position': 3, 'category': 'datascience', 'score': -1.1499338628801326}, {'position': 4, 'category': 'backend', 'score': -1.3546808102658545}]",,1,238,238,frontend,aceptada,False,False,False
f7e38356-eb4e-42a0-8aed-b6f0b74a9337,239,2026-08-06T03:16:41.238+00:00,str,how to build a linkedin profile scraper: the honest technical guide how to build a linkedin profile scraper: the honest technical guide a practical honest guide to building a linkedin profile scraper: why there s no public api how public pages embed json-ld and the legal reality. linkedin linkedin,298,49,True,Inferencia completada.,revision,frontend,datascience,-0.06705812565364744,-0.29701976087923987,0.22996163522559243,Crítica,39,Revisión humana prioritaria,True,True,['Las dos categorías principales tienen puntuaciones muy cercanas.'],"[{'position': 1, 'category': 'frontend', 'score': -0.06705812565364744}, {'position': 2, 'category': 'datascience', 'score': -0.29701976087923987}, {'position': 3, 'category': 'backend', 'score': -1.2106144430054995}, {'position': 4, 'category': 'cloud', 'score': -1.249072948519368}]",,1,239,239,frontend,revision,False,True,False
f7e38356-eb4e-42a0-8aed-b6f0b74a9337,240,2026-08-06T03:16:41.238+00:00,str,your pipeline is 20.1h behind: catching software sentiment leads with pulsebit your pipeline is 20.1h behind: catching software sentiment leads with pulsebit your pipeline is 20.1h behind: catching software sentiment leads with pulsebit we recently. 20.1h 20.1h,261,37,True,Inferencia completada.,aceptada,datascience,frontend,2.1537710482140033,-1.515600822007674,3.6693718702216773,Muy alta,23,Predicción automática,False,True,[],"[{'position': 1, 'category': 'datascience', 'score': 2.1537710482140033}, {'position': 2, 'category': 'frontend', 'score': -1.515600822007674}, {'position': 3, 'category': 'backend', 'score': -1.760776609113114}, {'position': 4, 'category': 'cloud', 'score': -1.9557680100203272}]",,1,240,240,datascience,aceptada,False,False,False
f7e38356-eb4e-42a0-8aed-b6f0b74a9337,241,2026-08-06T03:16:41.238+00:00,str,the content audit that didn t need me to build a scraper the content audit that didn t need me to build a scraper a client came to me in june with a request that sounded like a tuesday afternoon and turned into a. june afternoon tuesday june afternoon tuesday,259,50,True,Inferencia completada.,aceptada,backend,datascience,0.6296197550234192,-0.8635610195808306,1.4931807746042498,Media,35,Predicción automática con monitoreo,False,True,[],"[{'position': 1, 'category': 'backend', 'score': 0.6296197550234192}, {'position': 2, 'category': 'datascience', 'score': -0.8635610195808306}, {'position': 3, 'category': 'frontend', 'score': -1.156927580210747}, {'position': 4, 'category': 'cloud', 'score': -1.2531402873332305}]",,1,241,241,backend,aceptada,False,False,False
f7e38356-eb4e-42a0-8aed-b6f0b74a9337,242,2026-08-06T03:16:41.238+00:00,str,your pipeline is 24.8h behind: catching business sentiment leads with pulsebit your pipeline is 24.8h behind: catching business sentiment leads with pulsebit your pipeline is 24.8h behind: catching business sentiment leads with pulsebit we recently. 24.8h 24.8h,261,37,True,Inferencia completada.,aceptada,datascience,backend,1.8203906565468624,-1.3875245028522878,3.20791515939915,Alta,26,Predicción automática,False,True,[],"[{'position': 1, 'category': 'datascience', 'score': 1.8203906565468624}, {'position': 2, 'category': 'backend', 'score': -1.3875245028522878}, {'position': 3, 'category': 'frontend', 'score': -1.4511024494018692}, {'position': 4, 'category': 'cloud', 'score': -2.166925904898695}]",,1,242,242,datascience,aceptada,False,False,False
f7e38356-eb4e-42a0-8aed-b6f0b74a9337,243,2026-08-06T03:16:41.238+00:00,str,replacing 30+ ad-hoc sql reports with a semantic layer replacing 30+ ad-hoc sql reports with a semantic layer replacing 30+ ad-hoc sql reports with a semantic layer a domain owner pulled me into a. 30+ ad-hoc sql reports 30+ ad-hoc sql reports,243,42,True,Inferencia completada.,revision,datascience,backend,0.22387286595063305,-0.3005231481069975,0.5243960140576305,Baja,17,Revisión humana recomendada,True,True,['El margen de decisión es reducido.'],"[{'position': 1, 'category': 'datascience', 'score': 0.22387286595063305}, {'position': 2, 'category': 'backend', 'score': -0.3005231481069975}, {'position': 3, 'category': 'frontend', 'score': -1.2298826871928803}, {'position': 4, 'category': 'cloud', 'score': -1.3428446208001104}]",,1,243,243,datascience,revision,False,True,False
f7e38356-eb4e-42a0-8aed-b6f0b74a9337,244,2026-08-06T03:16:41.238+00:00,str,aws daily digest june 11 2026 aws daily digest june 11 2026 aws daily digest june 11 2026 auto-generated groq llama 3.3 70b free june 11 groq llama 3.3 june 11 groq llama 3.3,174,34,True,Inferencia completada.,aceptada,cloud,frontend,1.58220316410832,-1.3829059861268795,2.9651091502351994,Alta,26,Predicción automática,False,True,[],"[{'position': 1, 'category': 'cloud', 'score': 1.58220316410832}, {'position': 2, 'category': 'frontend', 'score': -1.3829059861268795}, {'position': 3, 'category': 'datascience', 'score': -1.4104706682852222}, {'position': 4, 'category': 'backend', 'score': -1.6655471734928873}]",,1,244,244,cloud,aceptada,False,False,False
f7e38356-eb4e-42a0-8aed-b6f0b74a9337,245,2026-08-06T03:16:41.238+00:00,str,effective go in 2026: the idioms that still decide good go code effective go in 2026: the idioms that still decide good go code the effective go idioms that still separate good go from bad in 2026: composition small interfaces error values and sharing by communicating.,269,46,True,Inferencia completada.,aceptada,backend,frontend,0.9347284324096089,-0.548543223954306,1.483271656363915,Media,27,Predicción automática con monitoreo,False,True,[],"[{'position': 1, 'category': 'backend', 'score': 0.9347284324096089}, {'position': 2, 'category': 'frontend', 'score': -0.548543223954306}, {'position': 3, 'category': 'cloud', 'score': -1.3156107113189748}, {'position': 4, 'category': 'datascience', 'score': -1.8623933721604358}]",,1,245,245,backend,aceptada,False,False,False
f7e38356-eb4e-42a0-8aed-b6f0b74a9337,246,2026-08-06T03:16:41.238+00:00,str,what cloud revenue actually means: how big tech decides what you get to see what cloud revenue actually means: how big tech decides what you get to see part 2 of a sourced series on cloud economics. for years azure revenue was a percentage not a number. how the giants define bundle and break out cloud shapes what investors can actually see. years years,354,64,True,Inferencia completada.,aceptada,cloud,datascience,1.2431093416434464,-0.834575861360949,2.0776852030043953,Alta,52,Predicción automática,False,True,[],"[{'position': 1, 'category': 'cloud', 'score': 1.2431093416434464}, {'position': 2, 'category': 'datascience', 'score': -0.834575861360949}, {'position': 3, 'category': 'frontend', 'score': -1.566848111962369}, {'position': 4, 'category': 'backend', 'score': -2.0344603023696655}]",,1,246,246,cloud,aceptada,False,False,False
f7e38356-eb4e-42a0-8aed-b6f0b74a9337,247,2026-08-06T03:16:41.238+00:00,str,migrando um yms de 5 anos: do angular 16 ao 21 parte 2 -roteamento moderno e o fim das classes guards migrando um yms de 5 anos: do angular 16 ao 21 parte 2 -roteamento moderno e o fim das classes guards fala comunidade dev no primeiro artigo da nossa série sobre a evolução arquitetural de um yms. fala yms fala yms,316,62,True,Inferencia completada.,aceptada,frontend,datascience,1.198310665499299,-1.0436445433606871,2.241955208859986,Alta,46,Predicción automática,False,True,[],"[{'position': 1, 'category': 'frontend', 'score': 1.198310665499299}, {'position': 2, 'category': 'datascience', 'score': -1.0436445433606871}, {'position': 3, 'category': 'backend', 'score': -1.378804111574329}, {'position': 4, 'category': 'cloud', 'score': -1.443675090158095}]",,1,247,247,frontend,aceptada,False,False,False
f7e38356-eb4e-42a0-8aed-b6f0b74a9337,248,2026-08-06T03:16:41.238+00:00,str,rtk query and react query look identical from the outside. rtk query and react query look identical from the outside. rtk query and react query look identical from the outside. both cache api responses. both. api rtk query and react query api rtk query and react query,268,47,True,Inferencia completada.,aceptada,frontend,backend,0.5222862093406975,-0.6990158630962857,1.2213020724369832,Media,16,Predicción automática con monitoreo,False,True,[],"[{'position': 1, 'category': 'frontend', 'score': 0.5222862093406975}, {'position': 2, 'category': 'backend', 'score': -0.6990158630962857}, {'position': 3, 'category': 'datascience', 'score': -1.2806703178459553}, {'position': 4, 'category': 'cloud', 'score': -1.3098387678919419}]",,1,248,248,frontend,aceptada,False,False,False
f7e38356-eb4e-42a0-8aed-b6f0b74a9337,249,2026-08-06T03:16:41.238+00:00,str,the cloud conversation has changed it s no longer just about migration the cloud conversation has changed it s no longer just about migration a few years ago cloud transformation was measured by one question: have we migrated our. a few years ago a few years ago,262,47,True,Inferencia completada.,aceptada,cloud,backend,0.90906149762092,-0.894125776649451,1.8031872742703712,Alta,39,Predicción automática,False,True,[],"[{'position': 1, 'category': 'cloud', 'score': 0.90906149762092}, {'position': 2, 'category': 'backend', 'score': -0.894125776649451}, {'position': 3, 'category': 'frontend', 'score': -1.0620119307580365}, {'position': 4, 'category': 'datascience', 'score': -1.6753893517460747}]",,1,249,249,cloud,aceptada,False,False,False
f7e38356-eb4e-42a0-8aed-b6f0b74a9337,250,2026-08-06T03:16:41.238+00:00,str,a lot of frontend bugs do not start from bad code.they start from a small semantic mistake:treating derived state as if it were real state.full article is here a lot of frontend bugs do not start from bad code.they start from a small semantic mistake:treating derived state as if it were real state.full article is here deconstructing the semantic confusion between state derived state and effects effects ... effects ...,421,70,True,Inferencia completada.,aceptada,frontend,backend,1.7802462273116406,-1.2561524897560516,3.0363987170676925,Alta,42,Predicción automática,False,True,[],"[{'position': 1, 'category': 'frontend', 'score': 1.7802462273116406}, {'position': 2, 'category': 'backend', 'score': -1.2561524897560516}, {'position': 3, 'category': 'datascience', 'score': -1.2615031411223365}, {'position': 4, 'category': 'cloud', 'score': -1.6553104108290362}]",,1,250,250,frontend,aceptada,False,False,False
f7e38356-eb4e-42a0-8aed-b6f0b74a9337,251,2026-08-06T03:16:41.238+00:00,str,day 40 of learning mern stack day 40 of learning mern stack hello dev community it is officially day 40 of my continuous unbroken streak toward mastering.,154,27,True,Inferencia completada.,aceptada,backend,frontend,0.9721235036984729,-0.9574082853398616,1.9295317890383346,Alta,32,Predicción automática,False,True,[],"[{'position': 1, 'category': 'backend', 'score': 0.9721235036984729}, {'position': 2, 'category': 'frontend', 'score': -0.9574082853398616}, {'position': 3, 'category': 'datascience', 'score': -1.1397419173193826}, {'position': 4, 'category': 'cloud', 'score': -1.4259203017232225}]",,1,251,251,backend,aceptada,False,False,False
f7e38356-eb4e-42a0-8aed-b6f0b74a9337,252,2026-08-06T03:16:41.238+00:00,str,your pipeline is 29.2h behind: catching law sentiment leads with pulsebit your pipeline is 29.2h behind: catching law sentiment leads with pulsebit your pipeline is 29.2h behind: catching law sentiment leads with pulsebit we ve stumbled. 29.2h 29.2h,249,38,True,Inferencia completada.,aceptada,datascience,frontend,1.3265169158760952,-1.1783216627825372,2.5048385786586325,Alta,26,Predicción automática,False,True,[],"[{'position': 1, 'category': 'datascience', 'score': 1.3265169158760952}, {'position': 2, 'category': 'frontend', 'score': -1.1783216627825372}, {'position': 3, 'category': 'backend', 'score': -1.2375871313333178}, {'position': 4, 'category': 'cloud', 'score': -1.9212138717898948}]",,1,252,252,datascience,aceptada,False,False,False
f7e38356-eb4e-42a0-8aed-b6f0b74a9337,253,2026-08-06T03:16:41.238+00:00,str,common spatial pattern csp : a correctness proof common spatial pattern csp : a correctness proof adapted from an appendix of my ms thesis. common spatial pattern correctness.,175,28,True,Inferencia completada.,aceptada,datascience,backend,1.1541166346512077,-1.153971030477899,2.308087665129107,Alta,21,Predicción automática,False,True,[],"[{'position': 1, 'category': 'datascience', 'score': 1.1541166346512077}, {'position': 2, 'category': 'backend', 'score': -1.153971030477899}, {'position': 3, 'category': 'frontend', 'score': -1.214215266326506}, {'position': 4, 'category': 'cloud', 'score': -1.581473088158319}]",,1,253,253,datascience,aceptada,False,False,False
f7e38356-eb4e-42a0-8aed-b6f0b74a9337,254,2026-08-06T03:16:41.238+00:00,str,building a geopolitical signal desk: ais corridor pressure multi-source price cross-validation and corroboration logic building a geopolitical signal desk: ais corridor pressure multi-source price cross-validation and corroboration logic i am an energy and macro trader and i built a real-time geopolitical decision desk because i was.,335,46,True,Inferencia completada.,revision,frontend,datascience,0.15534021712898416,-0.28243694471407865,0.4377771618430628,Baja,25,Revisión humana recomendada,True,True,['El margen de decisión es reducido.'],"[{'position': 1, 'category': 'frontend', 'score': 0.15534021712898416}, {'position': 2, 'category': 'datascience', 'score': -0.28243694471407865}, {'position': 3, 'category': 'backend', 'score': -0.5264811936906414}, {'position': 4, 'category': 'cloud', 'score': -1.9593475570040013}]",,1,254,254,frontend,revision,False,True,False
f7e38356-eb4e-42a0-8aed-b6f0b74a9337,255,2026-08-06T03:16:41.238+00:00,str,why snap cd: event-driven continuous deployment why snap cd: event-driven continuous deployment infrastructure deployment usually starts simple: someone runs terraform apply on their laptop,189,24,True,Inferencia completada.,aceptada,cloud,frontend,1.3564354233012739,-1.2583070218361456,2.6147424451374195,Alta,20,Predicción automática,False,True,[],"[{'position': 1, 'category': 'cloud', 'score': 1.3564354233012739}, {'position': 2, 'category': 'frontend', 'score': -1.2583070218361456}, {'position': 3, 'category': 'datascience', 'score': -1.4596045871413357}, {'position': 4, 'category': 'backend', 'score': -1.5472840895255033}]",,1,255,255,cloud,aceptada,False,False,False
f7e38356-eb4e-42a0-8aed-b6f0b74a9337,256,2026-08-06T03:16:41.238+00:00,str,por que empresas saem do postman cloud: segurança e conformidade por que empresas saem do postman cloud: segurança e conformidade tl dr revisões de segurança corporativa mandatos de conformidade e requisitos de. revisões de segurança revisões de segurança,255,38,True,Inferencia completada.,revision,cloud,backend,0.19823528429693438,-0.006360346079452017,0.2045956303763864,Crítica,13,Revisión humana prioritaria,True,True,"['Cobertura reducida del vocabulario.', 'Las dos categorías principales tienen puntuaciones muy cercanas.']","[{'position': 1, 'category': 'cloud', 'score': 0.19823528429693438}, {'position': 2, 'category': 'backend', 'score': -0.006360346079452017}, {'position': 3, 'category': 'datascience', 'score': -1.5451908723855161}, {'position': 4, 'category': 'frontend', 'score': -1.669842423015686}]",,1,256,256,cloud,revision,False,True,True
f7e38356-eb4e-42a0-8aed-b6f0b74a9337,257,2026-08-06T03:16:41.238+00:00,str,your pipeline is 28.8h behind: catching travel sentiment leads with pulsebit your pipeline is 28.8h behind: catching travel sentiment leads with pulsebit your pipeline is 28.8h behind: catching travel sentiment leads with pulsebit we just. 28.8h 28.8h,251,37,True,Inferencia completada.,aceptada,datascience,frontend,1.4369785659713012,-1.4176019134531836,2.854580479424485,Alta,26,Predicción automática,False,True,[],"[{'position': 1, 'category': 'datascience', 'score': 1.4369785659713012}, {'position': 2, 'category': 'frontend', 'score': -1.4176019134531836}, {'position': 3, 'category': 'backend', 'score': -1.4242655109388878}, {'position': 4, 'category': 'cloud', 'score': -1.867159538564469}]",,1,257,257,datascience,aceptada,False,False,False
f7e38356-eb4e-42a0-8aed-b6f0b74a9337,258,2026-08-06T03:16:41.238+00:00,str,public speaking for engineers: from stage fright to conference talks public speaking for engineers: from stage fright to conference talks public speaking for engineers: from stage fright to conference talks public speaking is.,226,33,True,Inferencia completada.,revision,frontend,cloud,-0.3304558649663667,-0.5686792066533202,0.23822334168695347,Crítica,10,Revisión humana prioritaria,True,True,"['Cobertura reducida del vocabulario.', 'Las dos categorías principales tienen puntuaciones muy cercanas.']","[{'position': 1, 'category': 'frontend', 'score': -0.3304558649663667}, {'position': 2, 'category': 'cloud', 'score': -0.5686792066533202}, {'position': 3, 'category': 'datascience', 'score': -0.5754837406555613}, {'position': 4, 'category': 'backend', 'score': -1.0351473900962107}]",,1,258,258,frontend,revision,False,True,True
f7e38356-eb4e-42a0-8aed-b6f0b74a9337,259,2026-08-06T03:16:41.238+00:00,str,how kafka handles backpressure: producer buffers broker quotas and consumer flow control how kafka handles backpressure: producer buffers broker quotas and consumer flow control backpressure is the pressure that builds in a pipeline when the slow end cannot absorb what the fast.,279,42,True,Inferencia completada.,aceptada,backend,datascience,1.661502446762103,-0.8006875534797855,2.4621900002418884,Alta,29,Predicción automática,False,True,[],"[{'position': 1, 'category': 'backend', 'score': 1.661502446762103}, {'position': 2, 'category': 'datascience', 'score': -0.8006875534797855}, {'position': 3, 'category': 'cloud', 'score': -1.5958742593693898}, {'position': 4, 'category': 'frontend', 'score': -1.6085382274951536}]",,1,259,259,backend,aceptada,False,False,False
f7e38356-eb4e-42a0-8aed-b6f0b74a9337,260,2026-08-06T03:16:41.238+00:00,str,a client asked me for a pwa score of 90. it doesn t exist anymore a client asked me for a pwa score of 90. it doesn t exist anymore a client recently sent me a six-year-old progressive web app and asked for an audit. their goal was. progressive web app six-year-old progressive web app six-year-old,298,56,True,Inferencia completada.,aceptada,frontend,backend,0.5181832608534803,-0.6347554972269374,1.1529387580804178,Media,36,Predicción automática con monitoreo,False,True,[],"[{'position': 1, 'category': 'frontend', 'score': 0.5181832608534803}, {'position': 2, 'category': 'backend', 'score': -0.6347554972269374}, {'position': 3, 'category': 'datascience', 'score': -1.280522303130395}, {'position': 4, 'category': 'cloud', 'score': -1.4810129217276873}]",,1,260,260,frontend,aceptada,False,False,False
f7e38356-eb4e-42a0-8aed-b6f0b74a9337,261,2026-08-06T03:16:41.238+00:00,str,the frontend knowledge gap that ai won t close for you : true the frontend knowledge gap that ai won t close for you : true components rendering strategies state management core web vitals browser internals and the performance math that decides whether your app loads in 1 second or 13. the beginner-friendly deep dive nobody gave us when we started. core web vitals 1 second core web vitals 1 second,400,71,True,Inferencia completada.,aceptada,frontend,backend,2.2383198316565323,-1.1957889162291981,3.4341087478857304,Muy alta,56,Predicción automática,False,True,[],"[{'position': 1, 'category': 'frontend', 'score': 2.2383198316565323}, {'position': 2, 'category': 'backend', 'score': -1.1957889162291981}, {'position': 3, 'category': 'datascience', 'score': -1.8605422980213382}, {'position': 4, 'category': 'cloud', 'score': -2.391187445193849}]",,1,261,261,frontend,aceptada,False,False,False
f7e38356-eb4e-42a0-8aed-b6f0b74a9337,262,2026-08-06T03:16:41.238+00:00,str,node.js syllabus for beginners complete backend roadmap node.js syllabus for beginners complete backend roadmap node.js syllabus for beginners if you re planning to become a backend developer full. syllabus syllabus,215,30,True,Inferencia completada.,aceptada,backend,datascience,1.9657696273966736,-0.9887503581288984,2.954519985525572,Alta,22,Predicción automática,False,True,[],"[{'position': 1, 'category': 'backend', 'score': 1.9657696273966736}, {'position': 2, 'category': 'datascience', 'score': -0.9887503581288984}, {'position': 3, 'category': 'frontend', 'score': -2.053089761902596}, {'position': 4, 'category': 'cloud', 'score': -2.161271006783191}]",,1,262,262,backend,aceptada,False,False,False
f7e38356-eb4e-42a0-8aed-b6f0b74a9337,263,2026-08-06T03:16:41.238+00:00,str,convolutional neural networks convolutional neural networks adapted from an appendix of my ms thesis. convolutional neural network the. convolutional neural network convolutional neural network,193,24,True,Inferencia completada.,aceptada,datascience,cloud,1.2610577808750913,-1.2955873757885126,2.556645156663604,Alta,21,Predicción automática,False,True,[],"[{'position': 1, 'category': 'datascience', 'score': 1.2610577808750913}, {'position': 2, 'category': 'cloud', 'score': -1.2955873757885126}, {'position': 3, 'category': 'backend', 'score': -1.4479622238812588}, {'position': 4, 'category': 'frontend', 'score': -1.6415340017595064}]",,1,263,263,datascience,aceptada,False,False,False
f7e38356-eb4e-42a0-8aed-b6f0b74a9337,264,2026-08-06T03:16:41.238+00:00,str,understanding backup appliance: a practical overview understanding backup appliance: a practical overview data protection strategy has never been more important for organizations of all sizes. this article.,206,27,True,Inferencia completada.,aceptada,cloud,backend,1.4829750524938952,-1.23267135927046,2.715646411764355,Alta,41,Predicción automática,False,True,[],"[{'position': 1, 'category': 'cloud', 'score': 1.4829750524938952}, {'position': 2, 'category': 'backend', 'score': -1.23267135927046}, {'position': 3, 'category': 'frontend', 'score': -1.415801850835472}, {'position': 4, 'category': 'datascience', 'score': -1.5714849556140749}]",,1,264,264,cloud,aceptada,False,False,False
f7e38356-eb4e-42a0-8aed-b6f0b74a9337,265,2026-08-06T03:16:41.238+00:00,str,rag is not a feature. it s a system and these are the parts nobody demos. rag is not a feature. it s a system and these are the parts nobody demos. retrieval-augmented generation demos beautifully. embed your documents run a similarity search drop. retrieval-augmented generation retrieval-augmented generation,310,48,True,Inferencia completada.,revision,backend,cloud,-0.17976335972790558,-0.591950223425746,0.4121868636978404,Baja,29,Revisión humana recomendada,True,True,['El margen de decisión es reducido.'],"[{'position': 1, 'category': 'backend', 'score': -0.17976335972790558}, {'position': 2, 'category': 'cloud', 'score': -0.591950223425746}, {'position': 3, 'category': 'datascience', 'score': -0.7907173429045807}, {'position': 4, 'category': 'frontend', 'score': -0.9611940633497348}]",,1,265,265,backend,revision,False,True,False
f7e38356-eb4e-42a0-8aed-b6f0b74a9337,266,2026-08-06T03:16:41.238+00:00,str,response-building-and-sending response-building-and-sending response building and sending in hyperlane project. response building response building,147,13,True,Inferencia completada.,revision,backend,frontend,0.710967335480884,-0.7195458212866741,1.430513156767558,Media,13,Revisión humana recomendada,True,True,['Cobertura reducida del vocabulario.'],"[{'position': 1, 'category': 'backend', 'score': 0.710967335480884}, {'position': 2, 'category': 'frontend', 'score': -0.7195458212866741}, {'position': 3, 'category': 'datascience', 'score': -1.2021850446035478}, {'position': 4, 'category': 'cloud', 'score': -1.347353428336223}]",,1,266,266,backend,revision,False,False,True
f7e38356-eb4e-42a0-8aed-b6f0b74a9337,267,2026-08-06T03:16:41.238+00:00,str,how excel is used in real-world data analysis how excel is used in real-world data analysis microsoft excel is a spreadsheet application developed by microsoft that allows users to store excel microsoft excel microsoft,218,34,True,Inferencia completada.,aceptada,datascience,backend,1.6070287438051922,-1.2167884351318308,2.823817178937023,Alta,35,Predicción automática,False,True,[],"[{'position': 1, 'category': 'datascience', 'score': 1.6070287438051922}, {'position': 2, 'category': 'backend', 'score': -1.2167884351318308}, {'position': 3, 'category': 'cloud', 'score': -1.3943688012465243}, {'position': 4, 'category': 'frontend', 'score': -2.2312264332859373}]",,1,267,267,datascience,aceptada,False,False,False
f7e38356-eb4e-42a0-8aed-b6f0b74a9337,268,2026-08-06T03:16:41.238+00:00,str,the rate limiter jedi: mastering cap like a lightsaber duel the rate limiter jedi: mastering cap like a lightsaber duel the quest begins the why picture this: i m knee deep in a microservice that powers a.,205,37,True,Inferencia completada.,aceptada,backend,cloud,1.4282996551611884,-1.2414705900529315,2.66977024521412,Alta,35,Predicción automática,False,True,[],"[{'position': 1, 'category': 'backend', 'score': 1.4282996551611884}, {'position': 2, 'category': 'cloud', 'score': -1.2414705900529315}, {'position': 3, 'category': 'datascience', 'score': -1.3073372604373046}, {'position': 4, 'category': 'frontend', 'score': -1.640863285138976}]",,1,268,268,backend,aceptada,False,False,False
f7e38356-eb4e-42a0-8aed-b6f0b74a9337,269,2026-08-06T03:16:41.238+00:00,str,getting started with data backup appliance: a beginner s guide getting started with data backup appliance: a beginner s guide data protection strategy has never been more important for organizations of all sizes. this article.,226,35,True,Inferencia completada.,aceptada,cloud,datascience,1.0410308571719153,-1.029482690855703,2.0705135480276184,Alta,46,Predicción automática,False,True,[],"[{'position': 1, 'category': 'cloud', 'score': 1.0410308571719153}, {'position': 2, 'category': 'datascience', 'score': -1.029482690855703}, {'position': 3, 'category': 'backend', 'score': -1.2596989479767704}, {'position': 4, 'category': 'frontend', 'score': -1.3829157790421602}]",,1,269,269,cloud,aceptada,False,False,False
f7e38356-eb4e-42a0-8aed-b6f0b74a9337,270,2026-08-06T03:16:41.238+00:00,str,how to sign pdf with barcode signatures using .net rest api how to sign pdf with barcode signatures using .net rest api svg rendering can be tricky especially when it comes to handling signatures like barcodes in pdf. svg pdf svg pdf,233,42,True,Inferencia completada.,aceptada,cloud,frontend,0.9269528298344064,-0.9258079582578795,1.852760788092286,Alta,36,Predicción automática,False,True,[],"[{'position': 1, 'category': 'cloud', 'score': 0.9269528298344064}, {'position': 2, 'category': 'frontend', 'score': -0.9258079582578795}, {'position': 3, 'category': 'backend', 'score': -1.2404300739799252}, {'position': 4, 'category': 'datascience', 'score': -1.5509921028198197}]",,1,270,270,cloud,aceptada,False,False,False
f7e38356-eb4e-42a0-8aed-b6f0b74a9337,271,2026-08-06T03:16:41.238+00:00,str,build a developer-centric ai habit: crafting a personal knowledge automation system build a developer-centric ai habit: crafting a personal knowledge automation system build a developer-centric ai habit: crafting a personal knowledge automation system,251,33,True,Inferencia completada.,revision,frontend,cloud,0.7831924543099998,-1.031651224375604,1.814843678685604,Alta,15,Revisión humana recomendada,True,True,['Cobertura reducida del vocabulario.'],"[{'position': 1, 'category': 'frontend', 'score': 0.7831924543099998}, {'position': 2, 'category': 'cloud', 'score': -1.031651224375604}, {'position': 3, 'category': 'backend', 'score': -1.1998134885621385}, {'position': 4, 'category': 'datascience', 'score': -1.3289840348602635}]",,1,271,271,frontend,revision,False,False,True
f7e38356-eb4e-42a0-8aed-b6f0b74a9337,272,2026-08-06T03:16:41.238+00:00,str,the 47-point vig trap: how bookmaker margins hide profitable opportunities in plain sight jun 29 the 47-point vig trap: how bookmaker margins hide profitable opportunities in plain sight jun 29 sportsbooks are openly advertising their own inefficiencies yet 99 of bettors never notice. i spent. 99% 99%,302,47,True,Inferencia completada.,aceptada,datascience,backend,0.5363058619094245,-0.7784259051759673,1.3147317670853917,Media,27,Predicción automática con monitoreo,False,True,[],"[{'position': 1, 'category': 'datascience', 'score': 0.5363058619094245}, {'position': 2, 'category': 'backend', 'score': -0.7784259051759673}, {'position': 3, 'category': 'frontend', 'score': -1.039796786730678}, {'position': 4, 'category': 'cloud', 'score': -1.173968573257619}]",,1,272,272,datascience,aceptada,False,False,False
f7e38356-eb4e-42a0-8aed-b6f0b74a9337,273,2026-08-06T03:16:41.238+00:00,str,learning aws by building a local document processing pipeline without an aws account learning aws by building a local document processing pipeline without an aws account cloud computing often feels difficult to learn because many tutorials focus on individual services in.,272,41,True,Inferencia completada.,aceptada,cloud,frontend,1.1255920629529963,-1.183288074078949,2.308880137031945,Alta,39,Predicción automática,False,True,[],"[{'position': 1, 'category': 'cloud', 'score': 1.1255920629529963}, {'position': 2, 'category': 'frontend', 'score': -1.183288074078949}, {'position': 3, 'category': 'datascience', 'score': -1.3221144051792715}, {'position': 4, 'category': 'backend', 'score': -1.6957930753911528}]",,1,273,273,cloud,aceptada,False,False,False
f7e38356-eb4e-42a0-8aed-b6f0b74a9337,274,2026-08-06T03:16:41.238+00:00,str,typesense vs meilisearch in 2026: self-hosted search compared typesense vs meilisearch in 2026: self-hosted search compared a measured comparison of typesense and meilisearch for self-hosted search in 2026 memory model licensing features and which one fits your stack. typesense typesense,288,40,True,Inferencia completada.,aceptada,cloud,datascience,0.5171984728529878,-0.7470577927632966,1.2642562656162846,Media,29,Predicción automática con monitoreo,False,True,[],"[{'position': 1, 'category': 'cloud', 'score': 0.5171984728529878}, {'position': 2, 'category': 'datascience', 'score': -0.7470577927632966}, {'position': 3, 'category': 'backend', 'score': -0.9650307616524368}, {'position': 4, 'category': 'frontend', 'score': -1.48799942836976}]",,1,274,274,cloud,aceptada,False,False,False
f7e38356-eb4e-42a0-8aed-b6f0b74a9337,275,2026-08-06T03:16:41.238+00:00,str,io.pipe io.teereader io.limitreader: go stream composition toolkit io.pipe io.teereader io.limitreader: go stream composition toolkit three tiny io helpers that let go stream hash and cap payloads without ever buffering the whole thing in memory.,246,34,True,Inferencia completada.,aceptada,backend,frontend,1.2564241246678725,-1.0542668467606777,2.31069097142855,Alta,20,Predicción automática,False,True,[],"[{'position': 1, 'category': 'backend', 'score': 1.2564241246678725}, {'position': 2, 'category': 'frontend', 'score': -1.0542668467606777}, {'position': 3, 'category': 'datascience', 'score': -1.2973812210748719}, {'position': 4, 'category': 'cloud', 'score': -1.7800755565952016}]",,1,275,275,backend,aceptada,False,False,False
f7e38356-eb4e-42a0-8aed-b6f0b74a9337,276,2026-08-06T03:16:41.238+00:00,str,building a tennis data pipeline: lessons from when five wimbledon titles in one weekend changed british tennis building a tennis data pipeline: lessons from when five wimbledon titles in one weekend changed british tennis building a tennis data pipeline: lessons from when five wimbledon titles in one weekend. one weekend wimbledon one weekend wimbledon,354,54,True,Inferencia completada.,aceptada,datascience,backend,1.0997857895205738,-0.696217173110836,1.7960029626314098,Alta,21,Predicción automática,False,True,[],"[{'position': 1, 'category': 'datascience', 'score': 1.0997857895205738}, {'position': 2, 'category': 'backend', 'score': -0.696217173110836}, {'position': 3, 'category': 'frontend', 'score': -0.7476647670020566}, {'position': 4, 'category': 'cloud', 'score': -2.1278375175409163}]",,1,276,276,datascience,aceptada,False,False,False
f7e38356-eb4e-42a0-8aed-b6f0b74a9337,277,2026-08-06T03:16:41.238+00:00,str,building a scalable booking system: from manual scheduling to 24/7 automation building a scalable booking system: from manual scheduling to 24/7 automation building a scalable booking system: from manual scheduling to 24/7 automation the.,238,34,True,Inferencia completada.,revision,frontend,datascience,-0.06738059147020126,-0.507549826366277,0.44016923489607573,Baja,16,Revisión humana recomendada,True,True,['El margen de decisión es reducido.'],"[{'position': 1, 'category': 'frontend', 'score': -0.06738059147020126}, {'position': 2, 'category': 'datascience', 'score': -0.507549826366277}, {'position': 3, 'category': 'backend', 'score': -0.695885177583264}, {'position': 4, 'category': 'cloud', 'score': -1.8737642920836395}]",,1,277,277,frontend,revision,False,True,False
f7e38356-eb4e-42a0-8aed-b6f0b74a9337,278,2026-08-06T03:16:41.238+00:00,str,ai research assistant: why businesses are adopting it in 2026 ai research assistant: why businesses are adopting it in 2026 artificial intelligence is reshaping how organizations collect process and use information to make.,223,33,True,Inferencia completada.,revision,cloud,backend,-0.24327710235825872,-0.4906042284673738,0.24732712610911506,Crítica,36,Revisión humana prioritaria,True,True,['Las dos categorías principales tienen puntuaciones muy cercanas.'],"[{'position': 1, 'category': 'cloud', 'score': -0.24327710235825872}, {'position': 2, 'category': 'backend', 'score': -0.4906042284673738}, {'position': 3, 'category': 'datascience', 'score': -0.5598747936823092}, {'position': 4, 'category': 'frontend', 'score': -1.349393751497899}]",,1,278,278,cloud,revision,False,True,False
f7e38356-eb4e-42a0-8aed-b6f0b74a9337,279,2026-08-06T03:16:41.238+00:00,str,svg icon accessibility: decorative vs meaningful icons svg icon accessibility: decorative vs meaningful icons a practical guide to making svg icons accessible with aria-hidden role img aria-label and better icon-only buttons. svg aria-label aria svg aria-label aria,265,37,True,Inferencia completada.,aceptada,frontend,datascience,2.330189460779514,-1.478476011901836,3.80866547268135,Muy alta,23,Predicción automática,False,True,[],"[{'position': 1, 'category': 'frontend', 'score': 2.330189460779514}, {'position': 2, 'category': 'datascience', 'score': -1.478476011901836}, {'position': 3, 'category': 'cloud', 'score': -1.6189278492698982}, {'position': 4, 'category': 'backend', 'score': -2.2713232045961678}]",,1,279,279,frontend,aceptada,False,False,False
f7e38356-eb4e-42a0-8aed-b6f0b74a9337,280,2026-08-06T03:16:41.238+00:00,str,building a facebook ad library scraper: api limits and the real approach building a facebook ad library scraper: api limits and the real approach why the official meta ad library api only covers political ads and how to build a facebook ad library scraper for commercial competitor ads instead. meta ad library api meta ad library api,334,57,True,Inferencia completada.,revision,frontend,backend,-0.17163183251800535,-0.29164361365814606,0.12001178114014072,Crítica,34,Revisión humana prioritaria,True,True,['Las dos categorías principales tienen puntuaciones muy cercanas.'],"[{'position': 1, 'category': 'frontend', 'score': -0.17163183251800535}, {'position': 2, 'category': 'backend', 'score': -0.29164361365814606}, {'position': 3, 'category': 'datascience', 'score': -0.41068674487142365}, {'position': 4, 'category': 'cloud', 'score': -2.034489891418665}]",,1,280,280,frontend,revision,False,True,False
f7e38356-eb4e-42a0-8aed-b6f0b74a9337,281,2026-08-06T03:16:41.238+00:00,str,the 11 best itsm software platforms 2026 the 11 best itsm software platforms 2026 this guide ranks the top itsm platforms for it teams focused on incident service request and change management. itsm itsm,203,34,True,Inferencia completada.,revision,cloud,backend,0.5170763444081302,-0.21712961656655227,0.7342059609746825,Baja,29,Revisión humana recomendada,True,True,['El margen de decisión es reducido.'],"[{'position': 1, 'category': 'cloud', 'score': 0.5170763444081302}, {'position': 2, 'category': 'backend', 'score': -0.21712961656655227}, {'position': 3, 'category': 'frontend', 'score': -1.2160102268479958}, {'position': 4, 'category': 'datascience', 'score': -1.479282261317272}]",,1,281,281,cloud,revision,False,True,False
f7e38356-eb4e-42a0-8aed-b6f0b74a9337,282,2026-08-06T03:16:41.238+00:00,str,setting up nestjs the right way setting up nestjs the right way last time we set up the next.js frontend in apps/web. now the other half: the nestjs api in apps/api half next.js half next.js,190,35,True,Inferencia completada.,revision,frontend,backend,0.42469603745449147,-0.36937209583560315,0.7940681332900946,Baja,27,Revisión humana recomendada,True,True,['El margen de decisión es reducido.'],"[{'position': 1, 'category': 'frontend', 'score': 0.42469603745449147}, {'position': 2, 'category': 'backend', 'score': -0.36937209583560315}, {'position': 3, 'category': 'cloud', 'score': -1.3633592685082463}, {'position': 4, 'category': 'datascience', 'score': -1.932427983277693}]",,1,282,282,frontend,revision,False,True,False
f7e38356-eb4e-42a0-8aed-b6f0b74a9337,283,2026-08-06T03:16:41.238+00:00,str,sharp money vs public money: what betting line movement data reveals about market inefficiency jun 30 sharp money vs public money: what betting line movement data reveals about market inefficiency jun 30 the majority of bettors lose money because they re betting against people whose livelihoods depend on.,306,48,True,Inferencia completada.,aceptada,datascience,backend,1.5115178766170465,-1.1324492611872456,2.6439671378042924,Alta,45,Predicción automática,False,True,[],"[{'position': 1, 'category': 'datascience', 'score': 1.5115178766170465}, {'position': 2, 'category': 'backend', 'score': -1.1324492611872456}, {'position': 3, 'category': 'cloud', 'score': -1.4315755008673559}, {'position': 4, 'category': 'frontend', 'score': -1.9404558708121997}]",,1,283,283,datascience,aceptada,False,False,False
f7e38356-eb4e-42a0-8aed-b6f0b74a9337,284,2026-08-06T03:16:41.238+00:00,str,"aws daily digest june 16 2026 aws daily digest june 16 2026 aws daily digest june 16 2026 auto-generated groq llama 3.3 70b free groq llama 3.3 june 16, 2026 auto groq llama 3.3 june 16, 2026 auto",196,38,True,Inferencia completada.,aceptada,cloud,datascience,1.4316460899113568,-1.3335918403670262,2.765237930278383,Alta,28,Predicción automática,False,True,[],"[{'position': 1, 'category': 'cloud', 'score': 1.4316460899113568}, {'position': 2, 'category': 'datascience', 'score': -1.3335918403670262}, {'position': 3, 'category': 'frontend', 'score': -1.4349333204311}, {'position': 4, 'category': 'backend', 'score': -1.52782904299427}]",,1,284,284,cloud,aceptada,False,False,False
f7e38356-eb4e-42a0-8aed-b6f0b74a9337,285,2026-08-06T03:16:41.238+00:00,str,task marketplace architecture: how roborent scales ai workers task marketplace architecture: how roborent scales ai workers alright let s break down the architecture that makes a system like roborent roborent.cc tick. roborent roborent,235,33,True,Inferencia completada.,aceptada,backend,cloud,1.147118918231349,-0.8348809657899042,1.9819998840212532,Alta,36,Predicción automática,False,True,[],"[{'position': 1, 'category': 'backend', 'score': 1.147118918231349}, {'position': 2, 'category': 'cloud', 'score': -0.8348809657899042}, {'position': 3, 'category': 'frontend', 'score': -1.682961073303745}, {'position': 4, 'category': 'datascience', 'score': -1.7247787149120706}]",,1,285,285,backend,aceptada,False,False,False
f7e38356-eb4e-42a0-8aed-b6f0b74a9337,286,2026-08-06T03:16:41.238+00:00,str,"aws daily digest july 19 2026 aws daily digest july 19 2026 aws daily digest july 19 2026 auto-generated groq llama 3.3 70b free groq llama 3.3 july 19, 2026 groq llama 3.3 july 19, 2026",186,36,True,Inferencia completada.,aceptada,cloud,datascience,1.4192884269871437,-1.2643369319306599,2.6836253589178036,Alta,26,Predicción automática,False,True,[],"[{'position': 1, 'category': 'cloud', 'score': 1.4192884269871437}, {'position': 2, 'category': 'datascience', 'score': -1.2643369319306599}, {'position': 3, 'category': 'backend', 'score': -1.5175723026495804}, {'position': 4, 'category': 'frontend', 'score': -1.5717820928987272}]",,1,286,286,cloud,aceptada,False,False,False
f7e38356-eb4e-42a0-8aed-b6f0b74a9337,287,2026-08-06T03:16:41.238+00:00,str,software training institute in chennai for career growth in 2026 software training institute in chennai for career growth in 2026 the it industry is evolving faster than ever creating strong demand for skilled professionals in.,227,35,True,Inferencia completada.,aceptada,cloud,datascience,0.5698948012762425,-0.5724052509629833,1.142300052239226,Media,31,Predicción automática con monitoreo,False,True,[],"[{'position': 1, 'category': 'cloud', 'score': 0.5698948012762425}, {'position': 2, 'category': 'datascience', 'score': -0.5724052509629833}, {'position': 3, 'category': 'frontend', 'score': -1.1514768846642474}, {'position': 4, 'category': 'backend', 'score': -1.3681656406963698}]",,1,287,287,cloud,aceptada,False,False,False
f7e38356-eb4e-42a0-8aed-b6f0b74a9337,288,2026-08-06T03:16:41.238+00:00,str,ai chatbot development: how ai understands and responds to human conversations ai chatbot development: how ai understands and responds to human conversations businesses today are transforming customer interactions with intelligent conversational solutions.,256,32,True,Inferencia completada.,aceptada,datascience,frontend,0.7968477132160279,-0.922985278932658,1.719832992148686,Media,25,Predicción automática con monitoreo,False,True,[],"[{'position': 1, 'category': 'datascience', 'score': 0.7968477132160279}, {'position': 2, 'category': 'frontend', 'score': -0.922985278932658}, {'position': 3, 'category': 'cloud', 'score': -1.108501184278683}, {'position': 4, 'category': 'backend', 'score': -1.5853517004086064}]",,1,288,288,datascience,aceptada,False,False,False
f7e38356-eb4e-42a0-8aed-b6f0b74a9337,289,2026-08-06T03:16:41.238+00:00,str,how to fix email not working on render smtp blocked how to fix email not working on render smtp blocked if you ve deployed your application on render and noticed that emails are not being sent you re. render render,214,40,True,Inferencia completada.,aceptada,backend,frontend,0.2427641691457162,-0.9013410167370579,1.1441051858827742,Media,32,Predicción automática con monitoreo,False,True,[],"[{'position': 1, 'category': 'backend', 'score': 0.2427641691457162}, {'position': 2, 'category': 'frontend', 'score': -0.9013410167370579}, {'position': 3, 'category': 'datascience', 'score': -1.0576111723318524}, {'position': 4, 'category': 'cloud', 'score': -1.3135844544449242}]",,1,289,289,backend,aceptada,False,False,False
f7e38356-eb4e-42a0-8aed-b6f0b74a9337,290,2026-08-06T03:16:41.238+00:00,str,how to validate aws approval emails with docker in ci/cd how to validate aws approval emails with docker in ci/cd a practical aws and docker workflow for validating codepipeline approval emails in ci/cd without leaking release evidence into shared inboxes. ci codepipeline docker ci codepipeline docker,302,46,True,Inferencia completada.,aceptada,cloud,backend,1.0159898310384237,-1.2442764136579623,2.260266244696386,Alta,37,Predicción automática,False,True,[],"[{'position': 1, 'category': 'cloud', 'score': 1.0159898310384237}, {'position': 2, 'category': 'backend', 'score': -1.2442764136579623}, {'position': 3, 'category': 'datascience', 'score': -1.5070262046256286}, {'position': 4, 'category': 'frontend', 'score': -1.6092261383448436}]",,1,290,290,cloud,aceptada,False,False,False
f7e38356-eb4e-42a0-8aed-b6f0b74a9337,291,2026-08-06T03:16:41.238+00:00,str,from rest to mcp 1/2 : different dimensions from rest to mcp 1/2 : different dimensions intro an mcp server can look like another api layer: expose existing rest endpoints as. mcp rest api intro mcp rest api intro,213,39,True,Inferencia completada.,revision,cloud,backend,0.5789357666973202,0.010559853152316001,0.5683759135450042,Baja,23,Revisión humana recomendada,True,True,['El margen de decisión es reducido.'],"[{'position': 1, 'category': 'cloud', 'score': 0.5789357666973202}, {'position': 2, 'category': 'backend', 'score': 0.010559853152316001}, {'position': 3, 'category': 'frontend', 'score': -1.7445482804597408}, {'position': 4, 'category': 'datascience', 'score': -1.815760206236813}]",,1,291,291,cloud,revision,False,True,False
f7e38356-eb4e-42a0-8aed-b6f0b74a9337,292,2026-08-06T03:16:41.238+00:00,str,your pipeline is 28.0h behind: catching tech sentiment leads with pulsebit your pipeline is 28.0h behind: catching tech sentiment leads with pulsebit your pipeline is 28.0h behind: catching tech sentiment leads with pulsebit we just. 28.0h catching tech sentiment leads 28.0h catching tech sentiment leads,305,45,True,Inferencia completada.,aceptada,datascience,frontend,1.4725487557622658,-1.1564938202959132,2.629042576058179,Alta,26,Predicción automática,False,True,[],"[{'position': 1, 'category': 'datascience', 'score': 1.4725487557622658}, {'position': 2, 'category': 'frontend', 'score': -1.1564938202959132}, {'position': 3, 'category': 'backend', 'score': -1.2832116950954828}, {'position': 4, 'category': 'cloud', 'score': -1.9248680503556646}]",,1,292,292,datascience,aceptada,False,False,False
f7e38356-eb4e-42a0-8aed-b6f0b74a9337,293,2026-08-06T03:16:41.238+00:00,str,jordan vs argentina: match prediction model analysis 2026-06-28 jordan vs argentina: match prediction model analysis 2026-06-28 published: 2026-06-28 footballmoney.top jordan vs argentina 世界杯 2026-06-28 argentina 2026-06-28 argentina 2026-06-28,244,28,True,Inferencia completada.,aceptada,datascience,backend,1.6547272540410076,-1.3066804829736303,2.961407737014638,Alta,16,Predicción automática,False,True,[],"[{'position': 1, 'category': 'datascience', 'score': 1.6547272540410076}, {'position': 2, 'category': 'backend', 'score': -1.3066804829736303}, {'position': 3, 'category': 'cloud', 'score': -1.3151372643681212}, {'position': 4, 'category': 'frontend', 'score': -1.3364305572892667}]",,1,293,293,datascience,aceptada,False,False,False
f7e38356-eb4e-42a0-8aed-b6f0b74a9337,294,2026-08-06T03:16:41.238+00:00,str,i broke my spa fallback by renaming a fastapi parameter to satisfy a linter i broke my spa fallback by renaming a fastapi parameter to satisfy a linter the dashboard spa fallback was returning 422 on every route that was not an api route. fastapi kept. spa api spa api,268,50,True,Inferencia completada.,aceptada,backend,frontend,0.8414645934963846,-0.526245906600312,1.3677105000966967,Media,31,Predicción automática con monitoreo,False,True,[],"[{'position': 1, 'category': 'backend', 'score': 0.8414645934963846}, {'position': 2, 'category': 'frontend', 'score': -0.526245906600312}, {'position': 3, 'category': 'datascience', 'score': -1.4461002907895824}, {'position': 4, 'category': 'cloud', 'score': -1.7456398311511858}]",,1,294,294,backend,aceptada,False,False,False
f7e38356-eb4e-42a0-8aed-b6f0b74a9337,295,2026-08-06T03:16:41.238+00:00,str,why more people are looking for cloud storage without a subscription why more people are looking for cloud storage without a subscription subscriptions have quietly become part of everyday life. we pay monthly for streaming platforms monthly monthly,249,38,True,Inferencia completada.,aceptada,cloud,backend,-0.02019412402272902,-0.8455874098582069,0.8253932858354779,Media,32,Predicción automática con monitoreo,False,True,[],"[{'position': 1, 'category': 'cloud', 'score': -0.02019412402272902}, {'position': 2, 'category': 'backend', 'score': -0.8455874098582069}, {'position': 3, 'category': 'datascience', 'score': -0.9221832759742503}, {'position': 4, 'category': 'frontend', 'score': -1.0303559552118844}]",,1,295,295,cloud,aceptada,False,False,False
f7e38356-eb4e-42a0-8aed-b6f0b74a9337,296,2026-08-06T03:16:41.238+00:00,str,how datacenters actually work: a walk through the building nobody sees how datacenters actually work: a walk through the building nobody sees every server you spin up on aws vercel or digitalocean lives in a physical building. here s what. aws vercel aws vercel,261,44,True,Inferencia completada.,revision,cloud,backend,0.08599913979011231,-0.6140430853945167,0.700042225184629,Baja,32,Revisión humana recomendada,True,True,['El margen de decisión es reducido.'],"[{'position': 1, 'category': 'cloud', 'score': 0.08599913979011231}, {'position': 2, 'category': 'backend', 'score': -0.6140430853945167}, {'position': 3, 'category': 'datascience', 'score': -1.2155503180618086}, {'position': 4, 'category': 'frontend', 'score': -1.4561429728287232}]",,1,296,296,cloud,revision,False,True,False
f7e38356-eb4e-42a0-8aed-b6f0b74a9337,297,2026-08-06T03:16:41.238+00:00,str,how to track weibo hot-search velocity with python in 2026 the trending-delta problem and how to handle it how to track weibo hot-search velocity with python in 2026 the trending-delta problem and how to handle it if you scrape weibo s hot-search board you get a snapshot: 50 trending topics ranked right now. weibo weibo,321,55,True,Inferencia completada.,revision,datascience,backend,-0.0024794682659602385,-0.2598298993240382,0.257350431058078,Crítica,39,Revisión humana prioritaria,True,True,['Las dos categorías principales tienen puntuaciones muy cercanas.'],"[{'position': 1, 'category': 'datascience', 'score': -0.0024794682659602385}, {'position': 2, 'category': 'backend', 'score': -0.2598298993240382}, {'position': 3, 'category': 'cloud', 'score': -0.810361838583908}, {'position': 4, 'category': 'frontend', 'score': -1.5940644544269773}]",,1,297,297,datascience,revision,False,True,False
f7e38356-eb4e-42a0-8aed-b6f0b74a9337,298,2026-08-06T03:16:41.238+00:00,str,p9: why i gated the write paths but not the housekeeping in conversations.tick p9: why i gated the write paths but not the housekeeping in conversations.tick 102/102. full suite green. that was the only exit condition i cared about. the problem was visible.,257,43,True,Inferencia completada.,aceptada,backend,cloud,0.7914571887232488,-0.50870574419595,1.3001629329191988,Media,26,Predicción automática con monitoreo,False,True,[],"[{'position': 1, 'category': 'backend', 'score': 0.7914571887232488}, {'position': 2, 'category': 'cloud', 'score': -0.50870574419595}, {'position': 3, 'category': 'frontend', 'score': -1.321806960332545}, {'position': 4, 'category': 'datascience', 'score': -1.5555053899744644}]",,1,298,298,backend,aceptada,False,False,False
f7e38356-eb4e-42a0-8aed-b6f0b74a9337,299,2026-08-06T03:16:41.238+00:00,str,fullstack observability: logging metrics and tracing for the entire stack fullstack observability: logging metrics and tracing for the entire stack fullstack observability: logging metrics and tracing for the entire stack observability.,236,31,True,Inferencia completada.,revision,backend,frontend,-0.20830521243482591,-0.44119972375600414,0.23289451132117822,Crítica,10,Revisión humana prioritaria,True,True,"['Cobertura reducida del vocabulario.', 'Las dos categorías principales tienen puntuaciones muy cercanas.']","[{'position': 1, 'category': 'backend', 'score': -0.20830521243482591}, {'position': 2, 'category': 'frontend', 'score': -0.44119972375600414}, {'position': 3, 'category': 'datascience', 'score': -1.0544550917315008}, {'position': 4, 'category': 'cloud', 'score': -1.0859468917977244}]",,1,299,299,backend,revision,False,True,True
f7e38356-eb4e-42a0-8aed-b6f0b74a9337,300,2026-08-06T03:16:41.238+00:00,str,beyond try/except: advanced exception handling patterns every ai engineer should know beyond try/except: advanced exception handling patterns every ai engineer should know most python developers learn exception handling the same way: wrap something risky in try slap an.,270,38,True,Inferencia completada.,revision,cloud,backend,-0.1446062246191705,-0.2744989411858202,0.1298927165666497,Crítica,29,Revisión humana prioritaria,True,True,['Las dos categorías principales tienen puntuaciones muy cercanas.'],"[{'position': 1, 'category': 'cloud', 'score': -0.1446062246191705}, {'position': 2, 'category': 'backend', 'score': -0.2744989411858202}, {'position': 3, 'category': 'frontend', 'score': -0.5489973328236389}, {'position': 4, 'category': 'datascience', 'score': -1.6677663860835286}]",,1,300,300,cloud,revision,False,True,False
f7e38356-eb4e-42a0-8aed-b6f0b74a9337,301,2026-08-06T03:16:41.238+00:00,str,extracting text from xml using .net rest api extracting text from xml using .net rest api extracting text from xml files can be more straightforward than many developers assume. while xml is. xml xml,199,34,True,Inferencia completada.,aceptada,cloud,backend,0.7802009297378215,-0.8065354894597823,1.5867364191976039,Media,29,Predicción automática con monitoreo,False,True,[],"[{'position': 1, 'category': 'cloud', 'score': 0.7802009297378215}, {'position': 2, 'category': 'backend', 'score': -0.8065354894597823}, {'position': 3, 'category': 'datascience', 'score': -1.1328731870834345}, {'position': 4, 'category': 'frontend', 'score': -1.6527174182687965}]",,1,301,301,cloud,aceptada,False,False,False
f7e38356-eb4e-42a0-8aed-b6f0b74a9337,302,2026-08-06T03:16:41.238+00:00,str,detect malicious source ips in cls logs with tencent security intelligence detect malicious source ips in cls logs with tencent security intelligence enable cls threat ip detection review threat intelligence and block malicious traffic with cloud security controls.,265,38,True,Inferencia completada.,aceptada,cloud,backend,0.7350012367271205,-0.9500939755283396,1.68509521225546,Media,22,Predicción automática con monitoreo,False,True,[],"[{'position': 1, 'category': 'cloud', 'score': 0.7350012367271205}, {'position': 2, 'category': 'backend', 'score': -0.9500939755283396}, {'position': 3, 'category': 'datascience', 'score': -1.3300371454800384}, {'position': 4, 'category': 'frontend', 'score': -1.4465813866168826}]",,1,302,302,cloud,aceptada,False,False,False
f7e38356-eb4e-42a0-8aed-b6f0b74a9337,303,2026-08-06T03:16:41.238+00:00,str,day 89 of learning mern stack day 89 of learning mern stack hello dev community it is officially day 89 of my 100-day full-stack engineering run,144,26,True,Inferencia completada.,aceptada,backend,frontend,1.2833585942716015,-1.0727062222400359,2.3560648165116373,Alta,31,Predicción automática,False,True,[],"[{'position': 1, 'category': 'backend', 'score': 1.2833585942716015}, {'position': 2, 'category': 'frontend', 'score': -1.0727062222400359}, {'position': 3, 'category': 'cloud', 'score': -1.3478624543744693}, {'position': 4, 'category': 'datascience', 'score': -1.517609482934807}]",,1,303,303,backend,aceptada,False,False,False
f7e38356-eb4e-42a0-8aed-b6f0b74a9337,304,2026-08-06T03:16:41.238+00:00,str,3d floating social icons with html css no javascript 3d floating social icons with html css no javascript these premium 3d floating social icons are built using only html and css no javascript. html css javascript 3d floating social icons html css javascript 3d floating social icons,283,47,True,Inferencia completada.,aceptada,frontend,cloud,2.8348678880792693,-1.855939168733022,4.690807056812291,Muy alta,25,Predicción automática,False,True,[],"[{'position': 1, 'category': 'frontend', 'score': 2.8348678880792693}, {'position': 2, 'category': 'cloud', 'score': -1.855939168733022}, {'position': 3, 'category': 'datascience', 'score': -1.863036659217701}, {'position': 4, 'category': 'backend', 'score': -2.1540012096851173}]",,1,304,304,frontend,aceptada,False,False,False
f7e38356-eb4e-42a0-8aed-b6f0b74a9337,305,2026-08-06T03:16:41.238+00:00,str,from my machine to the cloud: connecting power bi to sql databases postgresql local vs aiven from my machine to the cloud: connecting power bi to sql databases postgresql local vs aiven introduction i used to think connecting to a database was one skill. turns out it s two:,274,49,True,Inferencia completada.,revision,datascience,cloud,0.6863330540213466,0.6662706624600349,0.020062391561311732,Crítica,48,Revisión humana prioritaria,True,True,['Las dos categorías principales tienen puntuaciones muy cercanas.'],"[{'position': 1, 'category': 'datascience', 'score': 0.6863330540213466}, {'position': 2, 'category': 'cloud', 'score': 0.6662706624600349}, {'position': 3, 'category': 'backend', 'score': -1.188254808218295}, {'position': 4, 'category': 'frontend', 'score': -2.79277283696417}]",,1,305,305,datascience,revision,False,True,False
f7e38356-eb4e-42a0-8aed-b6f0b74a9337,306,2026-08-06T03:16:41.238+00:00,str,tailwind css: لماذا أصبح أسلوبي المفضل tailwind css: لماذا أصبح أسلوبي المفضل لما بدأت أتعلم css كنت كتبت كل حاجة بالطريقة التقليدية: أسماء كلاسات معبرة ملفات css منفصلة وكل. css css,182,31,True,Inferencia completada.,revision,frontend,cloud,3.580459391265681,-2.042400954615887,5.622860345881568,Muy alta,4,Revisión humana recomendada,True,True,['Cobertura reducida del vocabulario.'],"[{'position': 1, 'category': 'frontend', 'score': 3.580459391265681}, {'position': 2, 'category': 'cloud', 'score': -2.042400954615887}, {'position': 3, 'category': 'datascience', 'score': -2.0709405734546342}, {'position': 4, 'category': 'backend', 'score': -2.9070609745848297}]",,1,306,306,frontend,revision,False,False,True
f7e38356-eb4e-42a0-8aed-b6f0b74a9337,307,2026-08-06T03:16:41.238+00:00,str,building ai applications changed how i think about backend engineering building ai applications changed how i think about backend engineering building an ai application is easy. building one that people can trust is where the real engineering. ai ai,249,39,True,Inferencia completada.,aceptada,backend,cloud,0.9983377593330508,-0.9934544376913758,1.9917921970244266,Alta,42,Predicción automática,False,True,[],"[{'position': 1, 'category': 'backend', 'score': 0.9983377593330508}, {'position': 2, 'category': 'cloud', 'score': -0.9934544376913758}, {'position': 3, 'category': 'frontend', 'score': -1.3072936792036607}, {'position': 4, 'category': 'datascience', 'score': -1.5131853820292203}]",,1,307,307,backend,aceptada,False,False,False
f7e38356-eb4e-42a0-8aed-b6f0b74a9337,308,2026-08-06T03:16:41.238+00:00,str,your cloud discount may no longer belong to one project your cloud discount may no longer belong to one project google cloud s june 2026 cud scope change shows why saas teams should review commitment sharing attribution and chargeback before buying cloud discounts. june 2026 cud june 2026 cud,293,49,True,Inferencia completada.,aceptada,cloud,datascience,1.8482874719023892,-1.3668653152365078,3.215152787138897,Alta,36,Predicción automática,False,True,[],"[{'position': 1, 'category': 'cloud', 'score': 1.8482874719023892}, {'position': 2, 'category': 'datascience', 'score': -1.3668653152365078}, {'position': 3, 'category': 'backend', 'score': -1.5483190412436323}, {'position': 4, 'category': 'frontend', 'score': -1.6848008640848793}]",,1,308,308,cloud,aceptada,False,False,False
f7e38356-eb4e-42a0-8aed-b6f0b74a9337,309,2026-08-06T03:16:41.238+00:00,str,adopting postgresql uuid v7 primary keys for video metadata at scale adopting postgresql uuid v7 primary keys for video metadata at scale how we replaced bigserial primary keys with postgresql uuid v7 across eight regional video-metadata,237,36,True,Inferencia completada.,aceptada,backend,cloud,0.7964992201687603,-0.6200958289725883,1.4165950491413486,Media,25,Predicción automática con monitoreo,False,True,[],"[{'position': 1, 'category': 'backend', 'score': 0.7964992201687603}, {'position': 2, 'category': 'cloud', 'score': -0.6200958289725883}, {'position': 3, 'category': 'datascience', 'score': -1.569279085471452}, {'position': 4, 'category': 'frontend', 'score': -1.6069462771825607}]",,1,309,309,backend,aceptada,False,False,False
f7e38356-eb4e-42a0-8aed-b6f0b74a9337,310,2026-08-06T03:16:41.238+00:00,str,cover letter for us data analyst job with chinese internship cover letter for us data analyst job with chinese internship learn how to write a us entry-level data analyst cover letter when your only experience is a chinese internship. get a before/after rewrite a checklist and ats formatting tips no generic advice. ats chinese ats chinese,340,56,True,Inferencia completada.,aceptada,datascience,backend,1.7950586419318677,-0.6602716531412116,2.4553302950730793,Alta,51,Predicción automática,False,True,[],"[{'position': 1, 'category': 'datascience', 'score': 1.7950586419318677}, {'position': 2, 'category': 'backend', 'score': -0.6602716531412116}, {'position': 3, 'category': 'frontend', 'score': -1.6808739384590372}, {'position': 4, 'category': 'cloud', 'score': -2.0267984722844163}]",,1,310,310,datascience,aceptada,False,False,False
f7e38356-eb4e-42a0-8aed-b6f0b74a9337,311,2026-08-06T03:16:41.238+00:00,str,how kafka actually works logs partitions and the design decisions nobody explains how kafka actually works logs partitions and the design decisions nobody explains the first time i used kafka in production i treated it like rabbitmq: a message queue. produce a. kafka kafka,273,44,True,Inferencia completada.,aceptada,backend,cloud,0.5073314576322198,-0.7519677112874698,1.2592991689196895,Media,40,Predicción automática con monitoreo,False,True,[],"[{'position': 1, 'category': 'backend', 'score': 0.5073314576322198}, {'position': 2, 'category': 'cloud', 'score': -0.7519677112874698}, {'position': 3, 'category': 'frontend', 'score': -0.8977608403472938}, {'position': 4, 'category': 'datascience', 'score': -1.912170182509241}]",,1,311,311,backend,aceptada,False,False,False
f7e38356-eb4e-42a0-8aed-b6f0b74a9337,312,2026-08-06T03:16:41.238+00:00,str,aws interconnect and the rise of practical multi-cloud architectures aws interconnect and the rise of practical multi-cloud architectures modern enterprises rarely live inside a single cloud anymore. a few years ago cloud strategy. a few years ago a few years ago,263,41,True,Inferencia completada.,aceptada,cloud,frontend,1.6536991238235923,-0.596144006066234,2.2498431298898263,Alta,31,Predicción automática,False,True,[],"[{'position': 1, 'category': 'cloud', 'score': 1.6536991238235923}, {'position': 2, 'category': 'frontend', 'score': -0.596144006066234}, {'position': 3, 'category': 'datascience', 'score': -1.7890638903273}, {'position': 4, 'category': 'backend', 'score': -1.8814568630326614}]",,1,312,312,cloud,aceptada,False,False,False
f7e38356-eb4e-42a0-8aed-b6f0b74a9337,313,2026-08-06T03:16:41.238+00:00,str,your pipeline is 23.2h behind: catching investing sentiment leads with pulsebit your pipeline is 23.2h behind: catching investing sentiment leads with pulsebit your pipeline is 23.2h behind: catching investing sentiment leads with pulsebit we. catching investing sentiment leads 23.2h catching investing sentiment leads 23.2h,325,44,True,Inferencia completada.,aceptada,datascience,frontend,1.3942876455862754,-1.2727342027453736,2.667021848331649,Alta,25,Predicción automática,False,True,[],"[{'position': 1, 'category': 'datascience', 'score': 1.3942876455862754}, {'position': 2, 'category': 'frontend', 'score': -1.2727342027453736}, {'position': 3, 'category': 'backend', 'score': -1.4398373736998151}, {'position': 4, 'category': 'cloud', 'score': -1.8190831405219847}]",,1,313,313,datascience,aceptada,False,False,False
f7e38356-eb4e-42a0-8aed-b6f0b74a9337,314,2026-08-06T03:16:41.238+00:00,str,cloud engineering after devops: the platform engineering era has arrived cloud engineering after devops: the platform engineering era has arrived for more than a decade devops has been the dominant model for modern software delivery. devops more than a decade devops more than a decade,285,45,True,Inferencia completada.,aceptada,cloud,frontend,1.1906837889526702,-0.7829918822758541,1.9736756712285244,Alta,26,Predicción automática,False,True,[],"[{'position': 1, 'category': 'cloud', 'score': 1.1906837889526702}, {'position': 2, 'category': 'frontend', 'score': -0.7829918822758541}, {'position': 3, 'category': 'backend', 'score': -1.5924625256539193}, {'position': 4, 'category': 'datascience', 'score': -1.6809039172607387}]",,1,314,314,cloud,aceptada,False,False,False
f7e38356-eb4e-42a0-8aed-b6f0b74a9337,315,2026-08-06T03:16:41.238+00:00,str,how we built a 10 000-run monte carlo simulator for the 2026 world cup how we built a 10 000-run monte carlo simulator for the 2026 world cup the 2026 world cup is the first with 48 teams and 104 matches which makes it a genuinely interesting. the 2026 world cup the 2026 world cup,281,55,True,Inferencia completada.,aceptada,datascience,cloud,0.8438995440663939,-0.4816828823030277,1.3255824263694216,Media,42,Predicción automática con monitoreo,False,True,[],"[{'position': 1, 'category': 'datascience', 'score': 0.8438995440663939}, {'position': 2, 'category': 'cloud', 'score': -0.4816828823030277}, {'position': 3, 'category': 'backend', 'score': -1.3953321593347998}, {'position': 4, 'category': 'frontend', 'score': -1.6631433178284216}]",,1,315,315,datascience,aceptada,False,False,False
f7e38356-eb4e-42a0-8aed-b6f0b74a9337,316,2026-08-06T03:16:41.238+00:00,str,i built a multiplayer card game to test my own game backend saas i built a multiplayer card game to test my own game backend saas i recently released meksiko an android version of a traditional multiplayer card game. the game. android meksiko android meksiko,258,45,True,Inferencia completada.,revision,frontend,backend,-0.3407439487409102,-0.5353379959507618,0.19459404720985163,Crítica,28,Revisión humana prioritaria,True,True,['Las dos categorías principales tienen puntuaciones muy cercanas.'],"[{'position': 1, 'category': 'frontend', 'score': -0.3407439487409102}, {'position': 2, 'category': 'backend', 'score': -0.5353379959507618}, {'position': 3, 'category': 'cloud', 'score': -0.5661411656407969}, {'position': 4, 'category': 'datascience', 'score': -1.4598197847594316}]",,1,316,316,frontend,revision,False,True,False
f7e38356-eb4e-42a0-8aed-b6f0b74a9337,317,2026-08-06T03:16:41.238+00:00,str,container registry strategies: tagging caching and security scanning container registry strategies: tagging caching and security scanning container registry strategies: tagging caching and security scanning your container.,222,26,True,Inferencia completada.,revision,backend,frontend,-0.2300915386190503,-0.43055442087368195,0.20046288225463166,Crítica,10,Revisión humana prioritaria,True,True,"['Cobertura reducida del vocabulario.', 'Las dos categorías principales tienen puntuaciones muy cercanas.']","[{'position': 1, 'category': 'backend', 'score': -0.2300915386190503}, {'position': 2, 'category': 'frontend', 'score': -0.43055442087368195}, {'position': 3, 'category': 'cloud', 'score': -0.75439991572202}, {'position': 4, 'category': 'datascience', 'score': -1.2010124745824298}]",,1,317,317,backend,revision,False,True,True
f7e38356-eb4e-42a0-8aed-b6f0b74a9337,318,2026-08-06T03:16:41.238+00:00,str,build a resilient data ingestion pipeline with streaming sql and event sourcing build a resilient data ingestion pipeline with streaming sql and event sourcing build a resilient data ingestion pipeline with streaming sql and event sourcing sql sql,247,38,True,Inferencia completada.,revision,backend,frontend,-0.0947332391323007,-0.3210387912365884,0.2263055521042877,Crítica,21,Revisión humana prioritaria,True,True,['Las dos categorías principales tienen puntuaciones muy cercanas.'],"[{'position': 1, 'category': 'backend', 'score': -0.0947332391323007}, {'position': 2, 'category': 'frontend', 'score': -0.3210387912365884}, {'position': 3, 'category': 'datascience', 'score': -0.7637326296895498}, {'position': 4, 'category': 'cloud', 'score': -1.6909812641124728}]",,1,318,318,backend,revision,False,True,False
f7e38356-eb4e-42a0-8aed-b6f0b74a9337,319,2026-08-06T03:16:41.238+00:00,str,stop breaking apps: api versioning in laravel stop breaking apps: api versioning in laravel the mobile client lag trap when you build saas apis at smart tech devs you have total control over. smart tech devs lag trap the mobile client smart tech devs lag trap the mobile client,277,49,True,Inferencia completada.,aceptada,backend,frontend,1.9744479241909825,-1.1166730907991989,3.0911210149901813,Alta,37,Predicción automática,False,True,[],"[{'position': 1, 'category': 'backend', 'score': 1.9744479241909825}, {'position': 2, 'category': 'frontend', 'score': -1.1166730907991989}, {'position': 3, 'category': 'datascience', 'score': -2.1043282852688483}, {'position': 4, 'category': 'cloud', 'score': -2.11775180424222}]",,1,319,319,backend,aceptada,False,False,False
f7e38356-eb4e-42a0-8aed-b6f0b74a9337,320,2026-08-06T03:16:41.238+00:00,str,construindo um índice estatístico para prever o campeão da copa 2026 construindo um índice estatístico para prever o campeão da copa 2026 como combinei dados reais da fase de grupos com histórico e ranking fifa para ranquear os favoritos fifa como combinei fifa como combinei,275,45,True,Inferencia completada.,revision,backend,datascience,0.0428165944438047,-0.5918726156030722,0.634689210046877,Baja,13,Revisión humana recomendada,True,True,"['Cobertura reducida del vocabulario.', 'El margen de decisión es reducido.']","[{'position': 1, 'category': 'backend', 'score': 0.0428165944438047}, {'position': 2, 'category': 'datascience', 'score': -0.5918726156030722}, {'position': 3, 'category': 'cloud', 'score': -1.0228318621543226}, {'position': 4, 'category': 'frontend', 'score': -1.2490913753599278}]",,1,320,320,backend,revision,False,True,True
f7e38356-eb4e-42a0-8aed-b6f0b74a9337,321,2026-08-06T03:16:41.238+00:00,str,the right way to handle ai api timeouts in laravel the right way to handle ai api timeouts in laravel when integrating third-party ai or llm apis into your application running them synchronously inside. ai ai,208,36,True,Inferencia completada.,aceptada,backend,cloud,1.5430993554160835,-0.42435229412334124,1.9674516495394248,Alta,32,Predicción automática,False,True,[],"[{'position': 1, 'category': 'backend', 'score': 1.5430993554160835}, {'position': 2, 'category': 'cloud', 'score': -0.42435229412334124}, {'position': 3, 'category': 'datascience', 'score': -1.8285988266867057}, {'position': 4, 'category': 'frontend', 'score': -2.4579224941549316}]",,1,321,321,backend,aceptada,False,False,False
f7e38356-eb4e-42a0-8aed-b6f0b74a9337,322,2026-08-06T03:16:41.238+00:00,str,deployment isn t the finish line: validating and monitoring credit models deployment isn t the finish line: validating and monitoring credit models originally published at han-co.com part of the basics strand of my credit finance data. finance data credit finance data credit,275,42,True,Inferencia completada.,aceptada,datascience,cloud,1.340524380470411,-1.1725400714895393,2.5130644519599503,Alta,37,Predicción automática,False,True,[],"[{'position': 1, 'category': 'datascience', 'score': 1.340524380470411}, {'position': 2, 'category': 'cloud', 'score': -1.1725400714895393}, {'position': 3, 'category': 'frontend', 'score': -1.394269307156517}, {'position': 4, 'category': 'backend', 'score': -1.8438875839204245}]",,1,322,322,datascience,aceptada,False,False,False
f7e38356-eb4e-42a0-8aed-b6f0b74a9337,323,2026-08-06T03:16:41.238+00:00,str,computed-and-watch-macros computed-and-watch-macros computed and watch macros in euv project code: euv is a. watch macros watch macros,134,17,True,Inferencia completada.,aceptada,frontend,datascience,0.7613650696894273,-1.0612064795473815,1.8225715492368089,Alta,16,Predicción automática,False,True,[],"[{'position': 1, 'category': 'frontend', 'score': 0.7613650696894273}, {'position': 2, 'category': 'datascience', 'score': -1.0612064795473815}, {'position': 3, 'category': 'backend', 'score': -1.1823403003485438}, {'position': 4, 'category': 'cloud', 'score': -1.3968638634746309}]",,1,323,323,frontend,aceptada,False,False,False
f7e38356-eb4e-42a0-8aed-b6f0b74a9337,324,2026-08-06T03:16:41.238+00:00,str,how to apply a clio task template to a matter through the api how to apply a clio task template to a matter through the api applying a whole template list and creating one task from one template are different jobs with different endpoints and neither is where you would look first.,281,52,True,Inferencia completada.,aceptada,backend,frontend,0.7177582907966568,-0.7957914605685841,1.513549751365241,Media,39,Predicción automática con monitoreo,False,True,[],"[{'position': 1, 'category': 'backend', 'score': 0.7177582907966568}, {'position': 2, 'category': 'frontend', 'score': -0.7957914605685841}, {'position': 3, 'category': 'datascience', 'score': -1.1939395684705263}, {'position': 4, 'category': 'cloud', 'score': -1.686045724478351}]",,1,324,324,backend,aceptada,False,False,False
f7e38356-eb4e-42a0-8aed-b6f0b74a9337,325,2026-08-06T03:16:41.238+00:00,str,http/3: why the web finally moved beyond tcp http/3: why the web finally moved beyond tcp in the previous article we explored how http/2 transformed web communication. instead of opening.,187,30,True,Inferencia completada.,aceptada,frontend,datascience,0.19147857591368855,-0.8312658800410877,1.0227444559547763,Media,25,Predicción automática con monitoreo,False,True,[],"[{'position': 1, 'category': 'frontend', 'score': 0.19147857591368855}, {'position': 2, 'category': 'datascience', 'score': -0.8312658800410877}, {'position': 3, 'category': 'cloud', 'score': -0.9615615822867473}, {'position': 4, 'category': 'backend', 'score': -1.1051835770655178}]",,1,325,325,frontend,aceptada,False,False,False
f7e38356-eb4e-42a0-8aed-b6f0b74a9337,326,2026-08-06T03:16:41.238+00:00,str,why is the normal distribution so important in machine learning and statistics why is the normal distribution so important in machine learning and statistics if you ve started learning machine learning or statistics you ve probably encountered the term.,253,39,True,Inferencia completada.,aceptada,datascience,backend,0.9210112328112057,-0.8358575512880595,1.7568687840992652,Media,30,Predicción automática con monitoreo,False,True,[],"[{'position': 1, 'category': 'datascience', 'score': 0.9210112328112057}, {'position': 2, 'category': 'backend', 'score': -0.8358575512880595}, {'position': 3, 'category': 'cloud', 'score': -1.2917870082973746}, {'position': 4, 'category': 'frontend', 'score': -1.5717439039654457}]",,1,326,326,datascience,aceptada,False,False,False
f7e38356-eb4e-42a0-8aed-b6f0b74a9337,327,2026-08-06T03:16:41.238+00:00,str,multi-tenancy and the concepts behind it. multi-tenancy and the concepts behind it. introduction building a multi-tenant application is one of the most architecturally.,168,23,True,Inferencia completada.,revision,backend,frontend,0.1532957350077716,-0.4631146915481099,0.6164104265558815,Baja,23,Revisión humana recomendada,True,True,['El margen de decisión es reducido.'],"[{'position': 1, 'category': 'backend', 'score': 0.1532957350077716}, {'position': 2, 'category': 'frontend', 'score': -0.4631146915481099}, {'position': 3, 'category': 'datascience', 'score': -0.7586389288833018}, {'position': 4, 'category': 'cloud', 'score': -1.2003307706848743}]",,1,327,327,backend,revision,False,True,False
f7e38356-eb4e-42a0-8aed-b6f0b74a9337,328,2026-08-06T03:16:41.238+00:00,str,your pipeline is 19.9h behind: catching digital transformation sentiment leads with pulsebit your pipeline is 19.9h behind: catching digital transformation sentiment leads with pulsebit your pipeline is 19.9h behind: catching digital transformation sentiment leads with. 19.9h 19.9h,282,37,True,Inferencia completada.,aceptada,datascience,backend,1.2849597967489212,-1.3945955474555256,2.679555344204447,Alta,25,Predicción automática,False,True,[],"[{'position': 1, 'category': 'datascience', 'score': 1.2849597967489212}, {'position': 2, 'category': 'backend', 'score': -1.3945955474555256}, {'position': 3, 'category': 'cloud', 'score': -1.464476142207198}, {'position': 4, 'category': 'frontend', 'score': -1.6788737426414881}]",,1,328,328,datascience,aceptada,False,False,False
f7e38356-eb4e-42a0-8aed-b6f0b74a9337,329,2026-08-06T03:16:41.238+00:00,str,your pipeline is 22.5h behind: catching food sentiment leads with pulsebit your pipeline is 22.5h behind: catching food sentiment leads with pulsebit your pipeline is 22.5h behind: catching food sentiment leads with pulsebit we recently. 22.5h 22.5h,249,37,True,Inferencia completada.,aceptada,datascience,frontend,1.5223136354551747,-1.2862959995158676,2.8086096349710425,Alta,26,Predicción automática,False,True,[],"[{'position': 1, 'category': 'datascience', 'score': 1.5223136354551747}, {'position': 2, 'category': 'frontend', 'score': -1.2862959995158676}, {'position': 3, 'category': 'backend', 'score': -1.4319031907573874}, {'position': 4, 'category': 'cloud', 'score': -1.9212697711464877}]",,1,329,329,datascience,aceptada,False,False,False
f7e38356-eb4e-42a0-8aed-b6f0b74a9337,330,2026-08-06T03:16:41.238+00:00,str,view transitions api: frontend animasyonlarında yeni standart mı geliyor view transitions api: frontend animasyonlarında yeni standart mı geliyor view transitions api sayfa geçişlerini daha akıcı ve performanslı hale getiriyor. modern web. view transitions api sayfa geçişlerini daha akıcı view transitions api sayfa geçişlerini daha akıcı,339,45,True,Inferencia completada.,revision,frontend,cloud,1.8394667292309603,-1.538190855002846,3.3776575842338064,Muy alta,11,Revisión humana recomendada,True,True,['Cobertura reducida del vocabulario.'],"[{'position': 1, 'category': 'frontend', 'score': 1.8394667292309603}, {'position': 2, 'category': 'cloud', 'score': -1.538190855002846}, {'position': 3, 'category': 'datascience', 'score': -1.6447897500747306}, {'position': 4, 'category': 'backend', 'score': -1.7760739782088686}]",,1,330,330,frontend,revision,False,False,True
f7e38356-eb4e-42a0-8aed-b6f0b74a9337,331,2026-08-06T03:16:41.238+00:00,str,automating youtube content creation with artificial intelligence automating youtube content creation with artificial intelligence automating youtube content creation with artificial intelligence the landscape of online.,219,25,True,Inferencia completada.,revision,frontend,datascience,0.3159093730135639,-0.7499778659876389,1.0658872390012029,Media,14,Revisión humana recomendada,True,True,['Cobertura reducida del vocabulario.'],"[{'position': 1, 'category': 'frontend', 'score': 0.3159093730135639}, {'position': 2, 'category': 'datascience', 'score': -0.7499778659876389}, {'position': 3, 'category': 'backend', 'score': -1.1796742678847547}, {'position': 4, 'category': 'cloud', 'score': -1.3815561225892725}]",,1,331,331,frontend,revision,False,False,True
f7e38356-eb4e-42a0-8aed-b6f0b74a9337,332,2026-08-06T03:16:41.238+00:00,str,uruguay vs spain: match prediction model analysis 2026-06-27 uruguay vs spain: match prediction model analysis 2026-06-27 published: 2026-06-25 footballmoney.top uruguay vs spain 世界杯 2026-06-27 2026-06-27 spain 2026-06-25 2026-06-27 spain 2026-06-25,249,30,True,Inferencia completada.,aceptada,datascience,backend,1.6580971494599446,-1.2904915934672405,2.948588742927185,Alta,22,Predicción automática,False,True,[],"[{'position': 1, 'category': 'datascience', 'score': 1.6580971494599446}, {'position': 2, 'category': 'backend', 'score': -1.2904915934672405}, {'position': 3, 'category': 'frontend', 'score': -1.314224941455275}, {'position': 4, 'category': 'cloud', 'score': -1.3768051116358941}]",,1,332,332,datascience,aceptada,False,False,False
f7e38356-eb4e-42a0-8aed-b6f0b74a9337,333,2026-08-06T03:16:41.238+00:00,str,stop starting with microservices build a monolith first stop starting with microservices build a monolith first most startups don t fail because they chose a monolith. they fail because they never built something.,213,33,True,Inferencia completada.,aceptada,backend,cloud,0.6254421353735978,-0.4081794401393464,1.033621575512944,Media,24,Predicción automática con monitoreo,False,True,[],"[{'position': 1, 'category': 'backend', 'score': 0.6254421353735978}, {'position': 2, 'category': 'cloud', 'score': -0.4081794401393464}, {'position': 3, 'category': 'datascience', 'score': -1.3075377153006493}, {'position': 4, 'category': 'frontend', 'score': -1.5087115762935928}]",,1,333,333,backend,aceptada,False,False,False
f7e38356-eb4e-42a0-8aed-b6f0b74a9337,334,2026-08-06T03:16:41.238+00:00,str,how i built a zero-dependency multi-level typing test in native javascript how i built a zero-dependency multi-level typing test in native javascript a breakdown of building a lightweight responsive wpm and accuracy testing engine with instant feedback. wpm wpm,261,39,True,Inferencia completada.,aceptada,frontend,datascience,1.5023615349126724,-0.8631199555137727,2.365481490426445,Alta,32,Predicción automática,False,True,[],"[{'position': 1, 'category': 'frontend', 'score': 1.5023615349126724}, {'position': 2, 'category': 'datascience', 'score': -0.8631199555137727}, {'position': 3, 'category': 'backend', 'score': -1.7848507976255703}, {'position': 4, 'category': 'cloud', 'score': -1.8104813884602131}]",,1,334,334,frontend,aceptada,False,False,False
f7e38356-eb4e-42a0-8aed-b6f0b74a9337,335,2026-08-06T03:16:41.238+00:00,str,your pipeline is 11.3h behind: catching business sentiment leads with pulsebit your pipeline is 11.3h behind: catching business sentiment leads with pulsebit your pipeline is 11.3h behind: catching business sentiment leads with pulsebit we recently. 11.3h 11.3h,261,37,True,Inferencia completada.,aceptada,datascience,backend,2.386058279838789,-1.5952072961188355,3.9812655759576243,Muy alta,23,Predicción automática,False,True,[],"[{'position': 1, 'category': 'datascience', 'score': 2.386058279838789}, {'position': 2, 'category': 'backend', 'score': -1.5952072961188355}, {'position': 3, 'category': 'frontend', 'score': -1.8001627985867783}, {'position': 4, 'category': 'cloud', 'score': -2.342517289492199}]",,1,335,335,datascience,aceptada,False,False,False
f7e38356-eb4e-42a0-8aed-b6f0b74a9337,336,2026-08-06T03:16:41.238+00:00,str,how i built a low-bandwidth polling engine for a nigerian fintech platform how i built a low-bandwidth polling engine for a nigerian fintech platform introduction building financial products in emerging markets requires solving problems that many.,247,36,True,Inferencia completada.,revision,backend,datascience,-0.04706813947211674,-0.30558336129420627,0.2585152218220895,Baja,32,Revisión humana recomendada,True,True,['El margen de decisión es reducido.'],"[{'position': 1, 'category': 'backend', 'score': -0.04706813947211674}, {'position': 2, 'category': 'datascience', 'score': -0.30558336129420627}, {'position': 3, 'category': 'cloud', 'score': -0.639705963615811}, {'position': 4, 'category': 'frontend', 'score': -1.8340602759685862}]",,1,336,336,backend,revision,False,True,False
f7e38356-eb4e-42a0-8aed-b6f0b74a9337,337,2026-08-06T03:16:41.238+00:00,str,the most expensive outages return http 200 the most expensive outages return http 200 a 500 is an unexpected jolt from your sleep while a 200 silently drains your savings. that s the.,183,33,True,Inferencia completada.,aceptada,backend,cloud,0.6686135064805573,-0.5438880840744162,1.2125015905549734,Media,26,Predicción automática con monitoreo,False,True,[],"[{'position': 1, 'category': 'backend', 'score': 0.6686135064805573}, {'position': 2, 'category': 'cloud', 'score': -0.5438880840744162}, {'position': 3, 'category': 'datascience', 'score': -0.7807548937927533}, {'position': 4, 'category': 'frontend', 'score': -1.517578262562561}]",,1,337,337,backend,aceptada,False,False,False
f7e38356-eb4e-42a0-8aed-b6f0b74a9337,338,2026-08-06T03:16:41.238+00:00,str,from raw prices to real signals: financial metrics for a data pipeline daily return ma rsi macd volatility from raw prices to real signals: financial metrics for a data pipeline daily return ma rsi macd volatility how i compute and reason about daily return moving averages rsi macd and volatility to transform raw ohlcv data into useful indicators in a financial dashboard s silver layer. moving averages rsi ohlcv moving averages rsi ohlcv,441,73,True,Inferencia completada.,aceptada,datascience,frontend,1.6794256473905498,-1.393362048959835,3.072787696350385,Alta,43,Predicción automática,False,True,[],"[{'position': 1, 'category': 'datascience', 'score': 1.6794256473905498}, {'position': 2, 'category': 'frontend', 'score': -1.393362048959835}, {'position': 3, 'category': 'cloud', 'score': -1.4775622660114702}, {'position': 4, 'category': 'backend', 'score': -1.5102227169326397}]",,1,338,338,datascience,aceptada,False,False,False
f7e38356-eb4e-42a0-8aed-b6f0b74a9337,339,2026-08-06T03:16:41.238+00:00,str,javascript dom basics: selecting accessing adding deleting elements javascript dom basics: selecting accessing adding deleting elements 1 selecting an element selecting means finding an html element so javascript can work. javascript 1️⃣ javascript 1️⃣,252,34,True,Inferencia completada.,aceptada,frontend,cloud,1.5391820855916953,-1.2011221409004307,2.740304226492126,Alta,18,Predicción automática,False,True,[],"[{'position': 1, 'category': 'frontend', 'score': 1.5391820855916953}, {'position': 2, 'category': 'cloud', 'score': -1.2011221409004307}, {'position': 3, 'category': 'backend', 'score': -1.262188347425012}, {'position': 4, 'category': 'datascience', 'score': -1.6288317360512965}]",,1,339,339,frontend,aceptada,False,False,False
f7e38356-eb4e-42a0-8aed-b6f0b74a9337,340,2026-08-06T03:16:41.238+00:00,str,every new api is another promise you ll have to keep every new api is another promise you ll have to keep developers love apis. they save time. they unlock new features. they help products grow.,194,36,True,Inferencia completada.,aceptada,backend,frontend,0.677736806737329,-1.0801984671929634,1.7579352739302925,Media,30,Predicción automática con monitoreo,False,True,[],"[{'position': 1, 'category': 'backend', 'score': 0.677736806737329}, {'position': 2, 'category': 'frontend', 'score': -1.0801984671929634}, {'position': 3, 'category': 'datascience', 'score': -1.2320832688570784}, {'position': 4, 'category': 'cloud', 'score': -1.4408398495366148}]",,1,340,340,backend,aceptada,False,False,False
f7e38356-eb4e-42a0-8aed-b6f0b74a9337,341,2026-08-06T03:16:41.238+00:00,str,aws ec2 essentials everything you need to know with real-life analogies aws ec2 essentials everything you need to know with real-life analogies ec2 essentials compute storage networking security lifecycle cli part of my. lifecycle lifecycle,240,35,True,Inferencia completada.,aceptada,cloud,datascience,1.671378699388737,-1.4606867899635274,3.1320654893522644,Alta,24,Predicción automática,False,True,[],"[{'position': 1, 'category': 'cloud', 'score': 1.671378699388737}, {'position': 2, 'category': 'datascience', 'score': -1.4606867899635274}, {'position': 3, 'category': 'frontend', 'score': -1.4681787713288177}, {'position': 4, 'category': 'backend', 'score': -1.8470943372420403}]",,1,341,341,cloud,aceptada,False,False,False
f7e38356-eb4e-42a0-8aed-b6f0b74a9337,342,2026-08-06T03:16:41.238+00:00,str,bun vs node.js in production: what actually changes in 2026 bun vs node.js in production: what actually changes in 2026 a measured look at what swapping node.js for bun changes in real production: install speed native typescript built-in tooling and the compatibility and observability gaps that still bite. node.js for bun typescript node.js for bun typescript,361,56,True,Inferencia completada.,aceptada,backend,cloud,0.45047803658064545,-0.5360448005718479,0.9865228371524933,Media,40,Predicción automática con monitoreo,False,True,[],"[{'position': 1, 'category': 'backend', 'score': 0.45047803658064545}, {'position': 2, 'category': 'cloud', 'score': -0.5360448005718479}, {'position': 3, 'category': 'frontend', 'score': -1.1470553327240207}, {'position': 4, 'category': 'datascience', 'score': -1.6738181751201875}]",,1,342,342,backend,aceptada,False,False,False
f7e38356-eb4e-42a0-8aed-b6f0b74a9337,343,2026-08-06T03:16:41.238+00:00,str,cinema seat reservation system part 2: transitioning to production-scale and deploying on azure cloud cinema seat reservation system part 2: transitioning to production-scale and deploying on azure cloud introduction this is the second part of sharing my journey to create a microservices-based. second second,309,44,True,Inferencia completada.,aceptada,cloud,backend,2.095023032843701,-1.2554324908385586,3.3504555236822595,Muy alta,32,Predicción automática,False,True,[],"[{'position': 1, 'category': 'cloud', 'score': 2.095023032843701}, {'position': 2, 'category': 'backend', 'score': -1.2554324908385586}, {'position': 3, 'category': 'datascience', 'score': -2.092749499771906}, {'position': 4, 'category': 'frontend', 'score': -2.3036608338218056}]",,1,343,343,cloud,aceptada,False,False,False
f7e38356-eb4e-42a0-8aed-b6f0b74a9337,344,2026-08-06T03:16:41.238+00:00,str,the art of constructive feedback in engineering teams the art of constructive feedback in engineering teams the art of constructive feedback in engineering teams the art of constructive.,186,28,True,Inferencia completada.,revision,frontend,backend,1.3405727905513087,-1.0492383993106698,2.3898111898619785,Alta,12,Revisión humana recomendada,True,True,['Cobertura reducida del vocabulario.'],"[{'position': 1, 'category': 'frontend', 'score': 1.3405727905513087}, {'position': 2, 'category': 'backend', 'score': -1.0492383993106698}, {'position': 3, 'category': 'cloud', 'score': -1.216991347819243}, {'position': 4, 'category': 'datascience', 'score': -1.3140739726761566}]",,1,344,344,frontend,revision,False,False,True
f7e38356-eb4e-42a0-8aed-b6f0b74a9337,345,2026-08-06T03:16:41.238+00:00,str,cloud computing service cloud computing service as organizations increasingly adopt cloud technologies ensuring the security of cloud environments.,147,18,True,Inferencia completada.,aceptada,cloud,backend,3.2836613818351106,-2.064348792275594,5.348010174110705,Muy alta,17,Predicción automática,False,True,[],"[{'position': 1, 'category': 'cloud', 'score': 3.2836613818351106}, {'position': 2, 'category': 'backend', 'score': -2.064348792275594}, {'position': 3, 'category': 'datascience', 'score': -2.2561529303594465}, {'position': 4, 'category': 'frontend', 'score': -2.7108477625313574}]",,1,345,345,cloud,aceptada,False,False,False
f7e38356-eb4e-42a0-8aed-b6f0b74a9337,346,2026-08-06T03:16:41.238+00:00,str,an interactive express.js api generator an interactive express.js api generator i built exp-gen an interactive express.js api generator after spending a lot of time.,165,24,True,Inferencia completada.,revision,frontend,backend,-0.13475047890452696,-0.2766712406929793,0.14192076178845237,Crítica,19,Revisión humana prioritaria,True,True,['Las dos categorías principales tienen puntuaciones muy cercanas.'],"[{'position': 1, 'category': 'frontend', 'score': -0.13475047890452696}, {'position': 2, 'category': 'backend', 'score': -0.2766712406929793}, {'position': 3, 'category': 'datascience', 'score': -1.2438318958161156}, {'position': 4, 'category': 'cloud', 'score': -1.5598997173468954}]",,1,346,346,frontend,revision,False,True,False
f7e38356-eb4e-42a0-8aed-b6f0b74a9337,347,2026-08-06T03:16:41.238+00:00,str,your pipeline is 26.4h behind: catching finance sentiment leads with pulsebit your pipeline is 26.4h behind: catching finance sentiment leads with pulsebit your pipeline is 26.4h behind: catching finance sentiment leads with pulsebit on the. 26.4h 26.4h,253,37,True,Inferencia completada.,aceptada,datascience,frontend,1.552325858706714,-1.4629197208434648,3.0152455795501787,Alta,27,Predicción automática,False,True,[],"[{'position': 1, 'category': 'datascience', 'score': 1.552325858706714}, {'position': 2, 'category': 'frontend', 'score': -1.4629197208434648}, {'position': 3, 'category': 'backend', 'score': -1.5665833747364553}, {'position': 4, 'category': 'cloud', 'score': -1.79149526531029}]",,1,347,347,datascience,aceptada,False,False,False
f7e38356-eb4e-42a0-8aed-b6f0b74a9337,348,2026-08-06T03:16:41.238+00:00,str,why your fastapi app works locally but fails in production why your fastapi app works locally but fails in production fastapi works locally but fails in production the five usual causes: uvicorn workers queuepool limits event loop blocking and docker cpu limits. docker cpu uvicorn docker cpu uvicorn,300,48,True,Inferencia completada.,aceptada,backend,frontend,1.5697718523194935,-1.4037538154866906,2.973525667806184,Alta,29,Predicción automática,False,True,[],"[{'position': 1, 'category': 'backend', 'score': 1.5697718523194935}, {'position': 2, 'category': 'frontend', 'score': -1.4037538154866906}, {'position': 3, 'category': 'cloud', 'score': -1.5730861637441795}, {'position': 4, 'category': 'datascience', 'score': -1.7845768117939735}]",,1,348,348,backend,aceptada,False,False,False
f7e38356-eb4e-42a0-8aed-b6f0b74a9337,349,2026-08-06T03:16:41.238+00:00,str,deploying a complex cursor-built app: prisma postgres inngest supabase on vercel railway and jetpacked deploying a complex cursor-built app: prisma postgres inngest supabase on vercel railway and jetpacked i built a complex full-stack application with cursor to see how different deployment platforms handle. cursor cursor,322,45,True,Inferencia completada.,revision,backend,cloud,0.2976375332846103,-0.03538936146015137,0.33302689474476166,Baja,31,Revisión humana recomendada,True,True,['El margen de decisión es reducido.'],"[{'position': 1, 'category': 'backend', 'score': 0.2976375332846103}, {'position': 2, 'category': 'cloud', 'score': -0.03538936146015137}, {'position': 3, 'category': 'frontend', 'score': -1.2336736988171237}, {'position': 4, 'category': 'datascience', 'score': -1.792220990458016}]",,1,349,349,backend,revision,False,True,False
f7e38356-eb4e-42a0-8aed-b6f0b74a9337,350,2026-08-06T03:16:41.238+00:00,str,sesiones stateful: el verdadero estándar de oro en la web sesiones stateful: el verdadero estándar de oro en la web te has preguntado por qué a pesar del auge de las apis stateless y los jwt las aplicaciones más. jwt del auge de las apis stateless jwt del auge de las apis stateless,282,53,True,Inferencia completada.,revision,backend,datascience,0.17857287540349198,-0.6113644625062891,0.789937337909781,Baja,21,Revisión humana recomendada,True,True,['El margen de decisión es reducido.'],"[{'position': 1, 'category': 'backend', 'score': 0.17857287540349198}, {'position': 2, 'category': 'datascience', 'score': -0.6113644625062891}, {'position': 3, 'category': 'cloud', 'score': -0.7231366664822974}, {'position': 4, 'category': 'frontend', 'score': -1.2423812203416857}]",,1,350,350,backend,revision,False,True,False
f7e38356-eb4e-42a0-8aed-b6f0b74a9337,351,2026-08-06T03:16:41.238+00:00,str,cloud cost optimization for data platforms: the guardrails that actually reduce spend cloud cost optimization for data platforms: the guardrails that actually reduce spend where cloud spend usually leaks in modern data platforms and which operating guardrails help teams reduce cost without cutting the wrong workloads.,319,46,True,Inferencia completada.,aceptada,cloud,datascience,0.9402909260844571,-0.5657558285907052,1.5060467546751624,Media,35,Predicción automática con monitoreo,False,True,[],"[{'position': 1, 'category': 'cloud', 'score': 0.9402909260844571}, {'position': 2, 'category': 'datascience', 'score': -0.5657558285907052}, {'position': 3, 'category': 'backend', 'score': -1.803962755916173}, {'position': 4, 'category': 'frontend', 'score': -2.1999232356730363}]",,1,351,351,cloud,aceptada,False,False,False
f7e38356-eb4e-42a0-8aed-b6f0b74a9337,352,2026-08-06T03:16:41.238+00:00,str,dev log 04: engineering automated community security shields on the edge dev log 04: engineering automated community security shields on the edge how we implemented high-speed regex matchers and huggingface classifiers to protect chat. huggingface huggingface,259,36,True,Inferencia completada.,revision,cloud,frontend,0.07592831305754544,-0.7185617694888284,0.7944900825463739,Baja,22,Revisión humana recomendada,True,True,['El margen de decisión es reducido.'],"[{'position': 1, 'category': 'cloud', 'score': 0.07592831305754544}, {'position': 2, 'category': 'frontend', 'score': -0.7185617694888284}, {'position': 3, 'category': 'backend', 'score': -0.8030802154196712}, {'position': 4, 'category': 'datascience', 'score': -1.45341132443058}]",,1,352,352,cloud,revision,False,True,False
f7e38356-eb4e-42a0-8aed-b6f0b74a9337,353,2026-08-06T03:16:41.238+00:00,str,implementing w3c trace context across http grpc and message queues implementing w3c trace context across http grpc and message queues implement w3c trace context across http grpc and message queues to preserve distributed traces end-to-end and prevent broken spans. grpc http grpc http,285,43,True,Inferencia completada.,aceptada,backend,frontend,1.0735431871460728,-0.9549773501779577,2.0285205373240305,Alta,17,Predicción automática,False,True,[],"[{'position': 1, 'category': 'backend', 'score': 1.0735431871460728}, {'position': 2, 'category': 'frontend', 'score': -0.9549773501779577}, {'position': 3, 'category': 'datascience', 'score': -1.0619989123330653}, {'position': 4, 'category': 'cloud', 'score': -1.8803575890414437}]",,1,353,353,backend,aceptada,False,False,False
f7e38356-eb4e-42a0-8aed-b6f0b74a9337,354,2026-08-06T03:16:41.238+00:00,str,gemini prototyping ai code migration agents and llm transparency insights gemini prototyping ai code migration agents and llm transparency insights gemini prototyping ai code migration agents and llm transparency insights gemini prototyping ai code migration agents gemini prototyping ai code migration agents,309,42,True,Inferencia completada.,revision,cloud,frontend,0.8524967659944828,-0.8090124261635632,1.661509192158046,Media,9,Revisión humana recomendada,True,True,['Cobertura reducida del vocabulario.'],"[{'position': 1, 'category': 'cloud', 'score': 0.8524967659944828}, {'position': 2, 'category': 'frontend', 'score': -0.8090124261635632}, {'position': 3, 'category': 'backend', 'score': -1.42056855098981}, {'position': 4, 'category': 'datascience', 'score': -1.6291530691318288}]",,1,354,354,cloud,revision,False,False,True
f7e38356-eb4e-42a0-8aed-b6f0b74a9337,355,2026-08-06T03:16:41.238+00:00,str,top 10 must-have chrome extensions for developers in 2026 top 10 must-have chrome extensions for developers in 2026 in 2026 web development moves at lightning speed. react 19 and its server components sophisticated. server components server components,251,37,True,Inferencia completada.,aceptada,frontend,cloud,0.7612834980235418,-0.8544478446021927,1.6157313426257345,Media,30,Predicción automática con monitoreo,False,True,[],"[{'position': 1, 'category': 'frontend', 'score': 0.7612834980235418}, {'position': 2, 'category': 'cloud', 'score': -0.8544478446021927}, {'position': 3, 'category': 'datascience', 'score': -1.3420076299669628}, {'position': 4, 'category': 'backend', 'score': -1.6265354894641644}]",,1,355,355,frontend,aceptada,False,False,False
f7e38356-eb4e-42a0-8aed-b6f0b74a9337,356,2026-08-06T03:16:41.238+00:00,str,43/60 days system design questions 43/60 days system design questions your cdn saved you from explaining a 400ms load time to your vp. then your deploy shipped. and nobody. 400ms 400ms,184,31,True,Inferencia completada.,aceptada,backend,frontend,1.126793618431377,-1.1369860527951676,2.2637796712265446,Alta,27,Predicción automática,False,True,[],"[{'position': 1, 'category': 'backend', 'score': 1.126793618431377}, {'position': 2, 'category': 'frontend', 'score': -1.1369860527951676}, {'position': 3, 'category': 'cloud', 'score': -1.408412633218309}, {'position': 4, 'category': 'datascience', 'score': -1.9811763842569858}]",,1,356,356,backend,aceptada,False,False,False
f7e38356-eb4e-42a0-8aed-b6f0b74a9337,357,2026-08-06T03:16:41.238+00:00,str,request ids for safer signup email apis request ids for safer signup email apis a backend pattern for signup email apis that uses request ids outbox checks and cleaner staging validation without inbox confusion.,211,34,True,Inferencia completada.,aceptada,backend,frontend,2.1342477499083676,-1.3865940254978697,3.5208417754062373,Muy alta,28,Predicción automática,False,True,[],"[{'position': 1, 'category': 'backend', 'score': 2.1342477499083676}, {'position': 2, 'category': 'frontend', 'score': -1.3865940254978697}, {'position': 3, 'category': 'datascience', 'score': -1.7893561590417244}, {'position': 4, 'category': 'cloud', 'score': -1.8814802711956964}]",,1,357,357,backend,aceptada,False,False,False
f7e38356-eb4e-42a0-8aed-b6f0b74a9337,358,2026-08-06T03:16:41.238+00:00,str,day 17: extracting the inventory service from my spring boot monolith day 17: extracting the inventory service from my spring boot monolith for sixteen days orderhub was one spring boot jar. one pom.xml one src/ one process. it was. orderhub sixteen days spring boot jar orderhub sixteen days spring boot jar,308,51,True,Inferencia completada.,aceptada,backend,cloud,1.3356002623442644,-0.39382921136775956,1.729429473712024,Media,22,Predicción automática con monitoreo,False,True,[],"[{'position': 1, 'category': 'backend', 'score': 1.3356002623442644}, {'position': 2, 'category': 'cloud', 'score': -0.39382921136775956}, {'position': 3, 'category': 'datascience', 'score': -1.507775079152775}, {'position': 4, 'category': 'frontend', 'score': -2.0663674818401025}]",,1,358,358,backend,aceptada,False,False,False
f7e38356-eb4e-42a0-8aed-b6f0b74a9337,359,2026-08-06T03:16:41.238+00:00,str,garbage in garbage out: a beginner s guide to data cleaning garbage in garbage out: a beginner s guide to data cleaning when you first dive into machine learning it is easy to get swept up in the excitement of building.,219,41,True,Inferencia completada.,aceptada,datascience,cloud,0.43954292686896457,-0.5857788450470475,1.025321771916012,Media,41,Predicción automática con monitoreo,False,True,[],"[{'position': 1, 'category': 'datascience', 'score': 0.43954292686896457}, {'position': 2, 'category': 'cloud', 'score': -0.5857788450470475}, {'position': 3, 'category': 'frontend', 'score': -1.3040383137870823}, {'position': 4, 'category': 'backend', 'score': -1.4315239708094927}]",,1,359,359,datascience,aceptada,False,False,False
f7e38356-eb4e-42a0-8aed-b6f0b74a9337,360,2026-08-06T03:16:41.238+00:00,str,building a lightweight developer knowledge graph to accelerate onboarding and troubleshooting building a lightweight developer knowledge graph to accelerate onboarding and troubleshooting building a lightweight developer knowledge graph to accelerate onboarding and.,266,32,True,Inferencia completada.,aceptada,frontend,datascience,1.3715528287100192,-1.286287774041977,2.657840602751996,Alta,18,Predicción automática,False,True,[],"[{'position': 1, 'category': 'frontend', 'score': 1.3715528287100192}, {'position': 2, 'category': 'datascience', 'score': -1.286287774041977}, {'position': 3, 'category': 'backend', 'score': -1.6007348965448953}, {'position': 4, 'category': 'cloud', 'score': -1.6212135014758937}]",,1,360,360,frontend,aceptada,False,False,False
f7e38356-eb4e-42a0-8aed-b6f0b74a9337,361,2026-08-06T03:16:41.238+00:00,str,构建组件 构建组件 项目代码: 组件简介 组件是任何 euv 应用的构建块 它们让你将 ui.,47,9,True,Inferencia completada.,revision,frontend,datascience,3.121940780267769,-1.8860029000965701,5.007943680364339,Muy alta,2,Revisión humana recomendada,True,True,['Cobertura reducida del vocabulario.'],"[{'position': 1, 'category': 'frontend', 'score': 3.121940780267769}, {'position': 2, 'category': 'datascience', 'score': -1.8860029000965701}, {'position': 3, 'category': 'cloud', 'score': -2.050160763338887}, {'position': 4, 'category': 'backend', 'score': -2.5436341203098904}]",,1,361,361,frontend,revision,False,False,True
f7e38356-eb4e-42a0-8aed-b6f0b74a9337,362,2026-08-06T03:16:41.238+00:00,str,html -старый стандарт html -старый стандарт главным первоисточником информации о первых 18 тегах является официальный исторический архив.,137,17,True,Inferencia completada.,revision,frontend,cloud,1.4405531868592232,-1.0345514589083047,2.475104645767528,Alta,2,Revisión humana recomendada,True,True,['Cobertura reducida del vocabulario.'],"[{'position': 1, 'category': 'frontend', 'score': 1.4405531868592232}, {'position': 2, 'category': 'cloud', 'score': -1.0345514589083047}, {'position': 3, 'category': 'datascience', 'score': -1.4416986277309074}, {'position': 4, 'category': 'backend', 'score': -1.554942778365874}]",,1,362,362,frontend,revision,False,False,True
f7e38356-eb4e-42a0-8aed-b6f0b74a9337,363,2026-08-06T03:16:41.238+00:00,str,tối ưu docker compose dev stack trên laptop 16gb ram tối ưu docker compose dev stack trên laptop 16gb ram khi chạy docker compose cho một dev stack gồm postgresql redis api và frontend trên laptop 16gb. docker compose gb redis một dev docker compose gb redis một dev,266,49,True,Inferencia completada.,revision,frontend,cloud,0.12764295310076523,-0.4913364986432107,0.618979451743976,Baja,14,Revisión humana recomendada,True,True,"['Cobertura reducida del vocabulario.', 'El margen de decisión es reducido.']","[{'position': 1, 'category': 'frontend', 'score': 0.12764295310076523}, {'position': 2, 'category': 'cloud', 'score': -0.4913364986432107}, {'position': 3, 'category': 'backend', 'score': -0.6046681618636703}, {'position': 4, 'category': 'datascience', 'score': -1.8598796394430956}]",,1,363,363,frontend,revision,False,True,True
f7e38356-eb4e-42a0-8aed-b6f0b74a9337,364,2026-08-06T03:16:41.238+00:00,str,building a video url canonicalization pipeline in php 8.4 with sqlite building a video url canonicalization pipeline in php 8.4 with sqlite how a multi-region video discovery site collapses youtu.be shorts embed and mobile youtube url va shorts youtube shorts youtube,267,41,True,Inferencia completada.,aceptada,backend,frontend,0.7449565924749896,-0.7389374672323723,1.483894059707362,Media,29,Predicción automática con monitoreo,False,True,[],"[{'position': 1, 'category': 'backend', 'score': 0.7449565924749896}, {'position': 2, 'category': 'frontend', 'score': -0.7389374672323723}, {'position': 3, 'category': 'cloud', 'score': -1.2977744906281825}, {'position': 4, 'category': 'datascience', 'score': -1.7347464059718245}]",,1,364,364,backend,aceptada,False,False,False
f7e38356-eb4e-42a0-8aed-b6f0b74a9337,365,2026-08-06T03:16:41.238+00:00,str,a scatter-plot explorer for world statistics log scales and hand-rolled pearson correlation a scatter-plot explorer for world statistics log scales and hand-rolled pearson correlation do countries with higher gdp per capita also have longer life expectancy i built a tool that lets.,282,42,True,Inferencia completada.,revision,backend,frontend,-0.214366997504288,-0.511844968299256,0.29747797079496796,Baja,28,Revisión humana recomendada,True,True,['El margen de decisión es reducido.'],"[{'position': 1, 'category': 'backend', 'score': -0.214366997504288}, {'position': 2, 'category': 'frontend', 'score': -0.511844968299256}, {'position': 3, 'category': 'datascience', 'score': -0.5188017210437049}, {'position': 4, 'category': 'cloud', 'score': -1.412950863790463}]",,1,365,365,backend,revision,False,True,False
f7e38356-eb4e-42a0-8aed-b6f0b74a9337,366,2026-08-06T03:16:41.238+00:00,str,upgrading to next.js 16: field notes from two production apps upgrading to next.js 16: field notes from two production apps headline: i upgraded two real apps this portfolio and an internal operations dashboard from.,216,34,True,Inferencia completada.,aceptada,frontend,backend,0.4706139184216932,-0.7495864096526981,1.2202003280743914,Media,22,Predicción automática con monitoreo,False,True,[],"[{'position': 1, 'category': 'frontend', 'score': 0.4706139184216932}, {'position': 2, 'category': 'backend', 'score': -0.7495864096526981}, {'position': 3, 'category': 'datascience', 'score': -1.3364968760843816}, {'position': 4, 'category': 'cloud', 'score': -1.3454028994697276}]",,1,366,366,frontend,aceptada,False,False,False
f7e38356-eb4e-42a0-8aed-b6f0b74a9337,367,2026-08-06T03:16:41.238+00:00,str,day 155 of learning mern stack day 155 of learning mern stack hello dev community it is officially day 155 of my software engineering track today i brought.,156,28,True,Inferencia completada.,revision,frontend,backend,0.4439205659519444,0.028008010221770907,0.4159125557301735,Baja,32,Revisión humana recomendada,True,True,['El margen de decisión es reducido.'],"[{'position': 1, 'category': 'frontend', 'score': 0.4439205659519444}, {'position': 2, 'category': 'backend', 'score': 0.028008010221770907}, {'position': 3, 'category': 'cloud', 'score': -1.1964790952364444}, {'position': 4, 'category': 'datascience', 'score': -1.6397802561352104}]",,1,367,367,frontend,revision,False,True,False
f7e38356-eb4e-42a0-8aed-b6f0b74a9337,368,2026-08-06T03:16:41.238+00:00,str,kicking a dead horse at the speed of light doesn t make it run. kicking a dead horse at the speed of light doesn t make it run. let s be honest. the frontend community has a new silver bullet and it s called rust. every.,220,46,True,Inferencia completada.,revision,frontend,backend,0.014073583221994979,-0.3566158870137275,0.37068947023572246,Baja,38,Revisión humana recomendada,True,True,['El margen de decisión es reducido.'],"[{'position': 1, 'category': 'frontend', 'score': 0.014073583221994979}, {'position': 2, 'category': 'backend', 'score': -0.3566158870137275}, {'position': 3, 'category': 'datascience', 'score': -1.269490935529531}, {'position': 4, 'category': 'cloud', 'score': -1.4588434105963493}]",,1,368,368,frontend,revision,False,True,False
f7e38356-eb4e-42a0-8aed-b6f0b74a9337,369,2026-08-06T03:16:41.238+00:00,str,how to connect power bi to sql databases-local cloud how to connect power bi to sql databases-local cloud data sitting inside a database doesn t create value on its own rather it becomes useful the moment.,205,36,True,Inferencia completada.,revision,cloud,datascience,0.8447892455436262,0.18673038997906266,0.6580588555645636,Baja,35,Revisión humana recomendada,True,True,['El margen de decisión es reducido.'],"[{'position': 1, 'category': 'cloud', 'score': 0.8447892455436262}, {'position': 2, 'category': 'datascience', 'score': 0.18673038997906266}, {'position': 3, 'category': 'backend', 'score': -1.29848087440985}, {'position': 4, 'category': 'frontend', 'score': -3.0488861586580747}]",,1,369,369,cloud,revision,False,True,False
f7e38356-eb4e-42a0-8aed-b6f0b74a9337,370,2026-08-06T03:16:41.238+00:00,str,when susie says 95 confident is it when susie says 95 confident is it benchmarking the honesty of fine-mapping credible sets fine-mapping has a promise built into its.,167,28,True,Inferencia completada.,revision,datascience,backend,-0.41271132207924116,-0.6293303442432506,0.21661902216400947,Crítica,17,Revisión humana prioritaria,True,True,['Las dos categorías principales tienen puntuaciones muy cercanas.'],"[{'position': 1, 'category': 'datascience', 'score': -0.41271132207924116}, {'position': 2, 'category': 'backend', 'score': -0.6293303442432506}, {'position': 3, 'category': 'frontend', 'score': -0.772251892219123}, {'position': 4, 'category': 'cloud', 'score': -0.8937211832182854}]",,1,370,370,datascience,revision,False,True,False
f7e38356-eb4e-42a0-8aed-b6f0b74a9337,371,2026-08-06T03:16:41.238+00:00,str,manage sensitive data in application code build a secure configuration service manage sensitive data in application code build a secure configuration service exam guide: developer-associate domain 2: security task 3: manage sensitive data in. domain 2 domain 2,260,38,True,Inferencia completada.,aceptada,cloud,datascience,0.5179469759810805,-0.6821761866489718,1.2001231626300524,Media,27,Predicción automática con monitoreo,False,True,[],"[{'position': 1, 'category': 'cloud', 'score': 0.5179469759810805}, {'position': 2, 'category': 'datascience', 'score': -0.6821761866489718}, {'position': 3, 'category': 'backend', 'score': -1.0299295266265307}, {'position': 4, 'category': 'frontend', 'score': -1.997838207114325}]",,1,371,371,cloud,aceptada,False,False,False
f7e38356-eb4e-42a0-8aed-b6f0b74a9337,372,2026-08-06T03:16:41.238+00:00,str,openclaw on the cloud dos and don ts openclaw on the cloud dos and don ts running openclaw or hermes locally sounds nice but how about running on the cloud,155,30,True,Inferencia completada.,aceptada,cloud,backend,1.472668649743071,-1.5228456428350445,2.9955142925781155,Alta,17,Predicción automática,False,True,[],"[{'position': 1, 'category': 'cloud', 'score': 1.472668649743071}, {'position': 2, 'category': 'backend', 'score': -1.5228456428350445}, {'position': 3, 'category': 'datascience', 'score': -1.5598305426621009}, {'position': 4, 'category': 'frontend', 'score': -1.886830468579856}]",,1,372,372,cloud,aceptada,False,False,False
f7e38356-eb4e-42a0-8aed-b6f0b74a9337,373,2026-08-06T03:16:41.238+00:00,str,why every javascript developer should use a javascript formatter why every javascript developer should use a javascript formatter when working on javascript projects it s easy for code to become difficult to read. inconsistent. javascript javascript,249,36,True,Inferencia completada.,aceptada,frontend,backend,0.9159340005462205,-0.35311250023255064,1.2690465007787712,Media,32,Predicción automática con monitoreo,False,True,[],"[{'position': 1, 'category': 'frontend', 'score': 0.9159340005462205}, {'position': 2, 'category': 'backend', 'score': -0.35311250023255064}, {'position': 3, 'category': 'cloud', 'score': -1.506605053866207}, {'position': 4, 'category': 'datascience', 'score': -2.062930516626864}]",,1,373,373,frontend,aceptada,False,False,False
f7e38356-eb4e-42a0-8aed-b6f0b74a9337,374,2026-08-06T03:16:41.238+00:00,str,your pipeline is 27.0h behind: catching business sentiment leads with pulsebit your pipeline is 27.0h behind: catching business sentiment leads with pulsebit your pipeline is 27.0h behind: catching business sentiment leads with pulsebit we ve just. 27.0h 27.0h,260,38,True,Inferencia completada.,aceptada,datascience,backend,1.8072547862020385,-1.354127669085721,3.161382455287759,Alta,28,Predicción automática,False,True,[],"[{'position': 1, 'category': 'datascience', 'score': 1.8072547862020385}, {'position': 2, 'category': 'backend', 'score': -1.354127669085721}, {'position': 3, 'category': 'frontend', 'score': -1.3646319504979074}, {'position': 4, 'category': 'cloud', 'score': -1.9845075639288154}]",,1,374,374,datascience,aceptada,False,False,False
f7e38356-eb4e-42a0-8aed-b6f0b74a9337,375,2026-08-06T03:16:41.238+00:00,str,html tables html tables html tables are used to display data in rows and columns. they are useful for showing information.,122,21,True,Inferencia completada.,revision,frontend,datascience,0.15873482307452613,0.1399181649841369,0.018816658090389238,Crítica,23,Revisión humana prioritaria,True,True,['Las dos categorías principales tienen puntuaciones muy cercanas.'],"[{'position': 1, 'category': 'frontend', 'score': 0.15873482307452613}, {'position': 2, 'category': 'datascience', 'score': 0.1399181649841369}, {'position': 3, 'category': 'backend', 'score': -1.1722592749370881}, {'position': 4, 'category': 'cloud', 'score': -1.647619579837107}]",,1,375,375,frontend,revision,False,True,False
f7e38356-eb4e-42a0-8aed-b6f0b74a9337,376,2026-08-06T03:16:41.238+00:00,str,kenapa banyak frontend developer memakai next.js untuk pekerjaan tapi vue.js untuk personal project kenapa banyak frontend developer memakai next.js untuk pekerjaan tapi vue.js untuk personal project this article is also available in english_ pendahuluan beberapa waktu terakhir saya. english terakhir saya english terakhir saya,328,44,True,Inferencia completada.,aceptada,frontend,cloud,2.108335832999812,-1.2707638520423203,3.3790996850421324,Muy alta,20,Predicción automática,False,True,[],"[{'position': 1, 'category': 'frontend', 'score': 2.108335832999812}, {'position': 2, 'category': 'cloud', 'score': -1.2707638520423203}, {'position': 3, 'category': 'datascience', 'score': -1.627282874165466}, {'position': 4, 'category': 'backend', 'score': -1.8479444888244445}]",,1,376,376,frontend,aceptada,False,False,False
f7e38356-eb4e-42a0-8aed-b6f0b74a9337,377,2026-08-06T03:16:41.238+00:00,str,what a hosted ai coding platform should get right in the ui what a hosted ai coding platform should get right in the ui a hosted ai dev platform lives or dies by its interface. here are the accessible honest ui states worth checking when you try monkeycode s new hosted version. ui ai monkeycode ui ai monkeycode,312,58,True,Inferencia completada.,aceptada,frontend,cloud,0.22561967946194605,-0.8035732279957662,1.0291929074577122,Media,44,Predicción automática con monitoreo,False,True,[],"[{'position': 1, 'category': 'frontend', 'score': 0.22561967946194605}, {'position': 2, 'category': 'cloud', 'score': -0.8035732279957662}, {'position': 3, 'category': 'backend', 'score': -1.0615880234277215}, {'position': 4, 'category': 'datascience', 'score': -1.1817367841361575}]",,1,377,377,frontend,aceptada,False,False,False
f7e38356-eb4e-42a0-8aed-b6f0b74a9337,378,2026-08-06T03:16:41.238+00:00,str,your pipeline is 28.6h behind: catching world sentiment leads with pulsebit your pipeline is 28.6h behind: catching world sentiment leads with pulsebit your pipeline is 28.6h behind: catching world sentiment leads with pulsebit just. 28.6h 28.6h,245,36,True,Inferencia completada.,aceptada,datascience,frontend,1.850023734639723,-1.416887713009208,3.2669114476489307,Alta,25,Predicción automática,False,True,[],"[{'position': 1, 'category': 'datascience', 'score': 1.850023734639723}, {'position': 2, 'category': 'frontend', 'score': -1.416887713009208}, {'position': 3, 'category': 'backend', 'score': -1.5743064813804337}, {'position': 4, 'category': 'cloud', 'score': -1.9282112200938104}]",,1,378,378,datascience,aceptada,False,False,False
f7e38356-eb4e-42a0-8aed-b6f0b74a9337,379,2026-08-06T03:16:41.238+00:00,str,github copilot app glm-5.2 benchmark ai agent identity patterns github copilot app glm-5.2 benchmark ai agent identity patterns github copilot app glm-5.2 benchmark ai agent identity patterns today s. github copilot app ai agent identity patterns today's github copilot app ai agent identity patterns today's,308,45,True,Inferencia completada.,revision,cloud,frontend,0.2142351620718016,-0.4402505642470091,0.6544857263188106,Baja,13,Revisión humana recomendada,True,True,"['Cobertura reducida del vocabulario.', 'El margen de decisión es reducido.']","[{'position': 1, 'category': 'cloud', 'score': 0.2142351620718016}, {'position': 2, 'category': 'frontend', 'score': -0.4402505642470091}, {'position': 3, 'category': 'backend', 'score': -0.7918496802393671}, {'position': 4, 'category': 'datascience', 'score': -1.5868717275994038}]",,1,379,379,cloud,revision,False,True,True
f7e38356-eb4e-42a0-8aed-b6f0b74a9337,380,2026-08-06T03:16:41.238+00:00,str,i ran berkshire hathaway s website through a free audit. a 900b company is missing the seo basics. i ran berkshire hathaway s website through a free audit. a 900b company is missing the seo basics. berkshire hathaway is one of the most valuable companies on earth. its website looks like it was. hathaway hathaway,313,55,True,Inferencia completada.,revision,datascience,backend,0.00924243876853903,-0.5111738085989253,0.5204162473674643,Baja,37,Revisión humana recomendada,True,True,['El margen de decisión es reducido.'],"[{'position': 1, 'category': 'datascience', 'score': 0.00924243876853903}, {'position': 2, 'category': 'backend', 'score': -0.5111738085989253}, {'position': 3, 'category': 'frontend', 'score': -0.6475855337457173}, {'position': 4, 'category': 'cloud', 'score': -1.3690858406028863}]",,1,380,380,datascience,revision,False,True,False
f7e38356-eb4e-42a0-8aed-b6f0b74a9337,381,2026-08-06T03:16:41.238+00:00,str,i built a slide-in drawer from scratch: focus trap scroll-lock swipe-to-close i built a slide-in drawer from scratch: focus trap scroll-lock swipe-to-close a drawer is one of those components you meet a hundred times a day and never think about: the mobile.,257,42,True,Inferencia completada.,revision,frontend,backend,0.37545817141707716,-0.30623951685964035,0.6816976882767175,Baja,36,Revisión humana recomendada,True,True,['El margen de decisión es reducido.'],"[{'position': 1, 'category': 'frontend', 'score': 0.37545817141707716}, {'position': 2, 'category': 'backend', 'score': -0.30623951685964035}, {'position': 3, 'category': 'datascience', 'score': -0.5187159342401337}, {'position': 4, 'category': 'cloud', 'score': -1.9959507870688658}]",,1,381,381,frontend,revision,False,True,False
f7e38356-eb4e-42a0-8aed-b6f0b74a9337,382,2026-08-06T03:16:41.238+00:00,str,together ai unlocks predictable cost-effective ai inference for open models together ai unlocks predictable cost-effective ai inference for open models together ai s new provisioned throughput service provides reserved inference capacity for open-weight models combining predictable performance with token-based pricing and a 99 uptime sla to significantly reduce ai inference costs. 99% ai provisioned throughput 99% ai provisioned throughput,443,59,True,Inferencia completada.,aceptada,cloud,datascience,0.6291651570772928,-0.6491121429468832,1.278277300024176,Media,30,Predicción automática con monitoreo,False,True,[],"[{'position': 1, 'category': 'cloud', 'score': 0.6291651570772928}, {'position': 2, 'category': 'datascience', 'score': -0.6491121429468832}, {'position': 3, 'category': 'backend', 'score': -1.321375786993332}, {'position': 4, 'category': 'frontend', 'score': -1.6836049594073423}]",,1,382,382,cloud,aceptada,False,False,False
f7e38356-eb4e-42a0-8aed-b6f0b74a9337,383,2026-08-06T03:16:41.238+00:00,str,chiến lược kiểm thử api: hướng dẫn thực tế để có api đáng tin cậy chiến lược kiểm thử api: hướng dẫn thực tế để có api đáng tin cậy hầu hết lỗi api không đến từ những tình huống quá đặc biệt. chúng thường là trường bị thiếu mã trạng. api chúng những tình huống quá thiếu api chúng những tình huống quá thiếu,307,65,True,Inferencia completada.,revision,backend,cloud,0.12130539581067978,-0.4625326316813667,0.5838380274920465,Baja,5,Revisión humana recomendada,True,True,"['Cobertura reducida del vocabulario.', 'El margen de decisión es reducido.']","[{'position': 1, 'category': 'backend', 'score': 0.12130539581067978}, {'position': 2, 'category': 'cloud', 'score': -0.4625326316813667}, {'position': 3, 'category': 'datascience', 'score': -1.1734422732157248}, {'position': 4, 'category': 'frontend', 'score': -1.3456389527272536}]",,1,383,383,backend,revision,False,True,True
f7e38356-eb4e-42a0-8aed-b6f0b74a9337,384,2026-08-06T03:16:41.238+00:00,str,a weekly cron died silently for 10 weeks. here is what we changed. a weekly cron died silently for 10 weeks. here is what we changed. the bug nobody saw for roughly 10 weeks a scheduled publishing job produced zero output. roughly 10 weeks zero roughly 10 weeks zero,266,49,True,Inferencia completada.,aceptada,backend,datascience,0.06024511627310103,-0.8932789015511884,0.9535240178242894,Media,31,Predicción automática con monitoreo,False,True,[],"[{'position': 1, 'category': 'backend', 'score': 0.06024511627310103}, {'position': 2, 'category': 'datascience', 'score': -0.8932789015511884}, {'position': 3, 'category': 'frontend', 'score': -0.9324829950773367}, {'position': 4, 'category': 'cloud', 'score': -0.9705594742326731}]",,1,384,384,backend,aceptada,False,False,False
f7e38356-eb4e-42a0-8aed-b6f0b74a9337,385,2026-08-06T03:16:41.238+00:00,str,53/60 days system design questions 53/60 days system design questions your migration ran fine in staging. then you ran it in production. the app went down. not because.,168,28,True,Inferencia completada.,aceptada,backend,frontend,1.3306658591211318,-1.1475400128417799,2.4782058719629116,Alta,29,Predicción automática,False,True,[],"[{'position': 1, 'category': 'backend', 'score': 1.3306658591211318}, {'position': 2, 'category': 'frontend', 'score': -1.1475400128417799}, {'position': 3, 'category': 'cloud', 'score': -1.4554582638244145}, {'position': 4, 'category': 'datascience', 'score': -1.8478753139690633}]",,1,385,385,backend,aceptada,False,False,False
f7e38356-eb4e-42a0-8aed-b6f0b74a9337,386,2026-08-06T03:16:41.238+00:00,str,seven things production taught me that no tutorial did seven things production taught me that no tutorial did i spent the last few months building out a shipping integration on top of shippo and along the way the last few months shippo the last few months shippo,262,47,True,Inferencia completada.,aceptada,backend,datascience,0.06506212131029099,-0.78198852231286,0.847050643623151,Media,35,Predicción automática con monitoreo,False,True,[],"[{'position': 1, 'category': 'backend', 'score': 0.06506212131029099}, {'position': 2, 'category': 'datascience', 'score': -0.78198852231286}, {'position': 3, 'category': 'cloud', 'score': -1.024386554130161}, {'position': 4, 'category': 'frontend', 'score': -1.1488381258871432}]",,1,386,386,backend,aceptada,False,False,False
f7e38356-eb4e-42a0-8aed-b6f0b74a9337,387,2026-08-06T03:16:41.238+00:00,str,aws daily digest july 21 2026 aws daily digest july 21 2026 aws daily digest july 21 2026 auto-generated groq llama 3.3 70b free groq llama 3.3 july 21 groq llama 3.3 july 21,174,34,True,Inferencia completada.,aceptada,cloud,datascience,1.4796963318787975,-1.2243452350853041,2.7040415669641016,Alta,25,Predicción automática,False,True,[],"[{'position': 1, 'category': 'cloud', 'score': 1.4796963318787975}, {'position': 2, 'category': 'datascience', 'score': -1.2243452350853041}, {'position': 3, 'category': 'frontend', 'score': -1.6288646586293027}, {'position': 4, 'category': 'backend', 'score': -1.6613378524515099}]",,1,387,387,cloud,aceptada,False,False,False
f7e38356-eb4e-42a0-8aed-b6f0b74a9337,388,2026-08-06T03:16:41.238+00:00,str,a one-click rollback that saved my production app back when firebase was the go-to a one-click rollback that saved my production app back when firebase was the go-to this is less of a use firebase pitch and more of a story about a time it genuinely helped back. firebase firebase,279,50,True,Inferencia completada.,aceptada,backend,cloud,0.32117133421122,-0.7870218871825369,1.1081932213937569,Media,37,Predicción automática con monitoreo,False,True,[],"[{'position': 1, 'category': 'backend', 'score': 0.32117133421122}, {'position': 2, 'category': 'cloud', 'score': -0.7870218871825369}, {'position': 3, 'category': 'frontend', 'score': -0.9887559100697274}, {'position': 4, 'category': 'datascience', 'score': -1.2387957928795164}]",,1,388,388,backend,aceptada,False,False,False
f7e38356-eb4e-42a0-8aed-b6f0b74a9337,389,2026-08-06T03:16:41.238+00:00,str,writing a million-row .xlsx from dart without running out of memory writing a million-row .xlsx from dart without running out of memory an ffi wrapper over libxlsxwriter and the memory numbers that made me reach for it. i had a report. ffi ffi,243,43,True,Inferencia completada.,aceptada,backend,frontend,0.3712227079434277,-0.4459796263559495,0.8172023342993773,Media,35,Predicción automática con monitoreo,False,True,[],"[{'position': 1, 'category': 'backend', 'score': 0.3712227079434277}, {'position': 2, 'category': 'frontend', 'score': -0.4459796263559495}, {'position': 3, 'category': 'datascience', 'score': -1.115991340047064}, {'position': 4, 'category': 'cloud', 'score': -1.1826949579773673}]",,1,389,389,backend,aceptada,False,False,False
f7e38356-eb4e-42a0-8aed-b6f0b74a9337,390,2026-08-06T03:16:41.238+00:00,str,j ai réduit mon image docker flask de 445mb à 35mb voici exactement comment j ai réduit mon image docker flask de 445mb à 35mb voici exactement comment temps de lecture : 8 minutes niveau débutant/intermédiaire il y a quelques semaines je. 8 minutes 8 minutes,259,46,True,Inferencia completada.,revision,cloud,datascience,0.1959880157743551,-0.443880579584706,0.639868595359061,Baja,12,Revisión humana recomendada,True,True,"['Cobertura reducida del vocabulario.', 'El margen de decisión es reducido.']","[{'position': 1, 'category': 'cloud', 'score': 0.1959880157743551}, {'position': 2, 'category': 'datascience', 'score': -0.443880579584706}, {'position': 3, 'category': 'backend', 'score': -0.6633875127644864}, {'position': 4, 'category': 'frontend', 'score': -1.6459535164974661}]",,1,390,390,cloud,revision,False,True,True
f7e38356-eb4e-42a0-8aed-b6f0b74a9337,391,2026-08-06T03:16:41.238+00:00,str,your pipeline is 22.7h behind: catching music sentiment leads with pulsebit your pipeline is 22.7h behind: catching music sentiment leads with pulsebit your pipeline is 22.7h behind: catching music sentiment leads with pulsebit we recently. 22.7h 22.7h,252,37,True,Inferencia completada.,aceptada,datascience,frontend,1.8899801687705775,-1.4382434968927562,3.3282236656633337,Muy alta,23,Predicción automática,False,True,[],"[{'position': 1, 'category': 'datascience', 'score': 1.8899801687705775}, {'position': 2, 'category': 'frontend', 'score': -1.4382434968927562}, {'position': 3, 'category': 'backend', 'score': -1.6648426886548382}, {'position': 4, 'category': 'cloud', 'score': -1.9554294899968165}]",,1,391,391,datascience,aceptada,False,False,False
f7e38356-eb4e-42a0-8aed-b6f0b74a9337,392,2026-08-06T03:16:41.238+00:00,str,oracle cloud financials 26b release: what s new oracle cloud financials 26b release: what s new oracle cloud financials 26b is a substantial release with 129 changes across 12 modules previewing. oracle cloud financials 12 modules 26b oracle cloud financials 12 modules 26b,273,43,True,Inferencia completada.,aceptada,cloud,datascience,1.8021148949271049,-1.418075247772208,3.220190142699313,Alta,23,Predicción automática,False,True,[],"[{'position': 1, 'category': 'cloud', 'score': 1.8021148949271049}, {'position': 2, 'category': 'datascience', 'score': -1.418075247772208}, {'position': 3, 'category': 'backend', 'score': -1.7925353715491323}, {'position': 4, 'category': 'frontend', 'score': -1.8372852553009813}]",,1,392,392,cloud,aceptada,False,False,False
f7e38356-eb4e-42a0-8aed-b6f0b74a9337,393,2026-08-06T03:16:41.238+00:00,str,one component 25 accessibility violations: a real example from nasa.gov one component 25 accessibility violations: a real example from nasa.gov when people hear that a page has 25 accessibility violations the first reaction is.,227,34,True,Inferencia completada.,aceptada,frontend,datascience,0.7008243797116168,-0.8598608205086613,1.560685200220278,Media,25,Predicción automática con monitoreo,False,True,[],"[{'position': 1, 'category': 'frontend', 'score': 0.7008243797116168}, {'position': 2, 'category': 'datascience', 'score': -0.8598608205086613}, {'position': 3, 'category': 'backend', 'score': -1.1219254191744596}, {'position': 4, 'category': 'cloud', 'score': -1.5153397861491134}]",,1,393,393,frontend,aceptada,False,False,False
f7e38356-eb4e-42a0-8aed-b6f0b74a9337,394,2026-08-06T03:16:41.238+00:00,str,my frontend learning journey: building clones with html and css my frontend learning journey: building clones with html and css i started my web development journey by learning html and css. right now i m moving into javascript. html css javascript... html css javascript...,274,44,True,Inferencia completada.,aceptada,frontend,datascience,3.5288467992645787,-1.926877923282247,5.455724722546826,Muy alta,37,Predicción automática,False,True,[],"[{'position': 1, 'category': 'frontend', 'score': 3.5288467992645787}, {'position': 2, 'category': 'datascience', 'score': -1.926877923282247}, {'position': 3, 'category': 'cloud', 'score': -2.3183132129512454}, {'position': 4, 'category': 'backend', 'score': -2.4273413562748103}]",,1,394,394,frontend,aceptada,False,False,False
f7e38356-eb4e-42a0-8aed-b6f0b74a9337,395,2026-08-06T03:16:41.238+00:00,str,transactions acid transactions acid acid toda vez que você faz uma transferência bancária finaliza uma compra online ou. acid transferência bancária faz acid transferência bancária faz,184,26,True,Inferencia completada.,revision,backend,cloud,0.4221535963696307,-0.815738836542227,1.2378924329118577,Media,11,Revisión humana recomendada,True,True,['Cobertura reducida del vocabulario.'],"[{'position': 1, 'category': 'backend', 'score': 0.4221535963696307}, {'position': 2, 'category': 'cloud', 'score': -0.815738836542227}, {'position': 3, 'category': 'frontend', 'score': -1.196436112803271}, {'position': 4, 'category': 'datascience', 'score': -1.2665214184461695}]",,1,395,395,backend,revision,False,False,True
f7e38356-eb4e-42a0-8aed-b6f0b74a9337,396,2026-08-06T03:16:41.238+00:00,str,your pipeline is 25.6h behind: catching mobile sentiment leads with pulsebit your pipeline is 25.6h behind: catching mobile sentiment leads with pulsebit your pipeline has just revealed a striking anomaly: a 24h momentum spike of +0.600 in mobile.,247,38,True,Inferencia completada.,aceptada,datascience,backend,1.4024942707463413,-1.1818459175242197,2.584340188270561,Alta,40,Predicción automática,False,True,[],"[{'position': 1, 'category': 'datascience', 'score': 1.4024942707463413}, {'position': 2, 'category': 'backend', 'score': -1.1818459175242197}, {'position': 3, 'category': 'frontend', 'score': -1.4946341733766229}, {'position': 4, 'category': 'cloud', 'score': -2.080198172922338}]",,1,396,396,datascience,aceptada,False,False,False
f7e38356-eb4e-42a0-8aed-b6f0b74a9337,397,2026-08-06T03:16:41.238+00:00,str,cloud vs colocation: how enterprises should think about infrastructure costs cloud vs colocation: how enterprises should think about infrastructure costs cloud infrastructure has changed the way businesses build and operate applications. a few years ago a few years ago a few years ago,285,43,True,Inferencia completada.,aceptada,cloud,backend,1.9377093405299806,-1.1653059408164796,3.10301528134646,Alta,36,Predicción automática,False,True,[],"[{'position': 1, 'category': 'cloud', 'score': 1.9377093405299806}, {'position': 2, 'category': 'backend', 'score': -1.1653059408164796}, {'position': 3, 'category': 'frontend', 'score': -1.3485532952381836}, {'position': 4, 'category': 'datascience', 'score': -2.2309568658786763}]",,1,397,397,cloud,aceptada,False,False,False
f7e38356-eb4e-42a0-8aed-b6f0b74a9337,398,2026-08-06T03:16:41.238+00:00,str,how to monitor a brand across 5 chinese social platforms with python in 2026 the cross-platform dedup problem and how to handle it how to monitor a brand across 5 chinese social platforms with python in 2026 the cross-platform dedup problem and how to handle it you want to know how a brand is being talked about in china. the catch: the conversation isn t on one. china china,376,69,True,Inferencia completada.,revision,datascience,backend,0.2147814008187472,0.09368635293883987,0.12109504787990732,Crítica,54,Revisión humana prioritaria,True,True,['Las dos categorías principales tienen puntuaciones muy cercanas.'],"[{'position': 1, 'category': 'datascience', 'score': 0.2147814008187472}, {'position': 2, 'category': 'backend', 'score': 0.09368635293883987}, {'position': 3, 'category': 'cloud', 'score': -0.8445309220702704}, {'position': 4, 'category': 'frontend', 'score': -1.8497272954856632}]",,1,398,398,datascience,revision,False,True,False
f7e38356-eb4e-42a0-8aed-b6f0b74a9337,399,2026-08-06T03:16:41.238+00:00,str,iconstash.io iconstash.io instant browser-based icon search engine. unify 28+ open-source icon libraries into a single.,119,15,True,Inferencia completada.,revision,frontend,datascience,-0.11710227447953897,-0.4548435508729764,0.33774127639343743,Baja,14,Revisión humana recomendada,True,True,"['Cobertura reducida del vocabulario.', 'El margen de decisión es reducido.']","[{'position': 1, 'category': 'frontend', 'score': -0.11710227447953897}, {'position': 2, 'category': 'datascience', 'score': -0.4548435508729764}, {'position': 3, 'category': 'cloud', 'score': -0.948659977070929}, {'position': 4, 'category': 'backend', 'score': -1.2976687282835}]",,1,399,399,frontend,revision,False,True,True
f7e38356-eb4e-42a0-8aed-b6f0b74a9337,400,2026-08-06T03:16:41.238+00:00,str,ec2: your first server in the cloud ec2: your first server in the cloud chapter 5 of the aws learning journey. the iam arc is done. the team is set up. now pixel chapter 5 pixel chapter 5 pixel,193,39,True,Inferencia completada.,aceptada,cloud,frontend,2.644926376298133,-1.7663244031506227,4.411250779448755,Muy alta,33,Predicción automática,False,True,[],"[{'position': 1, 'category': 'cloud', 'score': 2.644926376298133}, {'position': 2, 'category': 'frontend', 'score': -1.7663244031506227}, {'position': 3, 'category': 'datascience', 'score': -2.0135403622837913}, {'position': 4, 'category': 'backend', 'score': -2.1690989658516004}]",,1,400,400,cloud,aceptada,False,False,False
f7e38356-eb4e-42a0-8aed-b6f0b74a9337,401,2026-08-06T03:16:41.238+00:00,str,rest vs graphql vs grpc which one should you actually use rest vs graphql vs grpc which one should you actually use every engineering team hits this conversation at some point. someone proposes graphql. someone else.,216,36,True,Inferencia completada.,revision,frontend,backend,-0.10469159755846597,-0.40566527630567334,0.3009736787472074,Baja,33,Revisión humana recomendada,True,True,['El margen de decisión es reducido.'],"[{'position': 1, 'category': 'frontend', 'score': -0.10469159755846597}, {'position': 2, 'category': 'backend', 'score': -0.40566527630567334}, {'position': 3, 'category': 'cloud', 'score': -1.1312248727868717}, {'position': 4, 'category': 'datascience', 'score': -1.799307914538207}]",,1,401,401,frontend,revision,False,True,False
f7e38356-eb4e-42a0-8aed-b6f0b74a9337,402,2026-08-06T03:16:41.238+00:00,str,psr-11 containers and the composition root: one interface any framework psr-11 containers and the composition root: one interface any framework depend on containerinterface at the edge build the graph in one place and keep the domain container-free. the composition root pattern in php. containerinterface php containerinterface php,332,47,True,Inferencia completada.,aceptada,backend,frontend,0.8337273063457539,-0.783482348639876,1.6172096549856299,Media,33,Predicción automática con monitoreo,False,True,[],"[{'position': 1, 'category': 'backend', 'score': 0.8337273063457539}, {'position': 2, 'category': 'frontend', 'score': -0.783482348639876}, {'position': 3, 'category': 'cloud', 'score': -1.0719380757822226}, {'position': 4, 'category': 'datascience', 'score': -1.8113085054564768}]",,1,402,402,backend,aceptada,False,False,False
f7e38356-eb4e-42a0-8aed-b6f0b74a9337,403,2026-08-06T03:16:41.238+00:00,str,idempotency is not just uuids: handling ambiguous payment outcomes idempotency is not just uuids: handling ambiguous payment outcomes most developers learn idempotency as: send an idempotency key so the same request does not happen.,232,34,True,Inferencia completada.,aceptada,backend,cloud,1.80234873660247,-1.3826424569585378,3.184991193561008,Alta,30,Predicción automática,False,True,[],"[{'position': 1, 'category': 'backend', 'score': 1.80234873660247}, {'position': 2, 'category': 'cloud', 'score': -1.3826424569585378}, {'position': 3, 'category': 'frontend', 'score': -1.7984330087831353}, {'position': 4, 'category': 'datascience', 'score': -1.852707774953044}]",,1,403,403,backend,aceptada,False,False,False
f7e38356-eb4e-42a0-8aed-b6f0b74a9337,404,2026-08-06T03:16:41.238+00:00,str,the lock-in economy: how cloud pricing quietly traps the customers it won the lock-in economy: how cloud pricing quietly traps the customers it won part 3 of a sourced series on cloud economics. it s cheap to move data into the cloud and expensive to move it out. regulators in the uk eu and us are now asking whether that s a market or a trap. eu uk eu uk,356,70,True,Inferencia completada.,aceptada,cloud,datascience,1.3070496068695538,-0.48054153342551564,1.7875911402950695,Alta,58,Predicción automática,False,True,[],"[{'position': 1, 'category': 'cloud', 'score': 1.3070496068695538}, {'position': 2, 'category': 'datascience', 'score': -0.48054153342551564}, {'position': 3, 'category': 'backend', 'score': -1.4117319329326827}, {'position': 4, 'category': 'frontend', 'score': -2.5556426463233763}]",,1,404,404,cloud,aceptada,False,False,False
f7e38356-eb4e-42a0-8aed-b6f0b74a9337,405,2026-08-06T03:16:41.238+00:00,str,why you might regret choosing serverless over traditional servers why you might regret choosing serverless over traditional servers introduction choosing the right hosting model isn t just critical it s a make-or-break.,219,32,True,Inferencia completada.,revision,cloud,backend,-0.011707923860618918,-0.4528443026549796,0.4411363787943607,Baja,31,Revisión humana recomendada,True,True,['El margen de decisión es reducido.'],"[{'position': 1, 'category': 'cloud', 'score': -0.011707923860618918}, {'position': 2, 'category': 'backend', 'score': -0.4528443026549796}, {'position': 3, 'category': 'frontend', 'score': -1.1911850386001483}, {'position': 4, 'category': 'datascience', 'score': -1.4220846412097643}]",,1,405,405,cloud,revision,False,True,False
f7e38356-eb4e-42a0-8aed-b6f0b74a9337,406,2026-08-06T03:16:41.238+00:00,str,why your dashboard is lying to you and what actually works why your dashboard is lying to you and what actually works efficiency won when the world was stable. it no longer is. why competitive advantage is shifting from optimization to operational intelligence and how small teams now build sensing systems that used to require a department.,341,57,True,Inferencia completada.,aceptada,backend,datascience,0.23865289770567044,-0.7204057733734752,0.9590586710791457,Media,60,Predicción automática con monitoreo,False,True,[],"[{'position': 1, 'category': 'backend', 'score': 0.23865289770567044}, {'position': 2, 'category': 'datascience', 'score': -0.7204057733734752}, {'position': 3, 'category': 'cloud', 'score': -1.041312231802603}, {'position': 4, 'category': 'frontend', 'score': -1.4950559097461067}]",,1,406,406,backend,aceptada,False,False,False
f7e38356-eb4e-42a0-8aed-b6f0b74a9337,407,2026-08-06T03:16:41.238+00:00,str,top file hosting websites for easy file sharing and storage top file hosting websites for easy file sharing and storage are you looking into top file hosting websites for easy file sharing an here s a quick overview of.,219,39,True,Inferencia completada.,aceptada,cloud,frontend,1.8034475085461628,-1.443032387829541,3.2464798963757038,Alta,34,Predicción automática,False,True,[],"[{'position': 1, 'category': 'cloud', 'score': 1.8034475085461628}, {'position': 2, 'category': 'frontend', 'score': -1.443032387829541}, {'position': 3, 'category': 'backend', 'score': -1.5001719262980047}, {'position': 4, 'category': 'datascience', 'score': -1.5412086627988688}]",,1,407,407,cloud,aceptada,False,False,False
f7e38356-eb4e-42a0-8aed-b6f0b74a9337,408,2026-08-06T03:16:41.238+00:00,str,gsap vs lottie: choosing the right animation tool gsap vs lottie: choosing the right animation tool gsap and lottie are both excellent animation tools but they solve different problems. here s how to. lottie lottie,214,35,True,Inferencia completada.,aceptada,frontend,cloud,0.888718132106865,-0.9894419342059175,1.8781600663127827,Alta,27,Predicción automática,False,True,[],"[{'position': 1, 'category': 'frontend', 'score': 0.888718132106865}, {'position': 2, 'category': 'cloud', 'score': -0.9894419342059175}, {'position': 3, 'category': 'backend', 'score': -1.2839087866160288}, {'position': 4, 'category': 'datascience', 'score': -1.4444975750290738}]",,1,408,408,frontend,aceptada,False,False,False
f7e38356-eb4e-42a0-8aed-b6f0b74a9337,409,2026-08-06T03:16:41.238+00:00,str,when a security issue becomes a cloud bill: 6 checks for compute hijacking when a security issue becomes a cloud bill: 6 checks for compute hijacking aws s june 2026 threat technique catalog update shows why saas teams should treat compute hijacking eks workload changes identity abuse quotas and monitoring as cloud cost risks. june 2026 eks aws june 2026 eks aws,364,62,True,Inferencia completada.,aceptada,cloud,frontend,2.6647116131648327,-1.839140611785533,4.503852224950366,Muy alta,45,Predicción automática,False,True,[],"[{'position': 1, 'category': 'cloud', 'score': 2.6647116131648327}, {'position': 2, 'category': 'frontend', 'score': -1.839140611785533}, {'position': 3, 'category': 'backend', 'score': -1.9345813172823583}, {'position': 4, 'category': 'datascience', 'score': -1.970075305135935}]",,1,409,409,cloud,aceptada,False,False,False
f7e38356-eb4e-42a0-8aed-b6f0b74a9337,410,2026-08-06T03:16:41.238+00:00,str,your pipeline is 22.9h behind: catching trade sentiment leads with pulsebit your pipeline is 22.9h behind: catching trade sentiment leads with pulsebit your pipeline is 22.9h behind: catching trade sentiment leads with pulsebit we recently. 22.9h 22.9h,252,37,True,Inferencia completada.,aceptada,datascience,backend,1.765852570539697,-1.5142906008699282,3.280143171409625,Alta,27,Predicción automática,False,True,[],"[{'position': 1, 'category': 'datascience', 'score': 1.765852570539697}, {'position': 2, 'category': 'backend', 'score': -1.5142906008699282}, {'position': 3, 'category': 'frontend', 'score': -1.5267341635710916}, {'position': 4, 'category': 'cloud', 'score': -1.8686801878180765}]",,1,410,410,datascience,aceptada,False,False,False
f7e38356-eb4e-42a0-8aed-b6f0b74a9337,411,2026-08-06T03:16:41.238+00:00,str,scrape eventbrite events without a headless browser scrape eventbrite events without a headless browser eventbrite has no free public api for searching events any more. the usual reaction is to reach for.,204,32,True,Inferencia completada.,revision,frontend,backend,0.1630270968803279,-0.3936805987494379,0.5567076956297659,Baja,24,Revisión humana recomendada,True,True,['El margen de decisión es reducido.'],"[{'position': 1, 'category': 'frontend', 'score': 0.1630270968803279}, {'position': 2, 'category': 'backend', 'score': -0.3936805987494379}, {'position': 3, 'category': 'datascience', 'score': -0.5307008106671094}, {'position': 4, 'category': 'cloud', 'score': -1.504025777603871}]",,1,411,411,frontend,revision,False,True,False
f7e38356-eb4e-42a0-8aed-b6f0b74a9337,412,2026-08-06T03:16:41.238+00:00,str,how pre-commit hooks transformed our terraform security posture and unlocked weekly releases how pre-commit hooks transformed our terraform security posture and unlocked weekly releases introduction in today s modern software development and devops security should not be an.,275,38,True,Inferencia completada.,aceptada,cloud,frontend,1.0053489560869533,-0.6419018285341455,1.6472507846210989,Media,30,Predicción automática con monitoreo,False,True,[],"[{'position': 1, 'category': 'cloud', 'score': 1.0053489560869533}, {'position': 2, 'category': 'frontend', 'score': -0.6419018285341455}, {'position': 3, 'category': 'backend', 'score': -1.2559044594480826}, {'position': 4, 'category': 'datascience', 'score': -1.7594289866756678}]",,1,412,412,cloud,aceptada,False,False,False
f7e38356-eb4e-42a0-8aed-b6f0b74a9337,413,2026-08-06T03:16:41.238+00:00,str,your pipeline is 28.8h behind: catching finance sentiment leads with pulsebit your pipeline is 28.8h behind: catching finance sentiment leads with pulsebit your pipeline is 28.8h behind: catching finance sentiment leads with pulsebit we. 28.8h 28.8h,249,36,True,Inferencia completada.,aceptada,datascience,frontend,1.5730553940184264,-1.4662017461332537,3.03925714015168,Alta,24,Predicción automática,False,True,[],"[{'position': 1, 'category': 'datascience', 'score': 1.5730553940184264}, {'position': 2, 'category': 'frontend', 'score': -1.4662017461332537}, {'position': 3, 'category': 'backend', 'score': -1.481915697774698}, {'position': 4, 'category': 'cloud', 'score': -1.848788465127463}]",,1,413,413,datascience,aceptada,False,False,False
f7e38356-eb4e-42a0-8aed-b6f0b74a9337,414,2026-08-06T03:16:41.238+00:00,str,novacloud22: a secure all-in-one workspace built around files novacloud22: a secure all-in-one workspace built around files building novacloud22 a secure all-in-one workspace built around files most file storage products. files files,233,31,True,Inferencia completada.,revision,cloud,frontend,0.07745904847698803,-0.6558482721459182,0.7333073206229063,Baja,14,Revisión humana recomendada,True,True,"['Cobertura reducida del vocabulario.', 'El margen de decisión es reducido.']","[{'position': 1, 'category': 'cloud', 'score': 0.07745904847698803}, {'position': 2, 'category': 'frontend', 'score': -0.6558482721459182}, {'position': 3, 'category': 'backend', 'score': -0.7054291108775625}, {'position': 4, 'category': 'datascience', 'score': -1.7784673184901632}]",,1,414,414,cloud,revision,False,True,True
f7e38356-eb4e-42a0-8aed-b6f0b74a9337,415,2026-08-06T03:16:41.238+00:00,str,türkiye vs paraguay: match prediction model analysis 2026-06-20 türkiye vs paraguay: match prediction model analysis 2026-06-20 published: 2026-06-17 footballmoney.top türkiye vs paraguay 世界杯 2026-06-20 2026-06-20 2026-06-17 paraguay 2026-06-20 2026-06-17 paraguay,264,30,True,Inferencia completada.,aceptada,datascience,backend,1.4822438397648838,-1.192919865052784,2.6751637048176677,Alta,21,Predicción automática,False,True,[],"[{'position': 1, 'category': 'datascience', 'score': 1.4822438397648838}, {'position': 2, 'category': 'backend', 'score': -1.192919865052784}, {'position': 3, 'category': 'cloud', 'score': -1.2992347595469091}, {'position': 4, 'category': 'frontend', 'score': -1.4377719130376716}]",,1,415,415,datascience,aceptada,False,False,False
f7e38356-eb4e-42a0-8aed-b6f0b74a9337,416,2026-08-06T03:16:41.238+00:00,str,terraform infrastructure as code tips for devops and ai engineers terraform infrastructure as code tips for devops and ai engineers terraform infrastructure as code tips for devops and ai engineers including modularizing configurations using workspaces implementing testing and validation and integrating with ci/cd pipelines. ci ai devops ci ai devops,352,50,True,Inferencia completada.,aceptada,cloud,frontend,1.1759914586345066,-1.137946312718051,2.3139377713525575,Alta,34,Predicción automática,False,True,[],"[{'position': 1, 'category': 'cloud', 'score': 1.1759914586345066}, {'position': 2, 'category': 'frontend', 'score': -1.137946312718051}, {'position': 3, 'category': 'backend', 'score': -1.286370232825894}, {'position': 4, 'category': 'datascience', 'score': -1.9228945965367132}]",,1,416,416,cloud,aceptada,False,False,False
f7e38356-eb4e-42a0-8aed-b6f0b74a9337,417,2026-08-06T03:16:41.238+00:00,str,every significant el niño since 1950 ranked by strength cost and impact every significant el niño since 1950 ranked by strength cost and impact complete comparison table of every major el niño event with oni peak duration economic damage fatalities and key regional impacts. free reference data. el niño oni el niño oni,319,53,True,Inferencia completada.,revision,datascience,cloud,-0.5227696798769647,-0.6144400831975713,0.09167040332060661,Crítica,26,Revisión humana prioritaria,True,True,['Las dos categorías principales tienen puntuaciones muy cercanas.'],"[{'position': 1, 'category': 'datascience', 'score': -0.5227696798769647}, {'position': 2, 'category': 'cloud', 'score': -0.6144400831975713}, {'position': 3, 'category': 'frontend', 'score': -0.8701559845346803}, {'position': 4, 'category': 'backend', 'score': -0.9647299958922946}]",,1,417,417,datascience,revision,False,True,False
f7e38356-eb4e-42a0-8aed-b6f0b74a9337,418,2026-08-06T03:16:41.238+00:00,str,day 59 of learning mern stack day 59 of learning mern stack hello dev community it is officially day 59 of my non-stop run toward mastering full-stack mern.,156,28,True,Inferencia completada.,aceptada,backend,frontend,0.9667268832643993,-1.102336534930331,2.0690634181947303,Alta,33,Predicción automática,False,True,[],"[{'position': 1, 'category': 'backend', 'score': 0.9667268832643993}, {'position': 2, 'category': 'frontend', 'score': -1.102336534930331}, {'position': 3, 'category': 'datascience', 'score': -1.1628371415269236}, {'position': 4, 'category': 'cloud', 'score': -1.2432754617825656}]",,1,418,418,backend,aceptada,False,False,False
f7e38356-eb4e-42a0-8aed-b6f0b74a9337,419,2026-08-06T03:16:41.238+00:00,str,spring boot actuator: qué exponer qué ocultar y qué mirar antes de agregar endpoints spring boot actuator: qué exponer qué ocultar y qué mirar antes de agregar endpoints actuator no es el problema. el problema es habilitarlo sin una política clara de exposición. una guía prudente para usarlo como herramienta operativa sin convertirlo en superficie pública innecesaria. para usarlo política clara de exposición como herramienta operativa sin convertirlo en superficie pública innecesaria para usarlo política clara de exposición como herramienta operativa sin convertirlo en superficie pública innecesaria,606,87,True,Inferencia completada.,aceptada,backend,cloud,1.5147501354855377,-0.7328091786305325,2.2475593141160704,Alta,18,Predicción automática,False,True,[],"[{'position': 1, 'category': 'backend', 'score': 1.5147501354855377}, {'position': 2, 'category': 'cloud', 'score': -0.7328091786305325}, {'position': 3, 'category': 'datascience', 'score': -1.4070649412735885}, {'position': 4, 'category': 'frontend', 'score': -1.6201674515176143}]",,1,419,419,backend,aceptada,False,False,False
f7e38356-eb4e-42a0-8aed-b6f0b74a9337,420,2026-08-06T03:16:41.238+00:00,str,egypt vs iran: match prediction model analysis 2026-06-27 egypt vs iran: match prediction model analysis 2026-06-27 published: 2026-06-26 footballmoney.top egypt vs iran 世界杯 2026-06-27 model. 2026-06-27 egypt iran 2026-06-26 2026-06-27 egypt iran 2026-06-26,257,33,True,Inferencia completada.,aceptada,datascience,backend,1.5241406036288265,-1.2194466692271146,2.743587272855941,Alta,22,Predicción automática,False,True,[],"[{'position': 1, 'category': 'datascience', 'score': 1.5241406036288265}, {'position': 2, 'category': 'backend', 'score': -1.2194466692271146}, {'position': 3, 'category': 'frontend', 'score': -1.324171409868884}, {'position': 4, 'category': 'cloud', 'score': -1.3272575528814121}]",,1,420,420,datascience,aceptada,False,False,False
f7e38356-eb4e-42a0-8aed-b6f0b74a9337,421,2026-08-06T03:16:41.238+00:00,str,paseto: safer tokens paseto: safer tokens paseto: say goodbye to jwt nightmares hello to safer tokens ever found yourself staring. safer tokens jwt nightmares safer tokens jwt nightmares,186,28,True,Inferencia completada.,revision,backend,frontend,0.16437975602408794,-0.7884987195043799,0.9528784755284678,Media,11,Revisión humana recomendada,True,True,['Cobertura reducida del vocabulario.'],"[{'position': 1, 'category': 'backend', 'score': 0.16437975602408794}, {'position': 2, 'category': 'frontend', 'score': -0.7884987195043799}, {'position': 3, 'category': 'cloud', 'score': -1.0293177708663703}, {'position': 4, 'category': 'datascience', 'score': -1.2601951126327238}]",,1,421,421,backend,revision,False,False,True
f7e38356-eb4e-42a0-8aed-b6f0b74a9337,422,2026-08-06T03:16:41.238+00:00,str,stop optimizing your data platform for dashboards stop optimizing your data platform for dashboards for years the success of a data platform was measured by one thing: how easily people could build. years years,210,34,True,Inferencia completada.,aceptada,datascience,cloud,0.6403645724556348,-0.6189752477558597,1.2593398202114945,Media,31,Predicción automática con monitoreo,False,True,[],"[{'position': 1, 'category': 'datascience', 'score': 0.6403645724556348}, {'position': 2, 'category': 'cloud', 'score': -0.6189752477558597}, {'position': 3, 'category': 'backend', 'score': -0.9123904731343686}, {'position': 4, 'category': 'frontend', 'score': -1.4059882757664255}]",,1,422,422,datascience,aceptada,False,False,False
f7e38356-eb4e-42a0-8aed-b6f0b74a9337,423,2026-08-06T03:16:41.238+00:00,str,hello dev community my journey into code hello dev community my journey into code hello dev community so. this is my first post here and honestly i ve been putting it off for.,175,33,True,Inferencia completada.,revision,frontend,backend,-0.15066971851904837,-0.5788546469445727,0.4281849284255243,Baja,33,Revisión humana recomendada,True,True,['El margen de decisión es reducido.'],"[{'position': 1, 'category': 'frontend', 'score': -0.15066971851904837}, {'position': 2, 'category': 'backend', 'score': -0.5788546469445727}, {'position': 3, 'category': 'cloud', 'score': -0.7833716611033933}, {'position': 4, 'category': 'datascience', 'score': -1.04115855392517}]",,1,423,423,frontend,revision,False,True,False
f7e38356-eb4e-42a0-8aed-b6f0b74a9337,424,2026-08-06T03:16:41.238+00:00,str,ai is quietly taking over devops: notes from the global devops summit 2026 in bengaluru ai is quietly taking over devops: notes from the global devops summit 2026 in bengaluru a few years ago ai in devops mostly meant a smarter alert or an anomaly graph. that s not where it. devops anomaly ai a few years ago devops anomaly ai a few years ago,343,65,True,Inferencia completada.,aceptada,cloud,datascience,0.778640255077543,-0.5680910582709324,1.3467313133484753,Media,48,Predicción automática con monitoreo,False,True,[],"[{'position': 1, 'category': 'cloud', 'score': 0.778640255077543}, {'position': 2, 'category': 'datascience', 'score': -0.5680910582709324}, {'position': 3, 'category': 'backend', 'score': -1.2848585860724384}, {'position': 4, 'category': 'frontend', 'score': -1.5061307751227502}]",,1,424,424,cloud,aceptada,False,False,False
f7e38356-eb4e-42a0-8aed-b6f0b74a9337,425,2026-08-06T03:16:41.238+00:00,str,aws vpc ipam: the most underrated feature for avoiding ip address chaos aws vpc ipam: the most underrated feature for avoiding ip address chaos most teams manage their vpc ip ranges in a spreadsheet â until two vpcs overlap a peering.,234,41,True,Inferencia completada.,aceptada,cloud,backend,1.1702846837766958,-1.0468845962126858,2.2171692799893816,Alta,25,Predicción automática,False,True,[],"[{'position': 1, 'category': 'cloud', 'score': 1.1702846837766958}, {'position': 2, 'category': 'backend', 'score': -1.0468845962126858}, {'position': 3, 'category': 'datascience', 'score': -1.3095318166763104}, {'position': 4, 'category': 'frontend', 'score': -1.760618281107487}]",,1,425,425,cloud,aceptada,False,False,False
f7e38356-eb4e-42a0-8aed-b6f0b74a9337,426,2026-08-06T03:16:41.238+00:00,str,blog post: scale comparision of atoms and electron and subatomic particles with real life examples blog post: scale comparision of atoms and electron and subatomic particles with real life examples title : from stadiums to specks: visualizing the tiny world of atoms and subatomic. the tiny world of atoms and subatomic the tiny world of atoms and subatomic,357,58,True,Inferencia completada.,revision,backend,datascience,-0.27162001779381506,-0.49428257456222213,0.22266255676840707,Crítica,20,Revisión humana prioritaria,True,True,['Las dos categorías principales tienen puntuaciones muy cercanas.'],"[{'position': 1, 'category': 'backend', 'score': -0.27162001779381506}, {'position': 2, 'category': 'datascience', 'score': -0.49428257456222213}, {'position': 3, 'category': 'frontend', 'score': -0.6041827644495499}, {'position': 4, 'category': 'cloud', 'score': -0.9972463016622386}]",,1,426,426,backend,revision,False,True,False
f7e38356-eb4e-42a0-8aed-b6f0b74a9337,427,2026-08-06T03:16:41.238+00:00,str,how to integrate cloudinary media uploads into a firebase web app how to integrate cloudinary media uploads into a firebase web app how to integrate cloudinary media uploads into a firebase web app media uploads are one of the. integrate cloudinary media uploads integrate cloudinary media uploads,297,47,True,Inferencia completada.,revision,backend,frontend,0.21771810605913677,-0.3324379258456277,0.5501560319047645,Baja,22,Revisión humana recomendada,True,True,['El margen de decisión es reducido.'],"[{'position': 1, 'category': 'backend', 'score': 0.21771810605913677}, {'position': 2, 'category': 'frontend', 'score': -0.3324379258456277}, {'position': 3, 'category': 'datascience', 'score': -1.235703709907411}, {'position': 4, 'category': 'cloud', 'score': -1.3937354154257535}]",,1,427,427,backend,revision,False,True,False
f7e38356-eb4e-42a0-8aed-b6f0b74a9337,428,2026-08-06T03:16:41.238+00:00,str,understands relationships schemas and joins in data analytics for beginners. understands relationships schemas and joins in data analytics for beginners. introduction. one of the most difficult aspects for a data analyst looking to become.,239,34,True,Inferencia completada.,aceptada,datascience,backend,2.0466861632299915,-1.1290156935142084,3.1757018567442,Alta,35,Predicción automática,False,True,[],"[{'position': 1, 'category': 'datascience', 'score': 2.0466861632299915}, {'position': 2, 'category': 'backend', 'score': -1.1290156935142084}, {'position': 3, 'category': 'frontend', 'score': -1.3193890580145036}, {'position': 4, 'category': 'cloud', 'score': -1.8594194193709934}]",,1,428,428,datascience,aceptada,False,False,False
f7e38356-eb4e-42a0-8aed-b6f0b74a9337,429,2026-08-06T03:16:41.238+00:00,str,real-world architecture diagram for mongodb with sharding replication real-world architecture diagram for mongodb with sharding replication this article was originally published on bitveen read the full article with interactive content and. bitveen bitveen,256,33,True,Inferencia completada.,revision,cloud,frontend,-0.2859928546110574,-0.4792580116103139,0.1932651569992565,Crítica,27,Revisión humana prioritaria,True,True,['Las dos categorías principales tienen puntuaciones muy cercanas.'],"[{'position': 1, 'category': 'cloud', 'score': -0.2859928546110574}, {'position': 2, 'category': 'frontend', 'score': -0.4792580116103139}, {'position': 3, 'category': 'backend', 'score': -0.693942422419983}, {'position': 4, 'category': 'datascience', 'score': -1.1918859267700466}]",,1,429,429,cloud,revision,False,True,False
f7e38356-eb4e-42a0-8aed-b6f0b74a9337,430,2026-08-06T03:16:41.238+00:00,str,hacker news as a market research tool: what front page stories tell you about tech trends hacker news as a market research tool: what front page stories tell you about tech trends analyze hacker news trends to identify emerging technologies and market opportunities. track topic distribution to guide product development. analyze hacker news analyze hacker news,361,56,True,Inferencia completada.,aceptada,datascience,frontend,0.15001617915853482,-0.8692291262444748,1.0192453054030097,Media,32,Predicción automática con monitoreo,False,True,[],"[{'position': 1, 'category': 'datascience', 'score': 0.15001617915853482}, {'position': 2, 'category': 'frontend', 'score': -0.8692291262444748}, {'position': 3, 'category': 'backend', 'score': -1.0463474443534158}, {'position': 4, 'category': 'cloud', 'score': -1.3404230271325503}]",,1,430,430,datascience,aceptada,False,False,False
f7e38356-eb4e-42a0-8aed-b6f0b74a9337,431,2026-08-06T03:16:41.238+00:00,str,tailwind css v4: architecture features and performance upgrades deep dive tailwind css v4: architecture features and performance upgrades deep dive explore the revolutionary architecture new features and significant performance enhancements introduced in tailwind css v4 focusing on its compiler-driven approach. tailwind css tailwind css,338,44,True,Inferencia completada.,aceptada,frontend,cloud,1.879156215471966,-1.520811822112972,3.399968037584938,Muy alta,28,Predicción automática,False,True,[],"[{'position': 1, 'category': 'frontend', 'score': 1.879156215471966}, {'position': 2, 'category': 'cloud', 'score': -1.520811822112972}, {'position': 3, 'category': 'backend', 'score': -1.738538164761441}, {'position': 4, 'category': 'datascience', 'score': -1.7738322924998502}]",,1,431,431,frontend,aceptada,False,False,False
f7e38356-eb4e-42a0-8aed-b6f0b74a9337,432,2026-08-06T03:16:41.238+00:00,str,автоматические купоны ко дню рождения в 1с-битрикс: batching cron и защита от дублей автоматические купоны ко дню рождения в 1с-битрикс: batching cron и защита от дублей зачем нужны автоматические купоны ко дню рождения в e-commerce поздравление покупателя с.,259,38,True,Inferencia completada.,revision,backend,cloud,0.17469436681434514,-0.6909614320825251,0.8656557988968703,Media,5,Revisión humana recomendada,True,True,['Cobertura reducida del vocabulario.'],"[{'position': 1, 'category': 'backend', 'score': 0.17469436681434514}, {'position': 2, 'category': 'cloud', 'score': -0.6909614320825251}, {'position': 3, 'category': 'frontend', 'score': -0.9107296048482477}, {'position': 4, 'category': 'datascience', 'score': -1.30501838003289}]",,1,432,432,backend,revision,False,False,True
f7e38356-eb4e-42a0-8aed-b6f0b74a9337,433,2026-08-06T03:16:41.238+00:00,str,dead-letter queues for webhooks: safe replay idempotency and monitoring dead-letter queues for webhooks: safe replay idempotency and monitoring dead letter queues for webhooks safe replay idempotency and monitoring dead-letter queues for. dead letter queues for webhooks safe replay idempotency dead letter queues for webhooks safe replay idempotency,350,47,True,Inferencia completada.,revision,backend,frontend,0.5957729118589233,-0.7487902337673686,1.3445631456262919,Media,14,Revisión humana recomendada,True,True,['Cobertura reducida del vocabulario.'],"[{'position': 1, 'category': 'backend', 'score': 0.5957729118589233}, {'position': 2, 'category': 'frontend', 'score': -0.7487902337673686}, {'position': 3, 'category': 'cloud', 'score': -1.1482926848249855}, {'position': 4, 'category': 'datascience', 'score': -1.2778561037472709}]",,1,433,433,backend,revision,False,False,True
f7e38356-eb4e-42a0-8aed-b6f0b74a9337,434,2026-08-06T03:16:41.238+00:00,str,dry for design assets dry for design assets quite some time ago in a previous post i explored expressing ui components in a tech-stack-agnostic. ui ui,150,26,True,Inferencia completada.,aceptada,frontend,backend,1.968789198484953,-1.2214766802389188,3.1902658787238716,Alta,22,Predicción automática,False,True,[],"[{'position': 1, 'category': 'frontend', 'score': 1.968789198484953}, {'position': 2, 'category': 'backend', 'score': -1.2214766802389188}, {'position': 3, 'category': 'datascience', 'score': -1.6542552626233498}, {'position': 4, 'category': 'cloud', 'score': -2.295297734358343}]",,1,434,434,frontend,aceptada,False,False,False
f7e38356-eb4e-42a0-8aed-b6f0b74a9337,435,2026-08-06T03:16:41.238+00:00,str,day 20: api gateway one front door for the whole system day 20: api gateway one front door for the whole system yesterday my two services learned to find each other by name through eureka. but zoom out to the. eureka yesterday eureka yesterday,243,44,True,Inferencia completada.,aceptada,backend,cloud,1.2866822475923332,-1.1694589339225965,2.45614118151493,Alta,34,Predicción automática,False,True,[],"[{'position': 1, 'category': 'backend', 'score': 1.2866822475923332}, {'position': 2, 'category': 'cloud', 'score': -1.1694589339225965}, {'position': 3, 'category': 'datascience', 'score': -1.4819570093617571}, {'position': 4, 'category': 'frontend', 'score': -1.9014178552964718}]",,1,435,435,backend,aceptada,False,False,False
f7e38356-eb4e-42a0-8aed-b6f0b74a9337,436,2026-08-06T03:16:41.238+00:00,str,distributions and their impact on data science distributions and their impact on data science introduction data science is built on the ability to extract meaningful insights from.,180,27,True,Inferencia completada.,aceptada,datascience,frontend,1.8422778644899473,-1.076542727652805,2.9188205921427524,Alta,31,Predicción automática,False,True,[],"[{'position': 1, 'category': 'datascience', 'score': 1.8422778644899473}, {'position': 2, 'category': 'frontend', 'score': -1.076542727652805}, {'position': 3, 'category': 'cloud', 'score': -1.643750395757551}, {'position': 4, 'category': 'backend', 'score': -1.8806204760859875}]",,1,436,436,datascience,aceptada,False,False,False
f7e38356-eb4e-42a0-8aed-b6f0b74a9337,437,2026-08-06T03:16:41.238+00:00,str,dependency injection the problem it solves dependency injection the problem it solves the first article in this module made one claim and moved on: stop calling new on your collaborators,186,30,True,Inferencia completada.,revision,backend,datascience,0.11988591880710475,-0.4290167907501151,0.5489027095572199,Baja,31,Revisión humana recomendada,True,True,['El margen de decisión es reducido.'],"[{'position': 1, 'category': 'backend', 'score': 0.11988591880710475}, {'position': 2, 'category': 'datascience', 'score': -0.4290167907501151}, {'position': 3, 'category': 'cloud', 'score': -0.48006113214653906}, {'position': 4, 'category': 'frontend', 'score': -1.8658768150776597}]",,1,437,437,backend,revision,False,True,False
f7e38356-eb4e-42a0-8aed-b6f0b74a9337,438,2026-08-06T03:16:41.238+00:00,str,we rewrote our webhook platform from go to rust here s what happened we rewrote our webhook platform from go to rust here s what happened background six months ago our webhook delivery platform was running on go. it worked fine. six months ago six months ago,258,47,True,Inferencia completada.,aceptada,backend,cloud,0.2619362403932529,-0.6541839593007102,0.9161201996939631,Media,32,Predicción automática con monitoreo,False,True,[],"[{'position': 1, 'category': 'backend', 'score': 0.2619362403932529}, {'position': 2, 'category': 'cloud', 'score': -0.6541839593007102}, {'position': 3, 'category': 'frontend', 'score': -0.9183800175652622}, {'position': 4, 'category': 'datascience', 'score': -1.5566437005233689}]",,1,438,438,backend,aceptada,False,False,False
f7e38356-eb4e-42a0-8aed-b6f0b74a9337,439,2026-08-06T03:16:41.238+00:00,str,"the power grid in the sky: 5 surprising truths about aws and the modern cloud the power grid in the sky: 5 surprising truths about aws and the modern cloud in the era before the cloud scaling a business meant confronting the hardware problem. it was a. the ""hardware problem the ""hardware problem",296,53,True,Inferencia completada.,aceptada,cloud,frontend,2.0858841899088603,-1.453693698075233,3.5395778879840933,Muy alta,37,Predicción automática,False,True,[],"[{'position': 1, 'category': 'cloud', 'score': 2.0858841899088603}, {'position': 2, 'category': 'frontend', 'score': -1.453693698075233}, {'position': 3, 'category': 'backend', 'score': -1.866214443610263}, {'position': 4, 'category': 'datascience', 'score': -2.0188091048241126}]",,1,439,439,cloud,aceptada,False,False,False
f7e38356-eb4e-42a0-8aed-b6f0b74a9337,440,2026-08-06T03:16:41.238+00:00,str,flue on phala cloud: typescript agents with privacy built in flue on phala cloud: typescript agents with privacy built in note: this article is adapted from the official phala announcement. original post published on the x. phala phala,235,38,True,Inferencia completada.,aceptada,cloud,frontend,0.949054287413665,-0.9400250714474494,1.8890793588611143,Alta,30,Predicción automática,False,True,[],"[{'position': 1, 'category': 'cloud', 'score': 0.949054287413665}, {'position': 2, 'category': 'frontend', 'score': -0.9400250714474494}, {'position': 3, 'category': 'datascience', 'score': -1.2594908056067324}, {'position': 4, 'category': 'backend', 'score': -1.9683150654687567}]",,1,440,440,cloud,aceptada,False,False,False
f7e38356-eb4e-42a0-8aed-b6f0b74a9337,441,2026-08-06T03:16:41.238+00:00,str,secure private file hosting: best solutions for 2025 secure private file hosting: best solutions for 2025 are you looking into secure private file hosting here s a quick overview of what you need to.,199,34,True,Inferencia completada.,aceptada,cloud,backend,2.409485575736927,-1.6036941333903694,4.0131797091272965,Muy alta,39,Predicción automática,False,True,[],"[{'position': 1, 'category': 'cloud', 'score': 2.409485575736927}, {'position': 2, 'category': 'backend', 'score': -1.6036941333903694}, {'position': 3, 'category': 'datascience', 'score': -1.9545738103784664}, {'position': 4, 'category': 'frontend', 'score': -2.140869021696623}]",,1,441,441,cloud,aceptada,False,False,False
f7e38356-eb4e-42a0-8aed-b6f0b74a9337,442,2026-08-06T03:16:41.238+00:00,str,how to integrate react spreadsheet with azure blob storage for seamless excel management how to integrate react spreadsheet with azure blob storage for seamless excel management tl dr: excel still powers countless business processes but working with cloud-hosted files often.,275,40,True,Inferencia completada.,revision,frontend,cloud,0.06479672534972203,-0.24401016364640193,0.30880688899612396,Baja,33,Revisión humana recomendada,True,True,['El margen de decisión es reducido.'],"[{'position': 1, 'category': 'frontend', 'score': 0.06479672534972203}, {'position': 2, 'category': 'cloud', 'score': -0.24401016364640193}, {'position': 3, 'category': 'datascience', 'score': -0.9862040010289975}, {'position': 4, 'category': 'backend', 'score': -1.9719630862305566}]",,1,442,442,frontend,revision,False,True,False
f7e38356-eb4e-42a0-8aed-b6f0b74a9337,443,2026-08-06T03:16:41.238+00:00,str,job description seo job board optimization job description seo job board optimization tactics to optimize job titles keywords and structure so your job posts rank higher on linkedin indeed and google for jobs. google for jobs linkedin google for jobs linkedin,259,41,True,Inferencia completada.,revision,backend,cloud,-0.307299955433776,-0.5997768664738636,0.29247691104008766,Baja,24,Revisión humana recomendada,True,True,['El margen de decisión es reducido.'],"[{'position': 1, 'category': 'backend', 'score': -0.307299955433776}, {'position': 2, 'category': 'cloud', 'score': -0.5997768664738636}, {'position': 3, 'category': 'datascience', 'score': -0.789424797314529}, {'position': 4, 'category': 'frontend', 'score': -1.1138188455307143}]",,1,443,443,backend,revision,False,True,False
f7e38356-eb4e-42a0-8aed-b6f0b74a9337,444,2026-08-06T03:16:41.238+00:00,str,slaying the n+1 dragon: a database optimization quest inspired by the lord of the rings slaying the n+1 dragon: a database optimization quest inspired by the lord of the rings the quest begins the why honestly i was just trying to get a simple blog feature.,257,46,True,Inferencia completada.,aceptada,backend,frontend,0.8796566313150701,-0.7310392294681356,1.6106958607832058,Media,40,Predicción automática con monitoreo,False,True,[],"[{'position': 1, 'category': 'backend', 'score': 0.8796566313150701}, {'position': 2, 'category': 'frontend', 'score': -0.7310392294681356}, {'position': 3, 'category': 'datascience', 'score': -0.8399511420430399}, {'position': 4, 'category': 'cloud', 'score': -1.8450039453789868}]",,1,444,444,backend,aceptada,False,False,False
f7e38356-eb4e-42a0-8aed-b6f0b74a9337,445,2026-08-06T03:16:41.238+00:00,str,is data science worth learning a complete guide for students is data science worth learning a complete guide for students data science is one of the fastest-growing and most in-demand career fields helping organizations. data science data science,246,38,True,Inferencia completada.,aceptada,datascience,cloud,1.9019289733065055,-1.254005792299272,3.1559347656057772,Alta,35,Predicción automática,False,True,[],"[{'position': 1, 'category': 'datascience', 'score': 1.9019289733065055}, {'position': 2, 'category': 'cloud', 'score': -1.254005792299272}, {'position': 3, 'category': 'frontend', 'score': -1.4892137261417178}, {'position': 4, 'category': 'backend', 'score': -1.8926374970206443}]",,1,445,445,datascience,aceptada,False,False,False
f7e38356-eb4e-42a0-8aed-b6f0b74a9337,446,2026-08-06T03:16:41.238+00:00,str,transforming business through analytics: insights from nathan haslick transforming business through analytics: insights from nathan haslick how data-driven insights help organizations adapt innovate and grow nathan haslick is a. nathan haslick innovate grow nathan haslick innovate grow,286,37,True,Inferencia completada.,revision,datascience,backend,-0.34964574499790246,-0.6075701038899216,0.25792435889201915,Baja,18,Revisión humana recomendada,True,True,['El margen de decisión es reducido.'],"[{'position': 1, 'category': 'datascience', 'score': -0.34964574499790246}, {'position': 2, 'category': 'backend', 'score': -0.6075701038899216}, {'position': 3, 'category': 'frontend', 'score': -0.9507359742584233}, {'position': 4, 'category': 'cloud', 'score': -0.9565999283297867}]",,1,446,446,datascience,revision,False,True,False
f7e38356-eb4e-42a0-8aed-b6f0b74a9337,447,2026-08-06T03:16:41.238+00:00,str,tutorial completion didn t make me feel like an engineer tutorial completion didn t make me feel like an engineer over the past few months i ve completed hands-on learning across linux docker docker compose git the past few months linux git docker compose docker the past few months linux git docker compose docker,314,54,True,Inferencia completada.,revision,cloud,frontend,-0.21494415015288926,-0.24137156800941872,0.026427417856529467,Crítica,35,Revisión humana prioritaria,True,True,['Las dos categorías principales tienen puntuaciones muy cercanas.'],"[{'position': 1, 'category': 'cloud', 'score': -0.21494415015288926}, {'position': 2, 'category': 'frontend', 'score': -0.24137156800941872}, {'position': 3, 'category': 'backend', 'score': -0.8925889689703842}, {'position': 4, 'category': 'datascience', 'score': -1.1579196323738827}]",,1,447,447,cloud,revision,False,True,False
f7e38356-eb4e-42a0-8aed-b6f0b74a9337,448,2026-08-06T03:16:41.238+00:00,str,learning machine learning learning machine learning one of the first questions you ll face is: which programming language should i learn i put.,143,23,True,Inferencia completada.,aceptada,datascience,frontend,0.5653608796232803,-0.9230431700701591,1.4884040496934394,Media,27,Predicción automática con monitoreo,False,True,[],"[{'position': 1, 'category': 'datascience', 'score': 0.5653608796232803}, {'position': 2, 'category': 'frontend', 'score': -0.9230431700701591}, {'position': 3, 'category': 'backend', 'score': -0.9464125366454998}, {'position': 4, 'category': 'cloud', 'score': -1.5994357639757983}]",,1,448,448,datascience,aceptada,False,False,False
f7e38356-eb4e-42a0-8aed-b6f0b74a9337,449,2026-08-06T03:16:41.238+00:00,str,statsbomb open data reveals: late goals aren t random statsbomb open data reveals: late goals aren t random the 87th minute. your team is down 1-0. the opposing goalkeeper has held firm for 86 minutes. then 87th 86 minutes 87th 86 minutes,238,42,True,Inferencia completada.,aceptada,datascience,backend,0.8322392138717527,-1.0990213911369473,1.9312606050087,Alta,33,Predicción automática,False,True,[],"[{'position': 1, 'category': 'datascience', 'score': 0.8322392138717527}, {'position': 2, 'category': 'backend', 'score': -1.0990213911369473}, {'position': 3, 'category': 'cloud', 'score': -1.2169270131575989}, {'position': 4, 'category': 'frontend', 'score': -1.370103211320894}]",,1,449,449,datascience,aceptada,False,False,False
f7e38356-eb4e-42a0-8aed-b6f0b74a9337,450,2026-08-06T03:16:41.238+00:00,str,rest api email tests for account lockout alerts rest api email tests for account lockout alerts a backend-first workflow for testing account lockout emails in rest apis with deterministic state isolated inboxes and cleaner auth assertions. rest rest,249,38,True,Inferencia completada.,aceptada,backend,cloud,0.9561902950887345,-0.4396988985866157,1.3958891936753504,Media,31,Predicción automática con monitoreo,False,True,[],"[{'position': 1, 'category': 'backend', 'score': 0.9561902950887345}, {'position': 2, 'category': 'cloud', 'score': -0.4396988985866157}, {'position': 3, 'category': 'frontend', 'score': -1.5101116031602029}, {'position': 4, 'category': 'datascience', 'score': -2.2126912612278207}]",,1,450,450,backend,aceptada,False,False,False
f7e38356-eb4e-42a0-8aed-b6f0b74a9337,451,2026-08-06T03:16:41.238+00:00,str,secure bridges: safe postmessage iframe sync in react secure bridges: safe postmessage iframe sync in react the cross-origin scripting trap in modern complex frontend ecosystems at smart tech devs we. smart tech devs the cross-origin scripting trap smart tech devs the cross-origin scripting trap,296,44,True,Inferencia completada.,aceptada,frontend,backend,1.9756948680093327,-0.8441337020229829,2.819828570032316,Alta,25,Predicción automática,False,True,[],"[{'position': 1, 'category': 'frontend', 'score': 1.9756948680093327}, {'position': 2, 'category': 'backend', 'score': -0.8441337020229829}, {'position': 3, 'category': 'datascience', 'score': -2.0538518835428903}, {'position': 4, 'category': 'cloud', 'score': -2.2703295578140965}]",,1,451,451,frontend,aceptada,False,False,False
f7e38356-eb4e-42a0-8aed-b6f0b74a9337,452,2026-08-06T03:16:41.238+00:00,str,"the structural limits of improving crypto hft infrastructure why better servers won t fix this the structural limits of improving crypto hft infrastructure why better servers won t fix this introduction on october 10 2025 the cryptocurrency market experienced the largest forced. october 10, 2025 october 10, 2025",313,48,True,Inferencia completada.,revision,datascience,cloud,-0.007565373303782041,-0.4018074783161867,0.39424210501240464,Baja,33,Revisión humana recomendada,True,True,['El margen de decisión es reducido.'],"[{'position': 1, 'category': 'datascience', 'score': -0.007565373303782041}, {'position': 2, 'category': 'cloud', 'score': -0.4018074783161867}, {'position': 3, 'category': 'backend', 'score': -0.6708192657591806}, {'position': 4, 'category': 'frontend', 'score': -1.8029964844614743}]",,1,452,452,datascience,revision,False,True,False
f7e38356-eb4e-42a0-8aed-b6f0b74a9337,453,2026-08-06T03:16:41.238+00:00,str,lottie animations in astro.js: a complete guide lottie animations in astro.js: a complete guide astro s islands architecture makes lottie integration unique: animations live in client-side islands. astro lottie astro lottie,223,31,True,Inferencia completada.,aceptada,frontend,backend,1.66348285670065,-1.0908844924308938,2.754367349131544,Alta,22,Predicción automática,False,True,[],"[{'position': 1, 'category': 'frontend', 'score': 1.66348285670065}, {'position': 2, 'category': 'backend', 'score': -1.0908844924308938}, {'position': 3, 'category': 'cloud', 'score': -1.492765932146996}, {'position': 4, 'category': 'datascience', 'score': -1.6950075600118448}]",,1,453,453,frontend,aceptada,False,False,False
f7e38356-eb4e-42a0-8aed-b6f0b74a9337,454,2026-08-06T03:16:41.238+00:00,str,backflow backflow i m building a project called backflow link a visual platform focused on api-first and api. api api-first api api-first,137,22,True,Inferencia completada.,aceptada,backend,frontend,0.48851629887464776,-0.6733411397100842,1.161857438584732,Media,21,Predicción automática con monitoreo,False,True,[],"[{'position': 1, 'category': 'backend', 'score': 0.48851629887464776}, {'position': 2, 'category': 'frontend', 'score': -0.6733411397100842}, {'position': 3, 'category': 'datascience', 'score': -1.4183373604271723}, {'position': 4, 'category': 'cloud', 'score': -1.4986155356932165}]",,1,454,454,backend,aceptada,False,False,False
f7e38356-eb4e-42a0-8aed-b6f0b74a9337,455,2026-08-06T03:16:41.238+00:00,str,java 8 to java 21 migration: a practical enterprise guide java 8 to java 21 migration: a practical enterprise guide last updated: july 2026 by axel misson. migrating from java 8 to java 21 means crossing thirteen. thirteen java 8 java 21 july 2026 axel misson thirteen java 8 java 21 july 2026 axel misson,305,55,True,Inferencia completada.,revision,backend,cloud,0.14250196233755363,-0.557425367115766,0.6999273294533196,Baja,18,Revisión humana recomendada,True,True,['El margen de decisión es reducido.'],"[{'position': 1, 'category': 'backend', 'score': 0.14250196233755363}, {'position': 2, 'category': 'cloud', 'score': -0.557425367115766}, {'position': 3, 'category': 'datascience', 'score': -1.1987945265354971}, {'position': 4, 'category': 'frontend', 'score': -1.250825461967132}]",,1,455,455,backend,revision,False,True,False
f7e38356-eb4e-42a0-8aed-b6f0b74a9337,456,2026-08-06T03:16:41.238+00:00,str,you are using module federation wrong. you are using module federation wrong. let s look at the actual workflow of an enterprise team using module federation today. team a. module federation module federation,208,33,True,Inferencia completada.,revision,frontend,cloud,-0.24715328076537352,-0.5088998507779341,0.2617465700125606,Baja,28,Revisión humana recomendada,True,True,['El margen de decisión es reducido.'],"[{'position': 1, 'category': 'frontend', 'score': -0.24715328076537352}, {'position': 2, 'category': 'cloud', 'score': -0.5088998507779341}, {'position': 3, 'category': 'datascience', 'score': -0.7786892175290294}, {'position': 4, 'category': 'backend', 'score': -1.5535228659318963}]",,1,456,456,frontend,revision,False,True,False
f7e38356-eb4e-42a0-8aed-b6f0b74a9337,457,2026-08-06T03:16:41.238+00:00,str,stop uninstalling your app to test staging and production: a proper multi-environment setup for mobile development stop uninstalling your app to test staging and production: a proper multi-environment setup for mobile development reactnative #expo #mobile #frontend if you ve worked with a web app before you know how. expo #mobile # expo #mobile #,348,54,True,Inferencia completada.,aceptada,frontend,backend,0.8706406692203866,-0.737516025759781,1.6081566949801678,Media,40,Predicción automática con monitoreo,False,True,[],"[{'position': 1, 'category': 'frontend', 'score': 0.8706406692203866}, {'position': 2, 'category': 'backend', 'score': -0.737516025759781}, {'position': 3, 'category': 'datascience', 'score': -1.273473406113374}, {'position': 4, 'category': 'cloud', 'score': -1.6984584870592785}]",,1,457,457,frontend,aceptada,False,False,False
f7e38356-eb4e-42a0-8aed-b6f0b74a9337,458,2026-08-06T03:16:41.238+00:00,str,designing react navigation menus that meet en 301 549 s 2024 focus visible and logical order requirements for complex mega menus designing react navigation menus that meet en 301 549 s 2024 focus visible and logical order requirements for complex mega menus building accessible react mega menus for en 301 549 2024 focus visible and logical order meta: learn. building accessible react mega‐menus building accessible react mega‐menus,433,67,True,Inferencia completada.,aceptada,frontend,backend,2.2395385563047916,-1.3378300827164145,3.577368639021206,Muy alta,23,Predicción automática,False,True,[],"[{'position': 1, 'category': 'frontend', 'score': 2.2395385563047916}, {'position': 2, 'category': 'backend', 'score': -1.3378300827164145}, {'position': 3, 'category': 'datascience', 'score': -1.5685742298763095}, {'position': 4, 'category': 'cloud', 'score': -1.8452594140387228}]",,1,458,458,frontend,aceptada,False,False,False
f7e38356-eb4e-42a0-8aed-b6f0b74a9337,459,2026-08-06T03:16:41.238+00:00,str,"a practical git workflow for data-heavy projects: submodules shallow clones and exact reproducibil a practical git workflow for data-heavy projects: submodules shallow clones and exact reproducibil a practical git workflow for data-heavy projects: submodules shallow clones and exact. data-heavy projects: submodules, shallow clones git workflow data-heavy projects: submodules, shallow clones git workflow",406,52,True,Inferencia completada.,revision,frontend,cloud,0.8658196503792893,-1.1724018860209213,2.0382215364002105,Alta,13,Revisión humana recomendada,True,True,['Cobertura reducida del vocabulario.'],"[{'position': 1, 'category': 'frontend', 'score': 0.8658196503792893}, {'position': 2, 'category': 'cloud', 'score': -1.1724018860209213}, {'position': 3, 'category': 'datascience', 'score': -1.2725706698181143}, {'position': 4, 'category': 'backend', 'score': -1.31857060477024}]",,1,459,459,frontend,revision,False,False,True
f7e38356-eb4e-42a0-8aed-b6f0b74a9337,460,2026-08-06T03:16:41.238+00:00,str,netherlands vs sweden: match prediction model analysis 2026-06-20 netherlands vs sweden: match prediction model analysis 2026-06-20 published: 2026-06-17 footballmoney.top netherlands vs sweden 世界杯 2026-06-20 sweden 2026-06-20 2026-06-17 netherlands sweden 2026-06-20 2026-06-17 netherlands,290,32,True,Inferencia completada.,aceptada,datascience,backend,1.090822973347888,-1.1486347777927555,2.2394577511406437,Alta,22,Predicción automática,False,True,[],"[{'position': 1, 'category': 'datascience', 'score': 1.090822973347888}, {'position': 2, 'category': 'backend', 'score': -1.1486347777927555}, {'position': 3, 'category': 'frontend', 'score': -1.2035853396431182}, {'position': 4, 'category': 'cloud', 'score': -1.2399779625956366}]",,1,460,460,datascience,aceptada,False,False,False
f7e38356-eb4e-42a0-8aed-b6f0b74a9337,461,2026-08-06T03:16:41.238+00:00,str,codebehind 4.7 coming soon codebehind 4.7 coming soon codebehind 4.7 will be released by elanat in the coming days. this release introduces several. elanat the coming days elanat the coming days,194,31,True,Inferencia completada.,aceptada,backend,datascience,0.5857585780254947,-0.8999748673806476,1.4857334454061424,Media,16,Predicción automática con monitoreo,False,True,[],"[{'position': 1, 'category': 'backend', 'score': 0.5857585780254947}, {'position': 2, 'category': 'datascience', 'score': -0.8999748673806476}, {'position': 3, 'category': 'cloud', 'score': -1.151066262539695}, {'position': 4, 'category': 'frontend', 'score': -1.461914383636711}]",,1,461,461,backend,aceptada,False,False,False
f7e38356-eb4e-42a0-8aed-b6f0b74a9337,462,2026-08-06T03:16:41.238+00:00,str,eaa 2025: jak naprawić kontrasty w css by uniknąć kar i dostosować polski e-commerce do wymogów dostępności eaa 2025: jak naprawić kontrasty w css by uniknąć kar i dostosować polski e-commerce do wymogów dostępności eaa 2025: jak naprawić kontrasty w css by uniknąć kar i dostosować polski e-commerce do. css dostosować css dostosować,334,53,True,Inferencia completada.,revision,frontend,datascience,1.7448862750905225,-1.4650167137303236,3.209902988820846,Alta,9,Revisión humana recomendada,True,True,['Cobertura reducida del vocabulario.'],"[{'position': 1, 'category': 'frontend', 'score': 1.7448862750905225}, {'position': 2, 'category': 'datascience', 'score': -1.4650167137303236}, {'position': 3, 'category': 'cloud', 'score': -1.5347072014421563}, {'position': 4, 'category': 'backend', 'score': -1.5486569062394824}]",,1,462,462,frontend,revision,False,False,True
f7e38356-eb4e-42a0-8aed-b6f0b74a9337,463,2026-08-06T03:16:41.238+00:00,str,nginx nedir ne i çin kullanılır ve projelere hangi avantajları sağlar nginx nedir ne i çin kullanılır ve projelere hangi avantajları sağlar backend servisleri geliştirirken bir api yi yayına alırken veya docker konteynerleri kurgularken. servisleri geliştirirken docker servisleri geliştirirken docker,301,40,True,Inferencia completada.,revision,backend,frontend,0.3315434594158614,-0.8625268569062889,1.1940703163221502,Media,7,Revisión humana recomendada,True,True,['Cobertura reducida del vocabulario.'],"[{'position': 1, 'category': 'backend', 'score': 0.3315434594158614}, {'position': 2, 'category': 'frontend', 'score': -0.8625268569062889}, {'position': 3, 'category': 'cloud', 'score': -1.1926063930409119}, {'position': 4, 'category': 'datascience', 'score': -1.3784065181419054}]",,1,463,463,backend,revision,False,False,True
f7e38356-eb4e-42a0-8aed-b6f0b74a9337,464,2026-08-06T03:16:41.238+00:00,str,why retries are more dangerous than failures in production systems why retries are more dangerous than failures in production systems failures are obvious. retries are sneaky. when something fails everyone notices. an alert goes.,229,34,True,Inferencia completada.,aceptada,backend,cloud,0.7989804260454453,-1.1713805924966865,1.9703610185421319,Alta,25,Predicción automática,False,True,[],"[{'position': 1, 'category': 'backend', 'score': 0.7989804260454453}, {'position': 2, 'category': 'cloud', 'score': -1.1713805924966865}, {'position': 3, 'category': 'frontend', 'score': -1.2250520987536977}, {'position': 4, 'category': 'datascience', 'score': -1.3307252485883836}]",,1,464,464,backend,aceptada,False,False,False
f7e38356-eb4e-42a0-8aed-b6f0b74a9337,465,2026-08-06T03:16:41.238+00:00,str,designing a developer productivity flywheel: a practical data-driven workflow guide designing a developer productivity flywheel: a practical data-driven workflow guide designing a developer productivity flywheel: a practical data-driven workflow guide data-driven workflow guide practical data-driven workflow guide practical,325,38,True,Inferencia completada.,revision,frontend,backend,1.5812714428079375,-1.5928583741316373,3.174129816939575,Alta,12,Revisión humana recomendada,True,True,['Cobertura reducida del vocabulario.'],"[{'position': 1, 'category': 'frontend', 'score': 1.5812714428079375}, {'position': 2, 'category': 'backend', 'score': -1.5928583741316373}, {'position': 3, 'category': 'datascience', 'score': -1.7627876367304354}, {'position': 4, 'category': 'cloud', 'score': -1.9053086300358668}]",,1,465,465,frontend,revision,False,False,True
f7e38356-eb4e-42a0-8aed-b6f0b74a9337,466,2026-08-06T03:16:41.238+00:00,str,your pipeline is 28.4h behind: catching culture sentiment leads with pulsebit your pipeline is 28.4h behind: catching culture sentiment leads with pulsebit your pipeline just missed a significant signal: a 24-hour momentum spike of +0.248 in the sentiment.,256,38,True,Inferencia completada.,aceptada,datascience,frontend,1.5285081065685984,-1.374405728259004,2.9029138348276025,Alta,42,Predicción automática,False,True,[],"[{'position': 1, 'category': 'datascience', 'score': 1.5285081065685984}, {'position': 2, 'category': 'frontend', 'score': -1.374405728259004}, {'position': 3, 'category': 'backend', 'score': -1.6137349851274183}, {'position': 4, 'category': 'cloud', 'score': -1.7180331361720897}]",,1,466,466,datascience,aceptada,False,False,False
f7e38356-eb4e-42a0-8aed-b6f0b74a9337,467,2026-08-06T03:16:41.238+00:00,str,5 best sites to buy old yahoo accounts introduction 5 best sites to buy old yahoo accounts introduction introduction 24/7 fast response support telegram: getusasmm whatsapp: +1 579 550-8030 email: whatsapp getusasmm telegram whatsapp getusasmm telegram,252,36,True,Inferencia completada.,aceptada,frontend,backend,0.4225222328363262,-0.5533340821518826,0.9758563149882088,Media,22,Predicción automática con monitoreo,False,True,[],"[{'position': 1, 'category': 'frontend', 'score': 0.4225222328363262}, {'position': 2, 'category': 'backend', 'score': -0.5533340821518826}, {'position': 3, 'category': 'datascience', 'score': -1.1588676721648459}, {'position': 4, 'category': 'cloud', 'score': -1.1780604709279119}]",,1,467,467,frontend,aceptada,False,False,False
f7e38356-eb4e-42a0-8aed-b6f0b74a9337,468,2026-08-06T03:16:41.238+00:00,str,the invisible attack surface: why machine identities are cloud security s biggest blind spot the invisible attack surface: why machine identities are cloud security s biggest blind spot and how i built an open-source platform to solve it. the problem no one is talking.,269,44,True,Inferencia completada.,aceptada,cloud,backend,1.6540756998185455,-1.2253155686604835,2.8793912684790293,Alta,42,Predicción automática,False,True,[],"[{'position': 1, 'category': 'cloud', 'score': 1.6540756998185455}, {'position': 2, 'category': 'backend', 'score': -1.2253155686604835}, {'position': 3, 'category': 'datascience', 'score': -1.2632197850959408}, {'position': 4, 'category': 'frontend', 'score': -1.9826262188469879}]",,1,468,468,cloud,aceptada,False,False,False
f7e38356-eb4e-42a0-8aed-b6f0b74a9337,469,2026-08-06T03:16:41.238+00:00,str,indexing like a neo: dodging slow queries in the matrix indexing like a neo: dodging slow queries in the matrix the quest begins the why honestly i was staring at a dashboard that looked like a.,194,36,True,Inferencia completada.,aceptada,backend,frontend,0.5313177434746513,-0.5159647183880088,1.0472824618626602,Media,40,Predicción automática con monitoreo,False,True,[],"[{'position': 1, 'category': 'backend', 'score': 0.5313177434746513}, {'position': 2, 'category': 'frontend', 'score': -0.5159647183880088}, {'position': 3, 'category': 'datascience', 'score': -1.0468401906325167}, {'position': 4, 'category': 'cloud', 'score': -1.5998411592613881}]",,1,469,469,backend,aceptada,False,False,False
f7e38356-eb4e-42a0-8aed-b6f0b74a9337,470,2026-08-06T03:16:41.238+00:00,str,your pipeline is 24.2h behind: catching travel sentiment leads with pulsebit your pipeline is 24.2h behind: catching travel sentiment leads with pulsebit your pipeline is 24.2h behind: catching travel sentiment leads with pulsebit on june 28 june 28 24.2h june 28 24.2h,269,42,True,Inferencia completada.,aceptada,datascience,cloud,1.445339699826877,-1.4348475291298253,2.8801872289567023,Alta,27,Predicción automática,False,True,[],"[{'position': 1, 'category': 'datascience', 'score': 1.445339699826877}, {'position': 2, 'category': 'cloud', 'score': -1.4348475291298253}, {'position': 3, 'category': 'frontend', 'score': -1.467860942347766}, {'position': 4, 'category': 'backend', 'score': -1.7092020707063615}]",,1,470,470,datascience,aceptada,False,False,False
f7e38356-eb4e-42a0-8aed-b6f0b74a9337,471,2026-08-06T03:16:41.238+00:00,str,"your pipeline is 14.5h behind: catching defence sentiment leads with pulsebit your pipeline is 14.5h behind: catching defence sentiment leads with pulsebit on july 13 2026 we discovered a striking 24-hour momentum spike of +0.335 in sentiment around the. july 13, 2026 july 13, 2026",282,45,True,Inferencia completada.,aceptada,datascience,cloud,1.472473557676187,-1.2129083969948034,2.6853819546709903,Alta,41,Predicción automática,False,True,[],"[{'position': 1, 'category': 'datascience', 'score': 1.472473557676187}, {'position': 2, 'category': 'cloud', 'score': -1.2129083969948034}, {'position': 3, 'category': 'backend', 'score': -1.4770865820803052}, {'position': 4, 'category': 'frontend', 'score': -1.7082960482004221}]",,1,471,471,datascience,aceptada,False,False,False
f7e38356-eb4e-42a0-8aed-b6f0b74a9337,472,2026-08-06T03:16:41.238+00:00,str,defend external apis: redis token bucket in laravel defend external apis: redis token bucket in laravel the silent vendor ban danger when architecting a high-performance b2b saas platform at smart tech. smart tech ban danger smart tech ban danger,246,39,True,Inferencia completada.,aceptada,backend,cloud,1.5977396242618518,-0.9199170160652802,2.517656640327132,Alta,31,Predicción automática,False,True,[],"[{'position': 1, 'category': 'backend', 'score': 1.5977396242618518}, {'position': 2, 'category': 'cloud', 'score': -0.9199170160652802}, {'position': 3, 'category': 'frontend', 'score': -1.7340116596180724}, {'position': 4, 'category': 'datascience', 'score': -2.049261856466666}]",,1,472,472,backend,aceptada,False,False,False
f7e38356-eb4e-42a0-8aed-b6f0b74a9337,473,2026-08-06T03:16:41.238+00:00,str,memory leak debugging: tools and techniques for production systems memory leak debugging: tools and techniques for production systems memory leak debugging: tools and techniques for production systems memory leaks in.,217,30,True,Inferencia completada.,aceptada,frontend,backend,1.0855494464079989,-1.1103735907942283,2.195923037202227,Alta,21,Predicción automática,False,True,[],"[{'position': 1, 'category': 'frontend', 'score': 1.0855494464079989}, {'position': 2, 'category': 'backend', 'score': -1.1103735907942283}, {'position': 3, 'category': 'datascience', 'score': -1.3921927365932691}, {'position': 4, 'category': 'cloud', 'score': -1.5431933915727842}]",,1,473,473,frontend,aceptada,False,False,False
f7e38356-eb4e-42a0-8aed-b6f0b74a9337,474,2026-08-06T03:16:41.238+00:00,str,monitoring your self-hosted appwrite backend with vigilmon monitoring your self-hosted appwrite backend with vigilmon appwrite bundles auth databases storage and functions into one self-hosted baas. learn how to monitor each service endpoint detect partial failures and get alerted before your app breaks. learn learn,317,44,True,Inferencia completada.,aceptada,backend,cloud,1.0582069742326943,-0.3233374709040348,1.3815444451367291,Media,39,Predicción automática con monitoreo,False,True,[],"[{'position': 1, 'category': 'backend', 'score': 1.0582069742326943}, {'position': 2, 'category': 'cloud', 'score': -0.3233374709040348}, {'position': 3, 'category': 'datascience', 'score': -1.434805262525608}, {'position': 4, 'category': 'frontend', 'score': -2.071124589567849}]",,1,474,474,backend,aceptada,False,False,False
f7e38356-eb4e-42a0-8aed-b6f0b74a9337,475,2026-08-06T03:16:41.238+00:00,str,advanced css layouts: container queries grid and subgrid in practice advanced css layouts: container queries grid and subgrid in practice advanced css layouts: container queries grid and subgrid in practice css layout has. css css,230,35,True,Inferencia completada.,revision,frontend,datascience,2.0105043536779035,-1.6382519863247391,3.6487563400026426,Muy alta,15,Revisión humana recomendada,True,True,['Cobertura reducida del vocabulario.'],"[{'position': 1, 'category': 'frontend', 'score': 2.0105043536779035}, {'position': 2, 'category': 'datascience', 'score': -1.6382519863247391}, {'position': 3, 'category': 'backend', 'score': -1.7310195105586375}, {'position': 4, 'category': 'cloud', 'score': -1.8051656723049367}]",,1,475,475,frontend,revision,False,False,True
f7e38356-eb4e-42a0-8aed-b6f0b74a9337,476,2026-08-06T03:16:41.238+00:00,str,12 zero-dependency financial dashboards: just open in browser 12 zero-dependency financial dashboards: just open in browser 12 zero-dependency financial dashboards: just open in browser i got tired of the same old. browser browser,230,33,True,Inferencia completada.,aceptada,frontend,datascience,0.44141183020468167,-0.5294871596702992,0.9708989898749809,Media,21,Predicción automática con monitoreo,False,True,[],"[{'position': 1, 'category': 'frontend', 'score': 0.44141183020468167}, {'position': 2, 'category': 'datascience', 'score': -0.5294871596702992}, {'position': 3, 'category': 'backend', 'score': -0.9624570942012478}, {'position': 4, 'category': 'cloud', 'score': -1.3469899965236216}]",,1,476,476,frontend,aceptada,False,False,False
f7e38356-eb4e-42a0-8aed-b6f0b74a9337,477,2026-08-06T03:16:41.238+00:00,str,can ai retrieval be both fast and cheap can ai retrieval be both fast and cheap every team building production ai wants the same three things: low latency high recall low. ai ai,177,33,True,Inferencia completada.,revision,cloud,datascience,0.0582884852826,-0.4865309201989634,0.5448194054815634,Baja,29,Revisión humana recomendada,True,True,['El margen de decisión es reducido.'],"[{'position': 1, 'category': 'cloud', 'score': 0.0582884852826}, {'position': 2, 'category': 'datascience', 'score': -0.4865309201989634}, {'position': 3, 'category': 'backend', 'score': -0.7391465067182885}, {'position': 4, 'category': 'frontend', 'score': -1.4938566132592923}]",,1,477,477,cloud,revision,False,True,False
f7e38356-eb4e-42a0-8aed-b6f0b74a9337,478,2026-08-06T03:16:41.238+00:00,str,invalidación de caché por fingerprint en vez de ttl para dashboards de kpis invalidación de caché por fingerprint en vez de ttl para dashboards de kpis dashboard de kpis con varias agregaciones pesadas de mongodb sumas agrupaciones por rango de. dashboard de kpis con varias pesadas de mongodb dashboard de kpis con varias pesadas de mongodb,341,56,True,Inferencia completada.,revision,backend,cloud,0.232495361153512,-0.727986719392199,0.960482080545711,Media,10,Revisión humana recomendada,True,True,['Cobertura reducida del vocabulario.'],"[{'position': 1, 'category': 'backend', 'score': 0.232495361153512}, {'position': 2, 'category': 'cloud', 'score': -0.727986719392199}, {'position': 3, 'category': 'datascience', 'score': -0.8878973782784793}, {'position': 4, 'category': 'frontend', 'score': -1.0960212946010874}]",,1,478,478,backend,revision,False,False,True
f7e38356-eb4e-42a0-8aed-b6f0b74a9337,479,2026-08-06T03:16:41.238+00:00,str,mastering multi-tenant saas architecture for ai platforms mastering multi-tenant saas architecture for ai platforms understanding multi-tenant saas architecture multi-tenant saas architecture is a game.,202,24,True,Inferencia completada.,aceptada,cloud,backend,1.4564364072820197,-0.7086063815421827,2.1650427888242025,Alta,22,Predicción automática,False,True,[],"[{'position': 1, 'category': 'cloud', 'score': 1.4564364072820197}, {'position': 2, 'category': 'backend', 'score': -0.7086063815421827}, {'position': 3, 'category': 'frontend', 'score': -1.8660729864527075}, {'position': 4, 'category': 'datascience', 'score': -1.9814801804481872}]",,1,479,479,cloud,aceptada,False,False,False
f7e38356-eb4e-42a0-8aed-b6f0b74a9337,480,2026-08-06T03:16:41.238+00:00,str,statsbomb open data reveals: late goals aren t random statsbomb open data reveals: late goals aren t random when the referee checks their watch in the 85th minute something predictable happens in soccer but. 85th 85th,217,36,True,Inferencia completada.,aceptada,datascience,backend,1.0861765081894967,-0.9492932093549209,2.0354697175444176,Alta,30,Predicción automática,False,True,[],"[{'position': 1, 'category': 'datascience', 'score': 1.0861765081894967}, {'position': 2, 'category': 'backend', 'score': -0.9492932093549209}, {'position': 3, 'category': 'cloud', 'score': -1.336390448014567}, {'position': 4, 'category': 'frontend', 'score': -1.4708927917847263}]",,1,480,480,datascience,aceptada,False,False,False
f7e38356-eb4e-42a0-8aed-b6f0b74a9337,481,2026-08-06T03:16:41.238+00:00,str,best data science courses that you should check in 2026 best data science courses that you should check in 2026 usdsi offers a structured three-tier data science certification pathway cdsptm cldstm and csdstm csds cdsp csds cdsp,228,37,True,Inferencia completada.,aceptada,datascience,backend,1.0517548206655376,-0.9474872534623857,1.9992420741279233,Alta,21,Predicción automática,False,True,[],"[{'position': 1, 'category': 'datascience', 'score': 1.0517548206655376}, {'position': 2, 'category': 'backend', 'score': -0.9474872534623857}, {'position': 3, 'category': 'cloud', 'score': -1.666485171924815}, {'position': 4, 'category': 'frontend', 'score': -1.7190289235040574}]",,1,481,481,datascience,aceptada,False,False,False
f7e38356-eb4e-42a0-8aed-b6f0b74a9337,482,2026-08-06T03:16:41.238+00:00,str,how we scaled to 1 million connections and the silent kernel bug that almost broke it how we scaled to 1 million connections and the silent kernel bug that almost broke it no crashes. no errors. just connections that vanished until we found where the kernel was hiding.,269,48,True,Inferencia completada.,aceptada,backend,cloud,1.0205757064021066,-0.7489492363477082,1.7695249427498148,Media,33,Predicción automática con monitoreo,False,True,[],"[{'position': 1, 'category': 'backend', 'score': 1.0205757064021066}, {'position': 2, 'category': 'cloud', 'score': -0.7489492363477082}, {'position': 3, 'category': 'datascience', 'score': -1.4415838748020695}, {'position': 4, 'category': 'frontend', 'score': -1.6308796634941478}]",,1,482,482,backend,aceptada,False,False,False
f7e38356-eb4e-42a0-8aed-b6f0b74a9337,483,2026-08-06T03:16:41.238+00:00,str,how collaborative filtering recommends from ratings alone how collaborative filtering recommends from ratings alone here is the thing that still feels a little magical to me about recommender systems: a good one can.,216,33,True,Inferencia completada.,revision,backend,frontend,-0.45882780343014723,-0.704520206162045,0.2456924027318978,Crítica,30,Revisión humana prioritaria,True,True,['Las dos categorías principales tienen puntuaciones muy cercanas.'],"[{'position': 1, 'category': 'backend', 'score': -0.45882780343014723}, {'position': 2, 'category': 'frontend', 'score': -0.704520206162045}, {'position': 3, 'category': 'datascience', 'score': -0.7840153244602939}, {'position': 4, 'category': 'cloud', 'score': -0.953878549739489}]",,1,483,483,backend,revision,False,True,False
f7e38356-eb4e-42a0-8aed-b6f0b74a9337,484,2026-08-06T03:16:41.238+00:00,str,state colocation is not a preference it is an architecture state colocation is not a preference it is an architecture the first question i ask when reviewing a frontend architecture is: where does the state live.,212,36,True,Inferencia completada.,aceptada,frontend,backend,0.46245318694003024,-0.43472282286980357,0.8971760098098338,Media,32,Predicción automática con monitoreo,False,True,[],"[{'position': 1, 'category': 'frontend', 'score': 0.46245318694003024}, {'position': 2, 'category': 'backend', 'score': -0.43472282286980357}, {'position': 3, 'category': 'cloud', 'score': -1.1560867429931458}, {'position': 4, 'category': 'datascience', 'score': -1.2211911302482945}]",,1,484,484,frontend,aceptada,False,False,False
f7e38356-eb4e-42a0-8aed-b6f0b74a9337,485,2026-08-06T03:16:41.238+00:00,str,unlocking the potential of it services for business growth unlocking the potential of it services for business growth unlocking the potential of it services for business growth in today s fast-paced digital. the potential of it services for business growth the potential of it services for business growth,305,48,True,Inferencia completada.,revision,datascience,cloud,-0.41840126800882477,-0.44443206484215697,0.026030796833332204,Crítica,25,Revisión humana prioritaria,True,True,['Las dos categorías principales tienen puntuaciones muy cercanas.'],"[{'position': 1, 'category': 'datascience', 'score': -0.41840126800882477}, {'position': 2, 'category': 'cloud', 'score': -0.44443206484215697}, {'position': 3, 'category': 'backend', 'score': -0.6563746667218777}, {'position': 4, 'category': 'frontend', 'score': -1.145384187056003}]",,1,485,485,datascience,revision,False,True,False
f7e38356-eb4e-42a0-8aed-b6f0b74a9337,486,2026-08-06T03:16:41.238+00:00,str,why kubernetes became apt groups favorite entry point why kubernetes became apt groups favorite entry point kubernetes made shipping easier. it did not make security easier. kubernetes solved a real.,199,30,True,Inferencia completada.,aceptada,cloud,frontend,1.1727525289127927,-0.8505581773139798,2.0233107062267726,Alta,21,Predicción automática,False,True,[],"[{'position': 1, 'category': 'cloud', 'score': 1.1727525289127927}, {'position': 2, 'category': 'frontend', 'score': -0.8505581773139798}, {'position': 3, 'category': 'datascience', 'score': -1.4140265524296947}, {'position': 4, 'category': 'backend', 'score': -1.6724357964312355}]",,1,486,486,cloud,aceptada,False,False,False
f7e38356-eb4e-42a0-8aed-b6f0b74a9337,487,2026-08-06T03:16:41.238+00:00,str,weekend front-end design challenge weekend front-end design challenge here we have an html file that needs to be visually revamped of course without damaging the.,162,25,True,Inferencia completada.,aceptada,frontend,backend,0.7914455939101729,-0.6265959766348606,1.4180415705450335,Media,23,Predicción automática con monitoreo,False,True,[],"[{'position': 1, 'category': 'frontend', 'score': 0.7914455939101729}, {'position': 2, 'category': 'backend', 'score': -0.6265959766348606}, {'position': 3, 'category': 'cloud', 'score': -1.0217712921101691}, {'position': 4, 'category': 'datascience', 'score': -2.129029746555627}]",,1,487,487,frontend,aceptada,False,False,False
f7e38356-eb4e-42a0-8aed-b6f0b74a9337,488,2026-08-06T03:16:41.238+00:00,str,a practical beginner-friendly git workflow for collaborative data science projects a practical beginner-friendly git workflow for collaborative data science projects a practical beginner-friendly git workflow for collaborative data science projects git git,256,32,True,Inferencia completada.,revision,frontend,datascience,0.6180901953834129,0.42492934012281625,0.19316085526059668,Crítica,15,Revisión humana prioritaria,True,True,"['Cobertura reducida del vocabulario.', 'Las dos categorías principales tienen puntuaciones muy cercanas.']","[{'position': 1, 'category': 'frontend', 'score': 0.6180901953834129}, {'position': 2, 'category': 'datascience', 'score': 0.42492934012281625}, {'position': 3, 'category': 'cloud', 'score': -1.8500835952875208}, {'position': 4, 'category': 'backend', 'score': -2.3297476984531555}]",,1,488,488,frontend,revision,False,True,True
f7e38356-eb4e-42a0-8aed-b6f0b74a9337,489,2026-08-06T03:16:41.238+00:00,str,model context protocol mcp for developers: from figma design to code in minutes model context protocol mcp for developers: from figma design to code in minutes if you ve watched developers build an entire react page from a figma design in minutes you ve. figma minutes figma minutes,282,48,True,Inferencia completada.,aceptada,frontend,datascience,0.9305222792171556,-0.9604431500799281,1.8909654292970837,Alta,36,Predicción automática,False,True,[],"[{'position': 1, 'category': 'frontend', 'score': 0.9305222792171556}, {'position': 2, 'category': 'datascience', 'score': -0.9604431500799281}, {'position': 3, 'category': 'backend', 'score': -1.0494278752436348}, {'position': 4, 'category': 'cloud', 'score': -1.9289796110112198}]",,1,489,489,frontend,aceptada,False,False,False
f7e38356-eb4e-42a0-8aed-b6f0b74a9337,490,2026-08-06T03:16:41.238+00:00,str,defeating webhook storms: idempotency in laravel defeating webhook storms: idempotency in laravel the double-billing nightmare when integrating with enterprise payment processors like stripe or. stripe stripe,208,26,True,Inferencia completada.,aceptada,backend,datascience,2.6407756571231658,-1.7322893004658495,4.3730649575890155,Muy alta,17,Predicción automática,False,True,[],"[{'position': 1, 'category': 'backend', 'score': 2.6407756571231658}, {'position': 2, 'category': 'datascience', 'score': -1.7322893004658495}, {'position': 3, 'category': 'cloud', 'score': -1.8040704132482919}, {'position': 4, 'category': 'frontend', 'score': -2.2340430284272728}]",,1,490,490,backend,aceptada,False,False,False
f7e38356-eb4e-42a0-8aed-b6f0b74a9337,491,2026-08-06T03:16:41.238+00:00,str,why wait steps behave differently inside while loops why wait steps behave differently inside while loops using wait steps in unmeshed: handling delays inside while loops waiting whether for a.,193,30,True,Inferencia completada.,revision,backend,frontend,0.12597095639241218,-0.6317203623326955,0.7576913187251076,Baja,16,Revisión humana recomendada,True,True,['El margen de decisión es reducido.'],"[{'position': 1, 'category': 'backend', 'score': 0.12597095639241218}, {'position': 2, 'category': 'frontend', 'score': -0.6317203623326955}, {'position': 3, 'category': 'cloud', 'score': -0.7140868923556671}, {'position': 4, 'category': 'datascience', 'score': -1.062700880129541}]",,1,491,491,backend,revision,False,True,False
f7e38356-eb4e-42a0-8aed-b6f0b74a9337,492,2026-08-06T03:16:41.238+00:00,str,preventing overselling with stock reservation and select_for_update in django preventing overselling with stock reservation and select_for_update in django picture two users checking out the same product with only one unit left in stock at nearly the same.,256,37,True,Inferencia completada.,aceptada,backend,frontend,0.3115655464804655,-0.8241778294010922,1.1357433758815576,Media,25,Predicción automática con monitoreo,False,True,[],"[{'position': 1, 'category': 'backend', 'score': 0.3115655464804655}, {'position': 2, 'category': 'frontend', 'score': -0.8241778294010922}, {'position': 3, 'category': 'cloud', 'score': -1.0770186839970675}, {'position': 4, 'category': 'datascience', 'score': -1.1648330800801696}]",,1,492,492,backend,aceptada,False,False,False
f7e38356-eb4e-42a0-8aed-b6f0b74a9337,493,2026-08-06T03:16:41.238+00:00,str,common problems in ai-generated frontend code and how to avoid them common problems in ai-generated frontend code and how to avoid them over the last year i ve reviewed about a dozen projects where ai was used heavily in development. about a dozen ai the last year about a dozen ai the last year,295,54,True,Inferencia completada.,revision,frontend,datascience,0.17483788876865491,-0.4704159285951778,0.6452538173638327,Baja,41,Revisión humana recomendada,True,True,['El margen de decisión es reducido.'],"[{'position': 1, 'category': 'frontend', 'score': 0.17483788876865491}, {'position': 2, 'category': 'datascience', 'score': -0.4704159285951778}, {'position': 3, 'category': 'backend', 'score': -1.050142640090918}, {'position': 4, 'category': 'cloud', 'score': -1.1924842240596183}]",,1,493,493,frontend,revision,False,True,False
f7e38356-eb4e-42a0-8aed-b6f0b74a9337,494,2026-08-06T03:16:41.238+00:00,str,how i split my livestream archive at shiftbloom studio how i split my livestream archive at shiftbloom studio with shiftbloom studio. i build tools and projects about a variety of experimental approaches to.,207,33,True,Inferencia completada.,revision,frontend,backend,-0.2890521557619328,-0.590557234865211,0.3015050791032781,Baja,23,Revisión humana recomendada,True,True,['El margen de decisión es reducido.'],"[{'position': 1, 'category': 'frontend', 'score': -0.2890521557619328}, {'position': 2, 'category': 'backend', 'score': -0.590557234865211}, {'position': 3, 'category': 'cloud', 'score': -0.6991740120353168}, {'position': 4, 'category': 'datascience', 'score': -1.2861730215485943}]",,1,494,494,frontend,revision,False,True,False
f7e38356-eb4e-42a0-8aed-b6f0b74a9337,495,2026-08-06T03:16:41.238+00:00,str,your pipeline is 23.5h behind: catching machine learning sentiment leads with pulsebit your pipeline is 23.5h behind: catching machine learning sentiment leads with pulsebit your pipeline is 23.5h behind: catching machine learning sentiment leads with pulsebit we. 23.5h 23.5h,276,39,True,Inferencia completada.,aceptada,datascience,frontend,2.2635402596559153,-1.6817125434970195,3.945252803152935,Muy alta,26,Predicción automática,False,True,[],"[{'position': 1, 'category': 'datascience', 'score': 2.2635402596559153}, {'position': 2, 'category': 'frontend', 'score': -1.6817125434970195}, {'position': 3, 'category': 'backend', 'score': -1.820669794421173}, {'position': 4, 'category': 'cloud', 'score': -2.0165426462076512}]",,1,495,495,datascience,aceptada,False,False,False
f7e38356-eb4e-42a0-8aed-b6f0b74a9337,496,2026-08-06T03:16:41.238+00:00,str,meta-analysis: subgroup analysis meta-analysis: subgroup analysis adapted from an appendix of my ms thesis. subgroup analysis outlier and influence. outlier outlier,164,21,True,Inferencia completada.,aceptada,datascience,cloud,2.6481206974933027,-1.5853062310278403,4.233426928521143,Muy alta,19,Predicción automática,False,True,[],"[{'position': 1, 'category': 'datascience', 'score': 2.6481206974933027}, {'position': 2, 'category': 'cloud', 'score': -1.5853062310278403}, {'position': 3, 'category': 'backend', 'score': -1.8713107812622773}, {'position': 4, 'category': 'frontend', 'score': -2.0300522595773165}]",,1,496,496,datascience,aceptada,False,False,False
f7e38356-eb4e-42a0-8aed-b6f0b74a9337,497,2026-08-06T03:16:41.238+00:00,str,your microservices aren t microservices your microservices aren t microservices you split your monolith into 12 services. you re doing microservices now. except every service calls.,181,26,True,Inferencia completada.,aceptada,backend,datascience,1.1197863530518553,-0.8488822346158459,1.9686685876677013,Alta,18,Predicción automática,False,True,[],"[{'position': 1, 'category': 'backend', 'score': 1.1197863530518553}, {'position': 2, 'category': 'datascience', 'score': -0.8488822346158459}, {'position': 3, 'category': 'cloud', 'score': -1.5012496542261022}, {'position': 4, 'category': 'frontend', 'score': -2.1617203561144818}]",,1,497,497,backend,aceptada,False,False,False
f7e38356-eb4e-42a0-8aed-b6f0b74a9337,498,2026-08-06T03:16:41.238+00:00,str,julius ai vs chatgpt for data analysis: i tested both for a month 2026 julius ai vs chatgpt for data analysis: i tested both for a month 2026 julius ai vs chatgpt for data analysis: i tested both for a month 2026 i ve been burnt. a month julius a month julius,259,52,True,Inferencia completada.,aceptada,datascience,cloud,1.0514410870041204,-1.0335598178657583,2.0850009048698785,Alta,23,Predicción automática,False,True,[],"[{'position': 1, 'category': 'datascience', 'score': 1.0514410870041204}, {'position': 2, 'category': 'cloud', 'score': -1.0335598178657583}, {'position': 3, 'category': 'frontend', 'score': -1.3602445458772934}, {'position': 4, 'category': 'backend', 'score': -1.4954432097766164}]",,1,498,498,datascience,aceptada,False,False,False
f7e38356-eb4e-42a0-8aed-b6f0b74a9337,499,2026-08-06T03:16:41.238+00:00,str,building a resilient data ingestion pipeline with streaming backpressure in python building a resilient data ingestion pipeline with streaming backpressure in python building a resilient data ingestion pipeline with streaming backpressure in python,248,33,True,Inferencia completada.,revision,frontend,datascience,0.2802053975467249,-0.39015613445493297,0.6703615320016578,Baja,19,Revisión humana recomendada,True,True,['El margen de decisión es reducido.'],"[{'position': 1, 'category': 'frontend', 'score': 0.2802053975467249}, {'position': 2, 'category': 'datascience', 'score': -0.39015613445493297}, {'position': 3, 'category': 'backend', 'score': -0.8909096183915576}, {'position': 4, 'category': 'cloud', 'score': -2.0421946422380626}]",,1,499,499,frontend,revision,False,True,False
2e24d8fd-cb2b-4cab-b508-57f343fc6069,0,2026-08-06T03:16:41.521+00:00,str,us cloud database and dbaas market to grow from 6.8 billion in 2025 to 33.1 billion by 2035 driven by cybersecurity and compliance challenges us cloud database and dbaas market to grow from 6.8 billion in 2025 to 33.1 billion by 2035 driven by cybersecurity and compliance challenges us cloud database and dbaas market was valued at 6.8 billion in 2025 and is expected to grow to. $6.8 billion cloud database $6.8 billion cloud database,436,75,True,Inferencia completada.,aceptada,cloud,datascience,0.30958799145595195,-0.6176656847947547,0.9272536762507066,Media,25,Predicción automática con monitoreo,False,True,[],"[{'position': 1, 'category': 'cloud', 'score': 0.30958799145595195}, {'position': 2, 'category': 'datascience', 'score': -0.6176656847947547}, {'position': 3, 'category': 'backend', 'score': -0.9372726942397287}, {'position': 4, 'category': 'frontend', 'score': -1.8730262291050281}]",,2,0,500,cloud,aceptada,False,False,False
2e24d8fd-cb2b-4cab-b508-57f343fc6069,1,2026-08-06T03:16:41.521+00:00,str,best software development company in india custom it solutions best software development company in india custom it solutions best software development company in india is a common search for businesses looking to build. india india,232,35,True,Inferencia completada.,revision,backend,cloud,-0.1380226728309787,-0.5396834377665476,0.4016607649355689,Baja,28,Revisión humana recomendada,True,True,['El margen de decisión es reducido.'],"[{'position': 1, 'category': 'backend', 'score': -0.1380226728309787}, {'position': 2, 'category': 'cloud', 'score': -0.5396834377665476}, {'position': 3, 'category': 'frontend', 'score': -0.9418774052212477}, {'position': 4, 'category': 'datascience', 'score': -0.9976083155844333}]",,2,1,501,backend,revision,False,True,False
2e24d8fd-cb2b-4cab-b508-57f343fc6069,2,2026-08-06T03:16:41.521+00:00,str,why hycu backup matters for enterprise data protection why hycu backup matters for enterprise data protection why hycu backup matters for enterprise data protection what makes hycu.,181,27,True,Inferencia completada.,aceptada,cloud,datascience,0.8096354971517797,-0.6783917056349257,1.4880272027867054,Media,17,Predicción automática con monitoreo,False,True,[],"[{'position': 1, 'category': 'cloud', 'score': 0.8096354971517797}, {'position': 2, 'category': 'datascience', 'score': -0.6783917056349257}, {'position': 3, 'category': 'frontend', 'score': -1.3773452925859544}, {'position': 4, 'category': 'backend', 'score': -1.5466727023582483}]",,2,2,502,cloud,aceptada,False,False,False
2e24d8fd-cb2b-4cab-b508-57f343fc6069,3,2026-08-06T03:16:41.521+00:00,str,why i m starting to build in public as a devops engineer why i m starting to build in public as a devops engineer hello dev community this is my first post here so i thought i d start with a simple introduction.,211,43,True,Inferencia completada.,aceptada,backend,cloud,0.6115214143062723,-0.21353747800131062,0.8250588923075829,Media,47,Predicción automática con monitoreo,False,True,[],"[{'position': 1, 'category': 'backend', 'score': 0.6115214143062723}, {'position': 2, 'category': 'cloud', 'score': -0.21353747800131062}, {'position': 3, 'category': 'frontend', 'score': -1.3657734503403307}, {'position': 4, 'category': 'datascience', 'score': -1.4860114919929361}]",,2,3,503,backend,aceptada,False,False,False
2e24d8fd-cb2b-4cab-b508-57f343fc6069,4,2026-08-06T03:16:41.521+00:00,str,best free cloud storage options for students in 2023 best free cloud storage options for students in 2023 are you looking into best free cloud storage options for students in 20 here s a quick overview of.,205,37,True,Inferencia completada.,aceptada,cloud,datascience,2.332401353938031,-1.4792582986480889,3.81165965258612,Muy alta,38,Predicción automática,False,True,[],"[{'position': 1, 'category': 'cloud', 'score': 2.332401353938031}, {'position': 2, 'category': 'datascience', 'score': -1.4792582986480889}, {'position': 3, 'category': 'frontend', 'score': -1.6544725421721966}, {'position': 4, 'category': 'backend', 'score': -2.0631353570399233}]",,2,4,504,cloud,aceptada,False,False,False
2e24d8fd-cb2b-4cab-b508-57f343fc6069,5,2026-08-06T03:16:41.521+00:00,str,from crawler chaos to official api: how we rebuilt our cross-border e-commerce backend from crawler chaos to official api: how we rebuilt our cross-border e-commerce backend three years ago i took over the backend of a cross-border proxy purchasing saas called taocarts and. taocarts three years ago taocarts three years ago,324,51,True,Inferencia completada.,aceptada,backend,frontend,0.7801779317078786,-1.090083571616819,1.8702615033246976,Alta,36,Predicción automática,False,True,[],"[{'position': 1, 'category': 'backend', 'score': 0.7801779317078786}, {'position': 2, 'category': 'frontend', 'score': -1.090083571616819}, {'position': 3, 'category': 'datascience', 'score': -1.2664441042853332}, {'position': 4, 'category': 'cloud', 'score': -1.4365310714068302}]",,2,5,505,backend,aceptada,False,False,False
2e24d8fd-cb2b-4cab-b508-57f343fc6069,6,2026-08-06T03:16:41.521+00:00,str,day 117 of learning mern stack day 117 of learning mern stack hello dev community it is officially day 117 of my software engineering marathon today i.,151,27,True,Inferencia completada.,aceptada,frontend,backend,1.2769363319474247,-0.7332518229793044,2.010188154926729,Alta,34,Predicción automática,False,True,[],"[{'position': 1, 'category': 'frontend', 'score': 1.2769363319474247}, {'position': 2, 'category': 'backend', 'score': -0.7332518229793044}, {'position': 3, 'category': 'cloud', 'score': -1.198236390958944}, {'position': 4, 'category': 'datascience', 'score': -1.598270506758665}]",,2,6,506,frontend,aceptada,False,False,False
2e24d8fd-cb2b-4cab-b508-57f343fc6069,7,2026-08-06T03:16:41.521+00:00,str,render review: the heroku successor that won the indie backend in 2026 render review: the heroku successor that won the indie backend in 2026 i moved three side projects and one production api to render over two months. here s the honest take on git-push deploys managed postgres cold starts and where render beats fly.io and railway plus the egress and storage costs nobody mentions. two months api railway render postgres two months api railway render postgres,462,77,True,Inferencia completada.,revision,cloud,backend,1.0628066261313478,0.2610112366609093,0.8017953894704385,Baja,59,Revisión humana recomendada,True,True,['El margen de decisión es reducido.'],"[{'position': 1, 'category': 'cloud', 'score': 1.0628066261313478}, {'position': 2, 'category': 'backend', 'score': 0.2610112366609093}, {'position': 3, 'category': 'datascience', 'score': -1.6382147724319038}, {'position': 4, 'category': 'frontend', 'score': -2.4620484045851065}]",,2,7,507,cloud,revision,False,True,False
2e24d8fd-cb2b-4cab-b508-57f343fc6069,8,2026-08-06T03:16:41.521+00:00,str,"aws daily digest july 10 2026 aws daily digest july 10 2026 aws daily digest july 10 2026 auto-generated groq llama 3.3 70b free groq llama 3.3 july 10, 2026 auto-generated groq llama 3.3 july 10, 2026 auto-generated",216,38,True,Inferencia completada.,aceptada,cloud,datascience,1.6942474604678779,-1.2328444134634038,2.927091873931282,Alta,25,Predicción automática,False,True,[],"[{'position': 1, 'category': 'cloud', 'score': 1.6942474604678779}, {'position': 2, 'category': 'datascience', 'score': -1.2328444134634038}, {'position': 3, 'category': 'frontend', 'score': -1.6101224889736985}, {'position': 4, 'category': 'backend', 'score': -1.705625594258442}]",,2,8,508,cloud,aceptada,False,False,False
2e24d8fd-cb2b-4cab-b508-57f343fc6069,9,2026-08-06T03:16:41.521+00:00,str,database internals: how data is stored in pages database internals: how data is stored in pages quick answer: databases don t just dump raw rows onto a disk sequentially. instead they chunk data.,195,33,True,Inferencia completada.,aceptada,datascience,backend,0.7735698180924047,-0.2667719861002734,1.040341804192678,Media,28,Predicción automática con monitoreo,False,True,[],"[{'position': 1, 'category': 'datascience', 'score': 0.7735698180924047}, {'position': 2, 'category': 'backend', 'score': -0.2667719861002734}, {'position': 3, 'category': 'frontend', 'score': -1.4547783709431257}, {'position': 4, 'category': 'cloud', 'score': -1.9353833361906578}]",,2,9,509,datascience,aceptada,False,False,False
2e24d8fd-cb2b-4cab-b508-57f343fc6069,10,2026-08-06T03:16:41.521+00:00,str,idempotent signup emails in node.js apis idempotent signup emails in node.js apis signup email bugs are rarely caused by smtp alone. in most backend systems the real problem is that. smtp smtp,192,32,True,Inferencia completada.,aceptada,backend,datascience,1.8902295294765588,-1.5282714222792166,3.4185009517557754,Muy alta,32,Predicción automática,False,True,[],"[{'position': 1, 'category': 'backend', 'score': 1.8902295294765588}, {'position': 2, 'category': 'datascience', 'score': -1.5282714222792166}, {'position': 3, 'category': 'cloud', 'score': -1.595724422615052}, {'position': 4, 'category': 'frontend', 'score': -1.7871490324445674}]",,2,10,510,backend,aceptada,False,False,False
2e24d8fd-cb2b-4cab-b508-57f343fc6069,11,2026-08-06T03:16:41.521+00:00,str,building a self-healing data pipeline with event-driven idempotence building a self-healing data pipeline with event-driven idempotence building a self-healing data pipeline with event-driven idempotence building a.,215,26,True,Inferencia completada.,revision,datascience,frontend,0.015927205681518286,-0.12528451659789314,0.14121172227941142,Crítica,11,Revisión humana prioritaria,True,True,"['Cobertura reducida del vocabulario.', 'Las dos categorías principales tienen puntuaciones muy cercanas.']","[{'position': 1, 'category': 'datascience', 'score': 0.015927205681518286}, {'position': 2, 'category': 'frontend', 'score': -0.12528451659789314}, {'position': 3, 'category': 'backend', 'score': -1.0900328205864214}, {'position': 4, 'category': 'cloud', 'score': -1.5644321038740643}]",,2,11,511,datascience,revision,False,True,True
2e24d8fd-cb2b-4cab-b508-57f343fc6069,12,2026-08-06T03:16:41.521+00:00,str,your pipeline is 27.8h behind: catching music sentiment leads with pulsebit your pipeline is 27.8h behind: catching music sentiment leads with pulsebit your model has missed a significant 24-hour momentum spike of +0.377 in the music sentiment space.,250,38,True,Inferencia completada.,aceptada,datascience,frontend,1.4375598801363436,-1.3314280902671802,2.768987970403524,Alta,42,Predicción automática,False,True,[],"[{'position': 1, 'category': 'datascience', 'score': 1.4375598801363436}, {'position': 2, 'category': 'frontend', 'score': -1.3314280902671802}, {'position': 3, 'category': 'backend', 'score': -1.5123120396254128}, {'position': 4, 'category': 'cloud', 'score': -1.5900068256376843}]",,2,12,512,datascience,aceptada,False,False,False
2e24d8fd-cb2b-4cab-b508-57f343fc6069,13,2026-08-06T03:16:41.521+00:00,str,federated data architectures: accountability without authority federated data architectures: accountability without authority david ohnstad explains why federated data architectures create accountability gaps for pms. learn how schema enforcement and governance prevent revenue att david ohnstad learn david ohnstad learn,321,39,True,Inferencia completada.,aceptada,datascience,backend,1.1250160475319329,-0.9769267235563383,2.101942771088271,Alta,26,Predicción automática,False,True,[],"[{'position': 1, 'category': 'datascience', 'score': 1.1250160475319329}, {'position': 2, 'category': 'backend', 'score': -0.9769267235563383}, {'position': 3, 'category': 'frontend', 'score': -1.40801281743309}, {'position': 4, 'category': 'cloud', 'score': -1.4302972902913509}]",,2,13,513,datascience,aceptada,False,False,False
2e24d8fd-cb2b-4cab-b508-57f343fc6069,14,2026-08-06T03:16:41.521+00:00,str,the shift to the cloud: how distributed databases are powering the modern internet the shift to the cloud: how distributed databases are powering the modern internet every time you refresh a social media feed check a bank balance or add an item to a shopping cart,263,46,True,Inferencia completada.,aceptada,cloud,backend,1.1043769079067474,-1.065072649377834,2.1694495572845813,Alta,40,Predicción automática,False,True,[],"[{'position': 1, 'category': 'cloud', 'score': 1.1043769079067474}, {'position': 2, 'category': 'backend', 'score': -1.065072649377834}, {'position': 3, 'category': 'datascience', 'score': -1.3852441635176178}, {'position': 4, 'category': 'frontend', 'score': -1.712441284705434}]",,2,14,514,cloud,aceptada,False,False,False
2e24d8fd-cb2b-4cab-b508-57f343fc6069,15,2026-08-06T03:16:41.521+00:00,str,bootstrap 5 grid system: the complete guide for 2026 bootstrap 5 grid system: the complete guide for 2026 i ve been using bootstrap s grid system since version 3. watched it evolve from a 12-column. bootstrap bootstrap,218,37,True,Inferencia completada.,revision,frontend,cloud,-0.2165072753788032,-0.3685932485580277,0.1520859731792245,Crítica,31,Revisión humana prioritaria,True,True,['Las dos categorías principales tienen puntuaciones muy cercanas.'],"[{'position': 1, 'category': 'frontend', 'score': -0.2165072753788032}, {'position': 2, 'category': 'cloud', 'score': -0.3685932485580277}, {'position': 3, 'category': 'datascience', 'score': -0.9936860913079398}, {'position': 4, 'category': 'backend', 'score': -1.0841520369225042}]",,2,15,515,frontend,revision,False,True,False
2e24d8fd-cb2b-4cab-b508-57f343fc6069,16,2026-08-06T03:16:41.521+00:00,str,angular signals and zoneless change detection: building reactive applications without zone.js angular signals and zoneless change detection: building reactive applications without zone.js angular signals and zoneless change detection: building reactive applications without.,274,32,True,Inferencia completada.,revision,frontend,cloud,1.8045950164667501,-1.2655726338975124,3.0701676503642625,Alta,15,Revisión humana recomendada,True,True,['Cobertura reducida del vocabulario.'],"[{'position': 1, 'category': 'frontend', 'score': 1.8045950164667501}, {'position': 2, 'category': 'cloud', 'score': -1.2655726338975124}, {'position': 3, 'category': 'datascience', 'score': -1.4083888569471346}, {'position': 4, 'category': 'backend', 'score': -1.7903032110243027}]",,2,16,516,frontend,revision,False,False,True
2e24d8fd-cb2b-4cab-b508-57f343fc6069,17,2026-08-06T03:16:41.521+00:00,str,"the 61 wimbledon prediction: how a neural network saw arthur fery coming the 61 wimbledon prediction: how a neural network saw arthur fery coming nothing in the data explains it. that s what the guardian wrote on july 8th 2026 about arthur. arthur guardian july 8th, 2026 arthur guardian july 8th, 2026",302,52,True,Inferencia completada.,aceptada,datascience,cloud,0.8393521614795807,-0.7350862837017387,1.5744384451813194,Media,32,Predicción automática con monitoreo,False,True,[],"[{'position': 1, 'category': 'datascience', 'score': 0.8393521614795807}, {'position': 2, 'category': 'cloud', 'score': -0.7350862837017387}, {'position': 3, 'category': 'backend', 'score': -0.8112005684805911}, {'position': 4, 'category': 'frontend', 'score': -2.010198926958065}]",,2,17,517,datascience,aceptada,False,False,False
2e24d8fd-cb2b-4cab-b508-57f343fc6069,18,2026-08-06T03:16:41.521+00:00,str,understanding relationship schemas and joins in power bi understanding relationship schemas and joins in power bi introduction power bi is a powerful business analytics and visualisation platform used to.,204,29,True,Inferencia completada.,aceptada,datascience,cloud,1.7703819901935747,-1.1894006299916056,2.9597826201851802,Alta,30,Predicción automática,False,True,[],"[{'position': 1, 'category': 'datascience', 'score': 1.7703819901935747}, {'position': 2, 'category': 'cloud', 'score': -1.1894006299916056}, {'position': 3, 'category': 'frontend', 'score': -1.6507285648627446}, {'position': 4, 'category': 'backend', 'score': -1.7614917129884466}]",,2,18,518,datascience,aceptada,False,False,False
2e24d8fd-cb2b-4cab-b508-57f343fc6069,19,2026-08-06T03:16:41.521+00:00,str,how to merge docx files using node.js rest api how to merge docx files using node.js rest api merging multiple word documents into a single file can be surprisingly tedious if you re not using. word word,203,37,True,Inferencia completada.,aceptada,cloud,backend,1.128876145324044,-0.9308488843454296,2.0597250296694734,Alta,36,Predicción automática,False,True,[],"[{'position': 1, 'category': 'cloud', 'score': 1.128876145324044}, {'position': 2, 'category': 'backend', 'score': -0.9308488843454296}, {'position': 3, 'category': 'datascience', 'score': -1.2147915068734512}, {'position': 4, 'category': 'frontend', 'score': -2.1105590442220032}]",,2,19,519,cloud,aceptada,False,False,False
2e24d8fd-cb2b-4cab-b508-57f343fc6069,20,2026-08-06T03:16:41.521+00:00,str,push vs pull: a decision about where complexity lives push vs pull: a decision about where complexity lives most engineers think push is more advanced than pull. it s an easy conclusion to reach. after. push push,212,37,True,Inferencia completada.,revision,backend,cloud,-0.10821693143743716,-0.5945357586582904,0.4863188272208533,Baja,27,Revisión humana recomendada,True,True,['El margen de decisión es reducido.'],"[{'position': 1, 'category': 'backend', 'score': -0.10821693143743716}, {'position': 2, 'category': 'cloud', 'score': -0.5945357586582904}, {'position': 3, 'category': 'frontend', 'score': -0.8648786234457871}, {'position': 4, 'category': 'datascience', 'score': -1.181763385842709}]",,2,20,520,backend,revision,False,True,False
2e24d8fd-cb2b-4cab-b508-57f343fc6069,21,2026-08-06T03:16:41.521+00:00,str,your pipeline is 12.8h behind: catching sustainability sentiment leads with pulsebit your pipeline is 12.8h behind: catching sustainability sentiment leads with pulsebit your pipeline is 12.8h behind: catching sustainability sentiment leads with pulsebit we.,258,34,True,Inferencia completada.,aceptada,datascience,frontend,2.232967091166716,-1.6107910406356076,3.8437581318023235,Muy alta,21,Predicción automática,False,True,[],"[{'position': 1, 'category': 'datascience', 'score': 2.232967091166716}, {'position': 2, 'category': 'frontend', 'score': -1.6107910406356076}, {'position': 3, 'category': 'backend', 'score': -1.656615485133242}, {'position': 4, 'category': 'cloud', 'score': -2.2038518593107685}]",,2,21,521,datascience,aceptada,False,False,False
2e24d8fd-cb2b-4cab-b508-57f343fc6069,22,2026-08-06T03:16:41.521+00:00,str,a domain exception hierarchy in php that maps cleanly to http a domain exception hierarchy in php that maps cleanly to http throw domain exceptions that know nothing about http. map them to status codes in one place at the edge. the whole pattern in php 8.3. http php 8.3 http php 8.3,284,53,True,Inferencia completada.,aceptada,backend,cloud,1.4764201691497467,-1.1814659398777654,2.657886109027512,Alta,36,Predicción automática,False,True,[],"[{'position': 1, 'category': 'backend', 'score': 1.4764201691497467}, {'position': 2, 'category': 'cloud', 'score': -1.1814659398777654}, {'position': 3, 'category': 'datascience', 'score': -1.584766134196293}, {'position': 4, 'category': 'frontend', 'score': -1.6898332903803728}]",,2,22,522,backend,aceptada,False,False,False
2e24d8fd-cb2b-4cab-b508-57f343fc6069,23,2026-08-06T03:16:41.521+00:00,str,the five problems hiding inside every admin table and what to do about them the five problems hiding inside every admin table and what to do about them an admin table looks like one component. by the time you ve shipped five it s a system,238,46,True,Inferencia completada.,revision,frontend,backend,0.21319252072705142,-0.41561310173668314,0.6288056224637346,Baja,47,Revisión humana recomendada,True,True,['El margen de decisión es reducido.'],"[{'position': 1, 'category': 'frontend', 'score': 0.21319252072705142}, {'position': 2, 'category': 'backend', 'score': -0.41561310173668314}, {'position': 3, 'category': 'datascience', 'score': -1.1809674820194802}, {'position': 4, 'category': 'cloud', 'score': -1.4501724980304491}]",,2,23,523,frontend,revision,False,True,False
2e24d8fd-cb2b-4cab-b508-57f343fc6069,24,2026-08-06T03:16:41.521+00:00,str,"the hidden roi of cloud security hygiene the hidden roi of cloud security hygiene we regularly find 5 000 to 10 000 per month in abandoned infrastructure during our first few weeks. $5,000 to $10,000 our first few weeks $5,000 to $10,000 our first few weeks",257,46,True,Inferencia completada.,aceptada,cloud,backend,1.0416242909509776,-0.6752755545758836,1.7168998455268611,Media,30,Predicción automática con monitoreo,False,True,[],"[{'position': 1, 'category': 'cloud', 'score': 1.0416242909509776}, {'position': 2, 'category': 'backend', 'score': -0.6752755545758836}, {'position': 3, 'category': 'datascience', 'score': -1.4736396922418042}, {'position': 4, 'category': 'frontend', 'score': -1.498059627939515}]",,2,24,524,cloud,aceptada,False,False,False
2e24d8fd-cb2b-4cab-b508-57f343fc6069,25,2026-08-06T03:16:41.521+00:00,str,operators in javascript operators in javascript operators javascript operators are symbols used to perform operations on values and. javascript javascript,154,20,True,Inferencia completada.,aceptada,frontend,backend,1.4731752099407718,-1.4313627734071002,2.904537983347872,Alta,16,Predicción automática,False,True,[],"[{'position': 1, 'category': 'frontend', 'score': 1.4731752099407718}, {'position': 2, 'category': 'backend', 'score': -1.4313627734071002}, {'position': 3, 'category': 'cloud', 'score': -1.4430688753820358}, {'position': 4, 'category': 'datascience', 'score': -2.0076646690253694}]",,2,25,525,frontend,aceptada,False,False,False
2e24d8fd-cb2b-4cab-b508-57f343fc6069,26,2026-08-06T03:16:41.521+00:00,str,how a javascript pivot table can handle 10 million rows in the browser how a javascript pivot table can handle 10 million rows in the browser a technical look at browser-local pivot table performance columnar ingestion web workers typedarrays and the caveats behind a 10m-row benchmark. web workers 10m-row typedarrays web workers 10m-row typedarrays,350,54,True,Inferencia completada.,aceptada,frontend,datascience,1.0686807989244933,-0.9760927940867583,2.044773593011252,Alta,34,Predicción automática,False,True,[],"[{'position': 1, 'category': 'frontend', 'score': 1.0686807989244933}, {'position': 2, 'category': 'datascience', 'score': -0.9760927940867583}, {'position': 3, 'category': 'backend', 'score': -1.0119988382484286}, {'position': 4, 'category': 'cloud', 'score': -1.7102587368563054}]",,2,26,526,frontend,aceptada,False,False,False
2e24d8fd-cb2b-4cab-b508-57f343fc6069,27,2026-08-06T03:16:41.521+00:00,str,fastapi for ai engineers-part 5: authentication vs authorization and why most beginners confuse them fastapi for ai engineers-part 5: authentication vs authorization and why most beginners confuse them in the previous article we explored how pydantic validates data before it enters our. pydantic pydantic,305,44,True,Inferencia completada.,revision,datascience,backend,0.10780741403632721,-0.5434129913627024,0.6512204053990296,Baja,34,Revisión humana recomendada,True,True,['El margen de decisión es reducido.'],"[{'position': 1, 'category': 'datascience', 'score': 0.10780741403632721}, {'position': 2, 'category': 'backend', 'score': -0.5434129913627024}, {'position': 3, 'category': 'cloud', 'score': -0.5792791251363378}, {'position': 4, 'category': 'frontend', 'score': -1.371057209280443}]",,2,27,527,datascience,revision,False,True,False
2e24d8fd-cb2b-4cab-b508-57f343fc6069,28,2026-08-06T03:16:41.521+00:00,str,session 4 summary session 4 summary in the last session a few different concepts were taught: acid properties sql transaction modes. acid sql acid sql,150,25,True,Inferencia completada.,revision,backend,datascience,0.4908537429448704,-0.23225185972015538,0.7231056026650258,Baja,20,Revisión humana recomendada,True,True,['El margen de decisión es reducido.'],"[{'position': 1, 'category': 'backend', 'score': 0.4908537429448704}, {'position': 2, 'category': 'datascience', 'score': -0.23225185972015538}, {'position': 3, 'category': 'cloud', 'score': -1.3035082576518677}, {'position': 4, 'category': 'frontend', 'score': -1.5212230606487274}]",,2,28,528,backend,revision,False,True,False
2e24d8fd-cb2b-4cab-b508-57f343fc6069,29,2026-08-06T03:16:41.521+00:00,str,why tpus aren t popular even though they re cheaper per token why tpus aren t popular even though they re cheaper per token tpus and trainium beat nvidia on cost-per-token and watts-per-token. so why does almost everyone still run on nvidia the answer is the static-shape tax that systolic-array silicon forces on your code your pipeline and your org chart. trainium watts nvidia trainium watts nvidia,401,67,True,Inferencia completada.,aceptada,backend,cloud,0.8508467554124414,-0.6824634819376855,1.5333102373501268,Media,39,Predicción automática con monitoreo,False,True,[],"[{'position': 1, 'category': 'backend', 'score': 0.8508467554124414}, {'position': 2, 'category': 'cloud', 'score': -0.6824634819376855}, {'position': 3, 'category': 'datascience', 'score': -0.85857905974519}, {'position': 4, 'category': 'frontend', 'score': -2.2673474633034383}]",,2,29,529,backend,aceptada,False,False,False
2e24d8fd-cb2b-4cab-b508-57f343fc6069,30,2026-08-06T03:16:41.521+00:00,str,your pipeline is 12.3h behind: catching finance sentiment leads with pulsebit your pipeline is 12.3h behind: catching finance sentiment leads with pulsebit your pipeline just missed a crucial 24h momentum spike of-0.816 in the finance sector. this anomaly.,256,38,True,Inferencia completada.,aceptada,datascience,backend,1.8878627021621384,-1.452494674982784,3.3403573771449224,Muy alta,39,Predicción automática,False,True,[],"[{'position': 1, 'category': 'datascience', 'score': 1.8878627021621384}, {'position': 2, 'category': 'backend', 'score': -1.452494674982784}, {'position': 3, 'category': 'cloud', 'score': -1.781510173728888}, {'position': 4, 'category': 'frontend', 'score': -1.8809125466275032}]",,2,30,530,datascience,aceptada,False,False,False
2e24d8fd-cb2b-4cab-b508-57f343fc6069,31,2026-08-06T03:16:41.521+00:00,str,connection pooling: why your api dies at 200 users but the db is at 4 cpu connection pooling: why your api dies at 200 users but the db is at 4 cpu your api falls over at 200 concurrent users while postgres sits at 4 cpu. that paradox is what connection pooling exists to fix. here s what opening a database connection actually costs the max_connections 100 wall how a pool turns connections int cpu postgres 4% cpu postgres 4%,427,80,True,Inferencia completada.,aceptada,backend,cloud,1.9631868904969836,-1.0321143423466992,2.9953012328436825,Alta,52,Predicción automática,False,True,[],"[{'position': 1, 'category': 'backend', 'score': 1.9631868904969836}, {'position': 2, 'category': 'cloud', 'score': -1.0321143423466992}, {'position': 3, 'category': 'datascience', 'score': -1.6910880123166643}, {'position': 4, 'category': 'frontend', 'score': -2.0695677809253077}]",,2,31,531,backend,aceptada,False,False,False
2e24d8fd-cb2b-4cab-b508-57f343fc6069,32,2026-08-06T03:16:41.521+00:00,str,go s time package: monotonic clocks and the bugs they prevent go s time package: monotonic clocks and the bugs they prevent how go s monotonic clock makes sub immune to ntp jumps why marshaling silently strips it and the timing bugs that follow. ntp ntp,253,46,True,Inferencia completada.,aceptada,backend,cloud,2.079178034121,-1.154338191511525,3.233516225632525,Alta,24,Predicción automática,False,True,[],"[{'position': 1, 'category': 'backend', 'score': 2.079178034121}, {'position': 2, 'category': 'cloud', 'score': -1.154338191511525}, {'position': 3, 'category': 'datascience', 'score': -1.6054293840045024}, {'position': 4, 'category': 'frontend', 'score': -1.926833415431347}]",,2,32,532,backend,aceptada,False,False,False
2e24d8fd-cb2b-4cab-b508-57f343fc6069,33,2026-08-06T03:16:41.521+00:00,str,how i simplified a complex meeting worflow how i simplified a complex meeting worflow building software is often less about adding features and more about removing friction. when i worked.,188,30,True,Inferencia completada.,revision,backend,datascience,-0.1199043434827225,-0.6184880765306111,0.4985837330478886,Baja,28,Revisión humana recomendada,True,True,['El margen de decisión es reducido.'],"[{'position': 1, 'category': 'backend', 'score': -0.1199043434827225}, {'position': 2, 'category': 'datascience', 'score': -0.6184880765306111}, {'position': 3, 'category': 'frontend', 'score': -0.6240893315916807}, {'position': 4, 'category': 'cloud', 'score': -1.0837237667588173}]",,2,33,533,backend,revision,False,True,False
2e24d8fd-cb2b-4cab-b508-57f343fc6069,34,2026-08-06T03:16:41.521+00:00,str,automate database backups across a server fleet with ai: 7 recipes for 2026 automate database backups across a server fleet with ai: 7 recipes for 2026 if you are still ssh-ing into four boxes to confirm last night s dump actually ran automated. ssh last night's ssh last night's,279,49,True,Inferencia completada.,aceptada,cloud,datascience,0.48928160647243224,-0.6546185480773523,1.1439001545497844,Media,35,Predicción automática con monitoreo,False,True,[],"[{'position': 1, 'category': 'cloud', 'score': 0.48928160647243224}, {'position': 2, 'category': 'datascience', 'score': -0.6546185480773523}, {'position': 3, 'category': 'backend', 'score': -1.0070779562359655}, {'position': 4, 'category': 'frontend', 'score': -2.0234939263892993}]",,2,34,534,cloud,aceptada,False,False,False
2e24d8fd-cb2b-4cab-b508-57f343fc6069,35,2026-08-06T03:16:41.521+00:00,str,wordpress 6.9 is on the way -md. raju miah wordpress 6.9 is on the way -md. raju miah wordpress 6.9 is on the way here s what developers should watch for. wordpress continues to. wordpress wordpress,198,36,True,Inferencia completada.,aceptada,cloud,backend,0.18471233549710675,-0.7661752970872714,0.9508876325843781,Media,23,Predicción automática con monitoreo,False,True,[],"[{'position': 1, 'category': 'cloud', 'score': 0.18471233549710675}, {'position': 2, 'category': 'backend', 'score': -0.7661752970872714}, {'position': 3, 'category': 'datascience', 'score': -0.8825750131688551}, {'position': 4, 'category': 'frontend', 'score': -1.184622073009752}]",,2,35,535,cloud,aceptada,False,False,False
2e24d8fd-cb2b-4cab-b508-57f343fc6069,36,2026-08-06T03:16:41.521+00:00,str,10 best sites to buy gmail accounts in bulk accounts for 10 best sites to buy gmail accounts in bulk accounts for introduction 24/7 online support telegram: whatsapp: telegram whatsapp telegram whatsapp,202,32,True,Inferencia completada.,aceptada,frontend,backend,0.47394168934684555,-0.8735403671818944,1.34748205652874,Media,25,Predicción automática con monitoreo,False,True,[],"[{'position': 1, 'category': 'frontend', 'score': 0.47394168934684555}, {'position': 2, 'category': 'backend', 'score': -0.8735403671818944}, {'position': 3, 'category': 'cloud', 'score': -0.9358000567331723}, {'position': 4, 'category': 'datascience', 'score': -1.0826038814180088}]",,2,36,536,frontend,aceptada,False,False,False
2e24d8fd-cb2b-4cab-b508-57f343fc6069,37,2026-08-06T03:16:41.521+00:00,str,"aws daily digest june 07 2026 aws daily digest june 07 2026 aws daily digest june 07 2026 auto-generated groq llama 3.3 70b free groq llama 3.3 june 07, 2026 groq llama 3.3 june 07, 2026",186,36,True,Inferencia completada.,aceptada,cloud,frontend,1.4014153223082078,-1.2352148877538864,2.636630210062094,Alta,26,Predicción automática,False,True,[],"[{'position': 1, 'category': 'cloud', 'score': 1.4014153223082078}, {'position': 2, 'category': 'frontend', 'score': -1.2352148877538864}, {'position': 3, 'category': 'datascience', 'score': -1.2749677203987793}, {'position': 4, 'category': 'backend', 'score': -1.891669832568982}]",,2,37,537,cloud,aceptada,False,False,False
2e24d8fd-cb2b-4cab-b508-57f343fc6069,38,2026-08-06T03:16:41.521+00:00,str,amazon q review 2026: is aws s ai assistant worth 19/month amazon q review 2026: is aws s ai assistant worth 19/month amazon q isn t trying to be github copilot. it s aws s specialist assistant for teams who live inside. aws github copilot amazon aws github copilot amazon,272,50,True,Inferencia completada.,aceptada,cloud,datascience,2.3060841173527833,-1.5006970683986993,3.8067811857514826,Muy alta,33,Predicción automática,False,True,[],"[{'position': 1, 'category': 'cloud', 'score': 2.3060841173527833}, {'position': 2, 'category': 'datascience', 'score': -1.5006970683986993}, {'position': 3, 'category': 'frontend', 'score': -1.643425991050369}, {'position': 4, 'category': 'backend', 'score': -1.84861304825362}]",,2,38,538,cloud,aceptada,False,False,False
2e24d8fd-cb2b-4cab-b508-57f343fc6069,39,2026-08-06T03:16:41.521+00:00,str,burnlink: an open-source end-to-end encrypted file sharing platform burnlink: an open-source end-to-end encrypted file sharing platform executive summary i built burnlink an open-source file sharing service that prioritizes.,224,28,True,Inferencia completada.,revision,backend,cloud,-0.3393565711999599,-0.38793549636870533,0.04857892516874546,Crítica,20,Revisión humana prioritaria,True,True,['Las dos categorías principales tienen puntuaciones muy cercanas.'],"[{'position': 1, 'category': 'backend', 'score': -0.3393565711999599}, {'position': 2, 'category': 'cloud', 'score': -0.38793549636870533}, {'position': 3, 'category': 'datascience', 'score': -0.9728994480702713}, {'position': 4, 'category': 'frontend', 'score': -1.1507535565150717}]",,2,39,539,backend,revision,False,True,False
2e24d8fd-cb2b-4cab-b508-57f343fc6069,40,2026-08-06T03:16:41.521+00:00,str,provide storage for the it department testing and training provide storage for the it department testing and training what is azure storage azure storage is microsoft s cloud-based storage solution that provides. microsoft microsoft,232,34,True,Inferencia completada.,aceptada,cloud,datascience,2.1065376036052643,-1.3242042451206508,3.430741848725915,Muy alta,31,Predicción automática,False,True,[],"[{'position': 1, 'category': 'cloud', 'score': 2.1065376036052643}, {'position': 2, 'category': 'datascience', 'score': -1.3242042451206508}, {'position': 3, 'category': 'backend', 'score': -1.643178939500777}, {'position': 4, 'category': 'frontend', 'score': -2.050614712553609}]",,2,40,540,cloud,aceptada,False,False,False
2e24d8fd-cb2b-4cab-b508-57f343fc6069,41,2026-08-06T03:16:41.521+00:00,str,why you need amazon efs and why ebs will break your auto-scaling app why you need amazon efs and why ebs will break your auto-scaling app if you are spinning up a single ec2 instance amazon ebs elastic block storage is the default. amazon ebs (elastic block storage amazon ebs (elastic block storage,299,53,True,Inferencia completada.,revision,cloud,backend,-0.32668408278823446,-0.5696574851350006,0.24297340234676612,Crítica,34,Revisión humana prioritaria,True,True,['Las dos categorías principales tienen puntuaciones muy cercanas.'],"[{'position': 1, 'category': 'cloud', 'score': -0.32668408278823446}, {'position': 2, 'category': 'backend', 'score': -0.5696574851350006}, {'position': 3, 'category': 'datascience', 'score': -0.9612812837761692}, {'position': 4, 'category': 'frontend', 'score': -1.269618569001354}]",,2,41,541,cloud,revision,False,True,False
2e24d8fd-cb2b-4cab-b508-57f343fc6069,42,2026-08-06T03:16:41.521+00:00,str,reflection in go: the few times it is justified and the cost reflection in go: the few times it is justified and the cost reflection in go is the slow escape hatch. here are the few cases it earns its keep the runtime cost and when codegen beats it.,249,49,True,Inferencia completada.,aceptada,backend,cloud,1.8857227904676073,-1.3814892583127025,3.26721204878031,Alta,32,Predicción automática,False,True,[],"[{'position': 1, 'category': 'backend', 'score': 1.8857227904676073}, {'position': 2, 'category': 'cloud', 'score': -1.3814892583127025}, {'position': 3, 'category': 'datascience', 'score': -1.4042513501322635}, {'position': 4, 'category': 'frontend', 'score': -2.0681227047109543}]",,2,42,542,backend,aceptada,False,False,False
2e24d8fd-cb2b-4cab-b508-57f343fc6069,43,2026-08-06T03:16:41.521+00:00,str,the 3-second rule of web performance and how to beat it the 3-second rule of web performance and how to beat it hello there so. i may have gone a little overboard with this one. last time we pulled apart how.,208,41,True,Inferencia completada.,revision,frontend,backend,0.2541737475988226,-0.38209770163216594,0.6362714492309886,Baja,37,Revisión humana recomendada,True,True,['El margen de decisión es reducido.'],"[{'position': 1, 'category': 'frontend', 'score': 0.2541737475988226}, {'position': 2, 'category': 'backend', 'score': -0.38209770163216594}, {'position': 3, 'category': 'datascience', 'score': -1.288116827253437}, {'position': 4, 'category': 'cloud', 'score': -1.4336262509225923}]",,2,43,543,frontend,revision,False,True,False
2e24d8fd-cb2b-4cab-b508-57f343fc6069,44,2026-08-06T03:16:41.521+00:00,str,a green frontend pipeline is not the same as a safe release a green frontend pipeline is not the same as a safe release there is a particular kind of confidence that only a green ci pipeline can produce. the pull request. ci ci,227,44,True,Inferencia completada.,aceptada,frontend,backend,0.7958247390630574,-0.9325428002739902,1.7283675393370475,Media,37,Predicción automática con monitoreo,False,True,[],"[{'position': 1, 'category': 'frontend', 'score': 0.7958247390630574}, {'position': 2, 'category': 'backend', 'score': -0.9325428002739902}, {'position': 3, 'category': 'cloud', 'score': -0.9939214837769181}, {'position': 4, 'category': 'datascience', 'score': -1.6920210929985282}]",,2,44,544,frontend,aceptada,False,False,False
2e24d8fd-cb2b-4cab-b508-57f343fc6069,45,2026-08-06T03:16:41.521+00:00,str,async await in js async await in js async and await are javascript keywords that provide a cleaner more readable way to handle. javascript javascript,149,25,True,Inferencia completada.,aceptada,frontend,backend,1.5159441511809404,-0.8017048186637767,2.317648969844717,Alta,19,Predicción automática,False,True,[],"[{'position': 1, 'category': 'frontend', 'score': 1.5159441511809404}, {'position': 2, 'category': 'backend', 'score': -0.8017048186637767}, {'position': 3, 'category': 'cloud', 'score': -1.6654568259339015}, {'position': 4, 'category': 'datascience', 'score': -1.887190482626107}]",,2,45,545,frontend,aceptada,False,False,False
2e24d8fd-cb2b-4cab-b508-57f343fc6069,46,2026-08-06T03:16:41.521+00:00,str,zero-touch oauth for mcp azure serverless ai agents gitlab 19.0 ai devsecops zero-touch oauth for mcp azure serverless ai agents gitlab 19.0 ai devsecops zero-touch oauth for mcp azure serverless ai agents gitlab 19.0 ai devsecops gitlab mcp zero ai azure serverless ai agents gitlab mcp zero ai azure serverless ai agents,322,52,True,Inferencia completada.,revision,cloud,frontend,1.448660714603315,-0.5839677265659622,2.032628441169277,Alta,11,Revisión humana recomendada,True,True,['Cobertura reducida del vocabulario.'],"[{'position': 1, 'category': 'cloud', 'score': 1.448660714603315}, {'position': 2, 'category': 'frontend', 'score': -0.5839677265659622}, {'position': 3, 'category': 'datascience', 'score': -1.5087452340832774}, {'position': 4, 'category': 'backend', 'score': -1.9243736049181002}]",,2,46,546,cloud,revision,False,False,True
2e24d8fd-cb2b-4cab-b508-57f343fc6069,47,2026-08-06T03:16:41.521+00:00,str,forward-deployed engineering for operational it change forward-deployed engineering for operational it change kmayer works with technology leaders who need practical operational change not just advisory. kmayer kmayer,217,27,True,Inferencia completada.,revision,cloud,frontend,0.07456268089875961,-0.14954850828564514,0.22411118918440476,Crítica,18,Revisión humana prioritaria,True,True,['Las dos categorías principales tienen puntuaciones muy cercanas.'],"[{'position': 1, 'category': 'cloud', 'score': 0.07456268089875961}, {'position': 2, 'category': 'frontend', 'score': -0.14954850828564514}, {'position': 3, 'category': 'backend', 'score': -1.0552554064917157}, {'position': 4, 'category': 'datascience', 'score': -1.5570122631135592}]",,2,47,547,cloud,revision,False,True,False
2e24d8fd-cb2b-4cab-b508-57f343fc6069,48,2026-08-06T03:16:41.521+00:00,str,membangun tool kalender custom secara real-time: studi kasus arsitektur frontend tanpa server untuk bisnis percetakan membangun tool kalender custom secara real-time: studi kasus arsitektur frontend tanpa server untuk bisnis percetakan the best way to predict the future is to implement it yourself in vanilla js no framework.,326,47,True,Inferencia completada.,aceptada,frontend,cloud,1.1884179061666642,-0.7228870589499957,1.9113049651166598,Alta,33,Predicción automática,False,True,[],"[{'position': 1, 'category': 'frontend', 'score': 1.1884179061666642}, {'position': 2, 'category': 'cloud', 'score': -0.7228870589499957}, {'position': 3, 'category': 'backend', 'score': -1.4980451073230925}, {'position': 4, 'category': 'datascience', 'score': -2.1960394342436134}]",,2,48,548,frontend,aceptada,False,False,False
2e24d8fd-cb2b-4cab-b508-57f343fc6069,49,2026-08-06T03:16:41.521+00:00,str,cursor 3.7 canvas design mode: what the june 2026 visual ui update changes for frontend developers cursor 3.7 canvas design mode: what the june 2026 visual ui update changes for frontend developers cursor 3.7 canvas design mode: what the june 2026 visual ui update changes for frontend developers ui june 2026 ui june 2026,322,54,True,Inferencia completada.,aceptada,frontend,cloud,3.3203862915824436,-1.8021377161291863,5.12252400771163,Muy alta,20,Predicción automática,False,True,[],"[{'position': 1, 'category': 'frontend', 'score': 3.3203862915824436}, {'position': 2, 'category': 'cloud', 'score': -1.8021377161291863}, {'position': 3, 'category': 'datascience', 'score': -1.9403478718815501}, {'position': 4, 'category': 'backend', 'score': -2.603700047625805}]",,2,49,549,frontend,aceptada,False,False,False
2e24d8fd-cb2b-4cab-b508-57f343fc6069,50,2026-08-06T03:16:41.521+00:00,str,world cup 2026: the upset probability explosion how 48 teams changed everything world cup 2026: the upset probability explosion how 48 teams changed everything data analysis reveals the 16-group format has fundamentally altered upset dynamics in ways that favor.,262,39,True,Inferencia completada.,aceptada,datascience,backend,1.375726544181838,-1.199324666892867,2.575051211074705,Alta,36,Predicción automática,False,True,[],"[{'position': 1, 'category': 'datascience', 'score': 1.375726544181838}, {'position': 2, 'category': 'backend', 'score': -1.199324666892867}, {'position': 3, 'category': 'cloud', 'score': -1.3246813869999876}, {'position': 4, 'category': 'frontend', 'score': -1.3773574885451976}]",,2,50,550,datascience,aceptada,False,False,False
2e24d8fd-cb2b-4cab-b508-57f343fc6069,51,2026-08-06T03:16:41.521+00:00,str,the night before launch every door was wide open the night before launch every door was wide open at the end of the last post i mentioned a bill. this post is that bill. let me start with three. the end of the the end of the,224,47,True,Inferencia completada.,revision,backend,cloud,0.3600810573004255,-0.4202434481473841,0.7803245054478096,Baja,37,Revisión humana recomendada,True,True,['El margen de decisión es reducido.'],"[{'position': 1, 'category': 'backend', 'score': 0.3600810573004255}, {'position': 2, 'category': 'cloud', 'score': -0.4202434481473841}, {'position': 3, 'category': 'frontend', 'score': -1.3672319603969636}, {'position': 4, 'category': 'datascience', 'score': -1.4165757732424362}]",,2,51,551,backend,revision,False,True,False
2e24d8fd-cb2b-4cab-b508-57f343fc6069,52,2026-08-06T03:16:41.521+00:00,str,is your nas a ticking time bomb is your nas a ticking time bomb introduction a recent idc report projects global data creation will hit 175 zettabytes by 2025. yet,163,30,True,Inferencia completada.,aceptada,cloud,datascience,1.0186682508650136,-1.083100370550326,2.1017686214153395,Alta,25,Predicción automática,False,True,[],"[{'position': 1, 'category': 'cloud', 'score': 1.0186682508650136}, {'position': 2, 'category': 'datascience', 'score': -1.083100370550326}, {'position': 3, 'category': 'backend', 'score': -1.1413441152301746}, {'position': 4, 'category': 'frontend', 'score': -1.4015593156558537}]",,2,52,552,cloud,aceptada,False,False,False
2e24d8fd-cb2b-4cab-b508-57f343fc6069,53,2026-08-06T03:16:41.521+00:00,str,copilot vision accepts screenshots now test whether the workflow still works without sight or a mouse copilot vision accepts screenshots now test whether the workflow still works without sight or a mouse audit screenshot-assisted coding with an accessible text alternative keyboard flow announcements and recovery matrix.,321,46,True,Inferencia completada.,aceptada,frontend,cloud,0.7703851589952219,-0.6548754890320997,1.4252606480273216,Media,31,Predicción automática con monitoreo,False,True,[],"[{'position': 1, 'category': 'frontend', 'score': 0.7703851589952219}, {'position': 2, 'category': 'cloud', 'score': -0.6548754890320997}, {'position': 3, 'category': 'datascience', 'score': -1.1564512885461866}, {'position': 4, 'category': 'backend', 'score': -1.557286825242531}]",,2,53,553,frontend,aceptada,False,False,False
2e24d8fd-cb2b-4cab-b508-57f343fc6069,54,2026-08-06T03:16:41.521+00:00,str,why we stop injecting code into shopify themes for b2b wholesale why we stop injecting code into shopify themes for b2b wholesale most traditional shopify wholesale apps inject hundreds of lines of messy javascript directly into. shopify javascript apps inject hundreds of lines shopify javascript apps inject hundreds of lines,327,50,True,Inferencia completada.,aceptada,frontend,backend,1.0546594361604589,-0.6882766175335266,1.7429360536939855,Media,25,Predicción automática con monitoreo,False,True,[],"[{'position': 1, 'category': 'frontend', 'score': 1.0546594361604589}, {'position': 2, 'category': 'backend', 'score': -0.6882766175335266}, {'position': 3, 'category': 'datascience', 'score': -1.0538844552227733}, {'position': 4, 'category': 'cloud', 'score': -1.974385213194887}]",,2,54,554,frontend,aceptada,False,False,False
2e24d8fd-cb2b-4cab-b508-57f343fc6069,55,2026-08-06T03:16:41.521+00:00,str,deploying a kubernetes cluster with kubeadm on rhel 9 centos 10 deploying a kubernetes cluster with kubeadm on rhel 9 centos 10 deploying-a-kubernetes-cluster-with-kubeadm-on-rhel-9-centos-10 the guide is based on a.,216,29,True,Inferencia completada.,aceptada,cloud,datascience,1.3741021886453475,-1.1572023711907296,2.531304559836077,Alta,17,Predicción automática,False,True,[],"[{'position': 1, 'category': 'cloud', 'score': 1.3741021886453475}, {'position': 2, 'category': 'datascience', 'score': -1.1572023711907296}, {'position': 3, 'category': 'frontend', 'score': -1.483553536948805}, {'position': 4, 'category': 'backend', 'score': -1.600610838328893}]",,2,55,555,cloud,aceptada,False,False,False
2e24d8fd-cb2b-4cab-b508-57f343fc6069,56,2026-08-06T03:16:41.521+00:00,str,why local system monitoring still beats the cloud and how i built my own dashboard to prove it why local system monitoring still beats the cloud and how i built my own dashboard to prove it over the past few years the technology industry has moved almost everything to the cloud. the past few years the past few years,317,59,True,Inferencia completada.,aceptada,cloud,backend,1.4555893183520374,-1.305751829325444,2.7613411476774816,Alta,48,Predicción automática,False,True,[],"[{'position': 1, 'category': 'cloud', 'score': 1.4555893183520374}, {'position': 2, 'category': 'backend', 'score': -1.305751829325444}, {'position': 3, 'category': 'datascience', 'score': -1.36855661825917}, {'position': 4, 'category': 'frontend', 'score': -1.7962827661065428}]",,2,56,556,cloud,aceptada,False,False,False
2e24d8fd-cb2b-4cab-b508-57f343fc6069,57,2026-08-06T03:16:41.521+00:00,str,o bug de 16 minutos: quando dado faltando é uma corrida contra o relógio o bug de 16 minutos: quando dado faltando é uma corrida contra o relógio seu sistema está perdendo dados um cliente abriu o chamado convicto. o relatório de.,230,42,True,Inferencia completada.,revision,backend,datascience,0.4932823816097681,-0.9340098564496533,1.4272922380594215,Media,12,Revisión humana recomendada,True,True,['Cobertura reducida del vocabulario.'],"[{'position': 1, 'category': 'backend', 'score': 0.4932823816097681}, {'position': 2, 'category': 'datascience', 'score': -0.9340098564496533}, {'position': 3, 'category': 'cloud', 'score': -0.9441527520924365}, {'position': 4, 'category': 'frontend', 'score': -1.4127966487380066}]",,2,57,557,backend,revision,False,False,True
2e24d8fd-cb2b-4cab-b508-57f343fc6069,58,2026-08-06T03:16:41.521+00:00,str,sr. architect-a free aws sandbox to learn and simulate sr. architect-a free aws sandbox to learn and simulate two things always slowed me down on new projects: figuring out where an architecture would.,201,33,True,Inferencia completada.,aceptada,cloud,backend,0.44666675406825973,-0.5212135038418269,0.9678802579100866,Media,24,Predicción automática con monitoreo,False,True,[],"[{'position': 1, 'category': 'cloud', 'score': 0.44666675406825973}, {'position': 2, 'category': 'backend', 'score': -0.5212135038418269}, {'position': 3, 'category': 'datascience', 'score': -1.4101749582073746}, {'position': 4, 'category': 'frontend', 'score': -1.7034403574616608}]",,2,58,558,cloud,aceptada,False,False,False
2e24d8fd-cb2b-4cab-b508-57f343fc6069,59,2026-08-06T03:16:41.521+00:00,str,humidifier cross-border multi-currency auto-sync rate calibration tech humidifier cross-border multi-currency auto-sync rate calibration tech reverse overseas online shopping supports settlement in over ten mainstream foreign currencies,236,26,True,Inferencia completada.,aceptada,backend,frontend,0.9530063567987467,-0.8545479923918642,1.8075543491906108,Alta,17,Predicción automática,False,True,[],"[{'position': 1, 'category': 'backend', 'score': 0.9530063567987467}, {'position': 2, 'category': 'frontend', 'score': -0.8545479923918642}, {'position': 3, 'category': 'datascience', 'score': -1.3412203556000732}, {'position': 4, 'category': 'cloud', 'score': -1.7360791278530798}]",,2,59,559,backend,aceptada,False,False,False
2e24d8fd-cb2b-4cab-b508-57f343fc6069,60,2026-08-06T03:16:41.521+00:00,str,the life of a single api request the life of a single api request the life of a single api request follow one request from your keyboard to. the life of a single api request follow the life of a single api request follow,220,44,True,Inferencia completada.,revision,backend,cloud,-0.12651179879199792,-0.2720987945445243,0.14558699575252637,Crítica,19,Revisión humana prioritaria,True,True,['Las dos categorías principales tienen puntuaciones muy cercanas.'],"[{'position': 1, 'category': 'backend', 'score': -0.12651179879199792}, {'position': 2, 'category': 'cloud', 'score': -0.2720987945445243}, {'position': 3, 'category': 'datascience', 'score': -1.089895616251558}, {'position': 4, 'category': 'frontend', 'score': -1.292554418683474}]",,2,60,560,backend,revision,False,True,False
2e24d8fd-cb2b-4cab-b508-57f343fc6069,61,2026-08-06T03:16:41.521+00:00,str,component deep dive #2: hamburger menu mobile navigation done right component deep dive #2: hamburger menu mobile navigation done right from web component dictionary v2.0 83 ready-to-use components. try free get full version use.,229,34,True,Inferencia completada.,aceptada,frontend,datascience,1.8381535115562215,-1.2971673286398457,3.1353208401960675,Alta,31,Predicción automática,False,True,[],"[{'position': 1, 'category': 'frontend', 'score': 1.8381535115562215}, {'position': 2, 'category': 'datascience', 'score': -1.2971673286398457}, {'position': 3, 'category': 'cloud', 'score': -1.4744915462136445}, {'position': 4, 'category': 'backend', 'score': -2.063097918357507}]",,2,61,561,frontend,aceptada,False,False,False
2e24d8fd-cb2b-4cab-b508-57f343fc6069,62,2026-08-06T03:16:41.521+00:00,str,building enterprise aws networks: a complete guide to vpc sharing transit gateway private nat gateway and aws organizations building enterprise aws networks: a complete guide to vpc sharing transit gateway private nat gateway and aws organizations introduction in modern enterprise cloud architectures organizations increasingly adopt.,335,45,True,Inferencia completada.,aceptada,cloud,frontend,2.595794954901465,-1.5613669516135058,4.157161906514971,Muy alta,34,Predicción automática,False,True,[],"[{'position': 1, 'category': 'cloud', 'score': 2.595794954901465}, {'position': 2, 'category': 'frontend', 'score': -1.5613669516135058}, {'position': 3, 'category': 'backend', 'score': -2.2777637081455673}, {'position': 4, 'category': 'datascience', 'score': -2.342350015362423}]",,2,62,562,cloud,aceptada,False,False,False
2e24d8fd-cb2b-4cab-b508-57f343fc6069,63,2026-08-06T03:16:41.521+00:00,str,sec form 4 insider buying 2026-07-17: the notable director officer purchases sec form 4 insider buying 2026-07-17: the notable director officer purchases every insider buy and sell reported to the sec on 2026-07-17 parsed from primary edgar filings into. sec 2026-07-17 edgar sec 2026-07-17 edgar,296,45,True,Inferencia completada.,revision,datascience,cloud,0.017030780649239907,-0.345158289562809,0.3621890702120489,Baja,21,Revisión humana recomendada,True,True,['El margen de decisión es reducido.'],"[{'position': 1, 'category': 'datascience', 'score': 0.017030780649239907}, {'position': 2, 'category': 'cloud', 'score': -0.345158289562809}, {'position': 3, 'category': 'frontend', 'score': -0.9459138431609889}, {'position': 4, 'category': 'backend', 'score': -1.165406372335786}]",,2,63,563,datascience,revision,False,True,False
2e24d8fd-cb2b-4cab-b508-57f343fc6069,64,2026-08-06T03:16:41.521+00:00,str,your cloud migration succeeded. so why aren t you seeing the benefits your cloud migration succeeded. so why aren t you seeing the benefits for many organizations cloud migration is considered a major milestone. applications have been.,235,37,True,Inferencia completada.,aceptada,cloud,backend,1.64144826219965,-1.383389490833636,3.024837753033286,Alta,30,Predicción automática,False,True,[],"[{'position': 1, 'category': 'cloud', 'score': 1.64144826219965}, {'position': 2, 'category': 'backend', 'score': -1.383389490833636}, {'position': 3, 'category': 'datascience', 'score': -1.4669996079435546}, {'position': 4, 'category': 'frontend', 'score': -2.169770288063462}]",,2,64,564,cloud,aceptada,False,False,False
2e24d8fd-cb2b-4cab-b508-57f343fc6069,65,2026-08-06T03:16:41.521+00:00,str,data entities: structure and purpose data entities: structure and purpose introduction dynamics 365 finance operations stores business data in a highly normalized. operations introduction dynamics 365 finance operations introduction dynamics 365 finance,253,32,True,Inferencia completada.,revision,datascience,cloud,-0.15022985918315035,-0.28085588075154644,0.1306260215683961,Crítica,18,Revisión humana prioritaria,True,True,['Las dos categorías principales tienen puntuaciones muy cercanas.'],"[{'position': 1, 'category': 'datascience', 'score': -0.15022985918315035}, {'position': 2, 'category': 'cloud', 'score': -0.28085588075154644}, {'position': 3, 'category': 'backend', 'score': -0.8144474725178409}, {'position': 4, 'category': 'frontend', 'score': -1.5323577573159306}]",,2,65,565,datascience,revision,False,True,False
2e24d8fd-cb2b-4cab-b508-57f343fc6069,66,2026-08-06T03:16:41.521+00:00,str,day 130 of learning mern stack day 130 of learning mern stack hello dev community it is officially day 130 of my software engineering marathon today i.,151,27,True,Inferencia completada.,aceptada,frontend,backend,1.0976495314417587,-0.8142511846815317,1.9119007161232904,Alta,35,Predicción automática,False,True,[],"[{'position': 1, 'category': 'frontend', 'score': 1.0976495314417587}, {'position': 2, 'category': 'backend', 'score': -0.8142511846815317}, {'position': 3, 'category': 'cloud', 'score': -1.0772811092277554}, {'position': 4, 'category': 'datascience', 'score': -1.6078871134759374}]",,2,66,566,frontend,aceptada,False,False,False
2e24d8fd-cb2b-4cab-b508-57f343fc6069,67,2026-08-06T03:16:41.521+00:00,str,designing a real-time leaderboard with redis sorted sets designing a real-time leaderboard with redis sorted sets why a redis sorted set is the natural fit for a leaderboard and how the my-rank query changes everything at scale. covers ranking sharding and the approximate-rank trick.,284,44,True,Inferencia completada.,aceptada,backend,frontend,0.9164643719615148,-0.8020209412414994,1.718485313203014,Media,38,Predicción automática con monitoreo,False,True,[],"[{'position': 1, 'category': 'backend', 'score': 0.9164643719615148}, {'position': 2, 'category': 'frontend', 'score': -0.8020209412414994}, {'position': 3, 'category': 'datascience', 'score': -1.2418580051042927}, {'position': 4, 'category': 'cloud', 'score': -1.5504745199521672}]",,2,67,567,backend,aceptada,False,False,False
2e24d8fd-cb2b-4cab-b508-57f343fc6069,68,2026-08-06T03:16:41.521+00:00,str,best file hosting sharing services for easy collaboration best file hosting sharing services for easy collaboration are you looking into best file hosting sharing services for easy coll here s a quick overview.,210,33,True,Inferencia completada.,aceptada,cloud,backend,1.7429817176868916,-1.1590850224472746,2.902066740134166,Alta,28,Predicción automática,False,True,[],"[{'position': 1, 'category': 'cloud', 'score': 1.7429817176868916}, {'position': 2, 'category': 'backend', 'score': -1.1590850224472746}, {'position': 3, 'category': 'frontend', 'score': -1.168527323255114}, {'position': 4, 'category': 'datascience', 'score': -1.9544910656432908}]",,2,68,568,cloud,aceptada,False,False,False
2e24d8fd-cb2b-4cab-b508-57f343fc6069,69,2026-08-06T03:16:41.521+00:00,str,the comma-ok idiom in go: one pattern four places it shows up the comma-ok idiom in go: one pattern four places it shows up one two-value pattern shows up in map lookups type assertions channel receives and range. learn where the ok half saves you from a class of go bugs. half half,282,53,True,Inferencia completada.,aceptada,backend,frontend,1.2705941428371417,-1.2463109965862582,2.5169051394234,Alta,38,Predicción automática,False,True,[],"[{'position': 1, 'category': 'backend', 'score': 1.2705941428371417}, {'position': 2, 'category': 'frontend', 'score': -1.2463109965862582}, {'position': 3, 'category': 'datascience', 'score': -1.3115363251086187}, {'position': 4, 'category': 'cloud', 'score': -1.5911659666527842}]",,2,69,569,backend,aceptada,False,False,False
2e24d8fd-cb2b-4cab-b508-57f343fc6069,70,2026-08-06T03:16:41.521+00:00,str,busting the 200k google books exploit: securing multi-tenant cloud workspaces against catastrophic session/cache leaks 2025 edition busting the 200k google books exploit: securing multi-tenant cloud workspaces against catastrophic session/cache leaks 2025 edition uncover the google books session/cache leak exploit and learn actionable strategies to secure multi-tenant cloud workspaces against 200k+ breaches in 2025. 200k+ 200k+,431,55,True,Inferencia completada.,aceptada,cloud,datascience,2.099374337952794,-1.577609058767345,3.676983396720139,Muy alta,24,Predicción automática,False,True,[],"[{'position': 1, 'category': 'cloud', 'score': 2.099374337952794}, {'position': 2, 'category': 'datascience', 'score': -1.577609058767345}, {'position': 3, 'category': 'backend', 'score': -1.765386722834885}, {'position': 4, 'category': 'frontend', 'score': -1.7849525943333293}]",,2,70,570,cloud,aceptada,False,False,False
2e24d8fd-cb2b-4cab-b508-57f343fc6069,71,2026-08-06T03:16:41.521+00:00,str,how to keep your website fast when using custom fonts how to keep your website fast when using custom fonts custom fonts look great but they can easily slow down your website if they aren t optimized. large.,207,38,True,Inferencia completada.,revision,backend,datascience,-0.2689367411332758,-0.8085754602072298,0.539638719073954,Baja,30,Revisión humana recomendada,True,True,['El margen de decisión es reducido.'],"[{'position': 1, 'category': 'backend', 'score': -0.2689367411332758}, {'position': 2, 'category': 'datascience', 'score': -0.8085754602072298}, {'position': 3, 'category': 'cloud', 'score': -0.8339490883789333}, {'position': 4, 'category': 'frontend', 'score': -0.9566711250071406}]",,2,71,571,backend,revision,False,True,False
2e24d8fd-cb2b-4cab-b508-57f343fc6069,72,2026-08-06T03:16:41.521+00:00,str,how i shipped 4 ios apps from a windows pc without ever touching a mac how i shipped 4 ios apps from a windows pc without ever touching a mac a year ago i d never shipped a mobile app. today i have four live on the app store and i built and. a year ago the app store a year ago the app store,291,65,True,Inferencia completada.,aceptada,frontend,cloud,0.24124371229931196,-0.6207259941329965,0.8619697064323084,Media,46,Predicción automática con monitoreo,False,True,[],"[{'position': 1, 'category': 'frontend', 'score': 0.24124371229931196}, {'position': 2, 'category': 'cloud', 'score': -0.6207259941329965}, {'position': 3, 'category': 'backend', 'score': -1.1508082723980555}, {'position': 4, 'category': 'datascience', 'score': -1.3415876685719614}]",,2,72,572,frontend,aceptada,False,False,False
2e24d8fd-cb2b-4cab-b508-57f343fc6069,73,2026-08-06T03:16:41.521+00:00,str,when to move your app from shared hosting to cloud vps when to move your app from shared hosting to cloud vps moving your app from shared hosting to cloud vps is the right call the moment your traffic vps vps,208,41,True,Inferencia completada.,aceptada,cloud,backend,1.6551283399163452,-1.4608090243329634,3.1159373642493087,Alta,28,Predicción automática,False,True,[],"[{'position': 1, 'category': 'cloud', 'score': 1.6551283399163452}, {'position': 2, 'category': 'backend', 'score': -1.4608090243329634}, {'position': 3, 'category': 'frontend', 'score': -1.5881792015609535}, {'position': 4, 'category': 'datascience', 'score': -2.1559634350690597}]",,2,73,573,cloud,aceptada,False,False,False
2e24d8fd-cb2b-4cab-b508-57f343fc6069,74,2026-08-06T03:16:41.521+00:00,str,top skills you can improve through machine learning competitions top skills you can improve through machine learning competitions machine learning is no longer limited to academic research or large technology companies. today,225,32,True,Inferencia completada.,aceptada,datascience,cloud,1.130068270060559,-0.9671759880558901,2.097244258116449,Alta,25,Predicción automática,False,True,[],"[{'position': 1, 'category': 'datascience', 'score': 1.130068270060559}, {'position': 2, 'category': 'cloud', 'score': -0.9671759880558901}, {'position': 3, 'category': 'frontend', 'score': -1.4598798439241594}, {'position': 4, 'category': 'backend', 'score': -1.6510206283796873}]",,2,74,574,datascience,aceptada,False,False,False
2e24d8fd-cb2b-4cab-b508-57f343fc6069,75,2026-08-06T03:16:41.521+00:00,str,how to add qr code signatures to powerpoint using java rest api how to add qr code signatures to powerpoint using java rest api adding qr code signatures to your pptx files isn t as complicated as it sounds. with the right tools,228,43,True,Inferencia completada.,aceptada,cloud,backend,1.0301864690422535,-0.8526633218220309,1.8828497908642845,Alta,40,Predicción automática,False,True,[],"[{'position': 1, 'category': 'cloud', 'score': 1.0301864690422535}, {'position': 2, 'category': 'backend', 'score': -0.8526633218220309}, {'position': 3, 'category': 'frontend', 'score': -1.1947478901293147}, {'position': 4, 'category': 'datascience', 'score': -2.1865502374761183}]",,2,75,575,cloud,aceptada,False,False,False
2e24d8fd-cb2b-4cab-b508-57f343fc6069,76,2026-08-06T03:16:41.521+00:00,str,your pipeline is 26.4h behind: catching energy sentiment leads with pulsebit your pipeline is 26.4h behind: catching energy sentiment leads with pulsebit your pipeline is 26.4h behind: catching energy sentiment leads with pulsebit we just. 26.4h 26.4h,251,37,True,Inferencia completada.,aceptada,datascience,frontend,1.5267261852287608,-1.3735295580067337,2.9002557432354945,Alta,27,Predicción automática,False,True,[],"[{'position': 1, 'category': 'datascience', 'score': 1.5267261852287608}, {'position': 2, 'category': 'frontend', 'score': -1.3735295580067337}, {'position': 3, 'category': 'backend', 'score': -1.4527621707498302}, {'position': 4, 'category': 'cloud', 'score': -1.742191807570448}]",,2,76,576,datascience,aceptada,False,False,False
2e24d8fd-cb2b-4cab-b508-57f343fc6069,77,2026-08-06T03:16:41.521+00:00,str,building pwas: offline-first web apps like a jedi building pwas: offline-first web apps like a jedi the quest begins the why ever opened a web app on a spotty train ride and watched it.,185,34,True,Inferencia completada.,aceptada,frontend,datascience,0.8253431624948903,-1.2702079000188335,2.095551062513724,Alta,36,Predicción automática,False,True,[],"[{'position': 1, 'category': 'frontend', 'score': 0.8253431624948903}, {'position': 2, 'category': 'datascience', 'score': -1.2702079000188335}, {'position': 3, 'category': 'backend', 'score': -1.3248918682778892}, {'position': 4, 'category': 'cloud', 'score': -1.342079989039592}]",,2,77,577,frontend,aceptada,False,False,False
2e24d8fd-cb2b-4cab-b508-57f343fc6069,78,2026-08-06T03:16:41.521+00:00,str,you might not need redis: a db table and your filesystem do more than you think you might not need redis: a db table and your filesystem do more than you think had yet another conversation yesterday with a team burning themselves on a redis cache. redis yesterday redis yesterday,279,50,True,Inferencia completada.,aceptada,backend,frontend,1.3148089439431585,-1.1320861213879208,2.4468950653310793,Alta,36,Predicción automática,False,True,[],"[{'position': 1, 'category': 'backend', 'score': 1.3148089439431585}, {'position': 2, 'category': 'frontend', 'score': -1.1320861213879208}, {'position': 3, 'category': 'cloud', 'score': -1.573107703695247}, {'position': 4, 'category': 'datascience', 'score': -1.6180714180078326}]",,2,78,578,backend,aceptada,False,False,False
2e24d8fd-cb2b-4cab-b508-57f343fc6069,79,2026-08-06T03:16:41.521+00:00,str,how i built a real-time sports stats tracker: erling haaland fires norway into last 16 with dramatic winner against côte how i built a real-time sports stats tracker: erling haaland fires norway into last 16 with dramatic winner against côte how i built a real-time sports stats tracker: erling haaland fires norway into last 16 with. norway last 16 haaland norway last 16 haaland,380,64,True,Inferencia completada.,aceptada,datascience,backend,1.2443768209405026,-0.9305149588023806,2.1748917797428833,Alta,24,Predicción automática,False,True,[],"[{'position': 1, 'category': 'datascience', 'score': 1.2443768209405026}, {'position': 2, 'category': 'backend', 'score': -0.9305149588023806}, {'position': 3, 'category': 'cloud', 'score': -1.428121481124158}, {'position': 4, 'category': 'frontend', 'score': -1.8043089589326877}]",,2,79,579,datascience,aceptada,False,False,False
2e24d8fd-cb2b-4cab-b508-57f343fc6069,80,2026-08-06T03:16:41.521+00:00,str,mounting your first application mounting your first application project code: the mount function is the entry point of every euv. code code,139,22,True,Inferencia completada.,revision,cloud,frontend,-0.28181313301431815,-0.37557772802365474,0.0937645950093366,Crítica,22,Revisión humana prioritaria,True,True,['Las dos categorías principales tienen puntuaciones muy cercanas.'],"[{'position': 1, 'category': 'cloud', 'score': -0.28181313301431815}, {'position': 2, 'category': 'frontend', 'score': -0.37557772802365474}, {'position': 3, 'category': 'backend', 'score': -0.9354084849217119}, {'position': 4, 'category': 'datascience', 'score': -1.2112540672757284}]",,2,80,580,cloud,revision,False,True,False
2e24d8fd-cb2b-4cab-b508-57f343fc6069,81,2026-08-06T03:16:41.521+00:00,str,profiling node.js applications: finding and fixing performance bottlenecks profiling node.js applications: finding and fixing performance bottlenecks profiling node.js applications: finding and fixing performance bottlenecks node.js is. node.js node.js,252,28,True,Inferencia completada.,revision,frontend,backend,-0.09281247465096853,-0.42423936999100426,0.3314268953400357,Baja,9,Revisión humana recomendada,True,True,"['Cobertura reducida del vocabulario.', 'El margen de decisión es reducido.']","[{'position': 1, 'category': 'frontend', 'score': -0.09281247465096853}, {'position': 2, 'category': 'backend', 'score': -0.42423936999100426}, {'position': 3, 'category': 'cloud', 'score': -0.6302527049481761}, {'position': 4, 'category': 'datascience', 'score': -1.4650650267879035}]",,2,81,581,frontend,revision,False,True,True
2e24d8fd-cb2b-4cab-b508-57f343fc6069,82,2026-08-06T03:16:41.521+00:00,str,holt-winters forecasting in excel: trend + seasonality explained holt-winters forecasting in excel: trend + seasonality explained if you forecast anything with both a trend and a repeating seasonal pattern-monthly sales web. monthly monthly,240,33,True,Inferencia completada.,aceptada,datascience,backend,0.9790913172097699,-0.9502264351152621,1.929317752325032,Alta,18,Predicción automática,False,True,[],"[{'position': 1, 'category': 'datascience', 'score': 0.9790913172097699}, {'position': 2, 'category': 'backend', 'score': -0.9502264351152621}, {'position': 3, 'category': 'frontend', 'score': -1.1644832059596508}, {'position': 4, 'category': 'cloud', 'score': -1.6594664945053919}]",,2,82,582,datascience,aceptada,False,False,False
2e24d8fd-cb2b-4cab-b508-57f343fc6069,83,2026-08-06T03:16:41.521+00:00,str,save for your family/friends/religious group/co-workers save for your family/friends/religious group/co-workers hello-if you are an it professional/amateur practitioner in canada where this tip is coming from canada canada,222,27,True,Inferencia completada.,revision,backend,frontend,0.05173293815234514,-0.7105571835945494,0.7622901217468946,Baja,20,Revisión humana recomendada,True,True,['El margen de decisión es reducido.'],"[{'position': 1, 'category': 'backend', 'score': 0.05173293815234514}, {'position': 2, 'category': 'frontend', 'score': -0.7105571835945494}, {'position': 3, 'category': 'datascience', 'score': -0.7697016170811116}, {'position': 4, 'category': 'cloud', 'score': -0.8875923392980978}]",,2,83,583,backend,revision,False,True,False
2e24d8fd-cb2b-4cab-b508-57f343fc6069,84,2026-08-06T03:16:41.521+00:00,str,how to secure azure storage with managed identities for a web app how to secure azure storage with managed identities for a web app introduction building a new app is exciting but shipping an app with poorly secured.,216,38,True,Inferencia completada.,revision,cloud,frontend,0.24189632471697975,0.23727047417775682,0.004625850539222931,Crítica,37,Revisión humana prioritaria,True,True,['Las dos categorías principales tienen puntuaciones muy cercanas.'],"[{'position': 1, 'category': 'cloud', 'score': 0.24189632471697975}, {'position': 2, 'category': 'frontend', 'score': 0.23727047417775682}, {'position': 3, 'category': 'datascience', 'score': -1.743035527580203}, {'position': 4, 'category': 'backend', 'score': -1.9317237870619675}]",,2,84,584,cloud,revision,False,True,False
2e24d8fd-cb2b-4cab-b508-57f343fc6069,85,2026-08-06T03:16:41.521+00:00,str,wrong drug name in wrong soap note out: error propagation wrong drug name in wrong soap note out: error propagation a clinical ai pipeline looks deceptively simple on a whiteboard. audio goes in. a speech-to-text. ai audio ai audio,231,39,True,Inferencia completada.,revision,datascience,backend,-0.06635124143646687,-0.6537830544201058,0.5874318129836389,Baja,18,Revisión humana recomendada,True,True,['El margen de decisión es reducido.'],"[{'position': 1, 'category': 'datascience', 'score': -0.06635124143646687}, {'position': 2, 'category': 'backend', 'score': -0.6537830544201058}, {'position': 3, 'category': 'frontend', 'score': -0.9348124645703146}, {'position': 4, 'category': 'cloud', 'score': -1.1337934825890545}]",,2,85,585,datascience,revision,False,True,False
2e24d8fd-cb2b-4cab-b508-57f343fc6069,86,2026-08-06T03:16:41.521+00:00,str,hpa vs vpa vs keda: which kubernetes autoscaler actually cuts your cloud bill hpa vs vpa vs keda: which kubernetes autoscaler actually cuts your cloud bill autoscaling is supposed to save money. a lot of the time it doesn t because people reach for the.,253,45,True,Inferencia completada.,aceptada,cloud,frontend,2.115339355981661,-1.576339925608432,3.691679281590093,Muy alta,41,Predicción automática,False,True,[],"[{'position': 1, 'category': 'cloud', 'score': 2.115339355981661}, {'position': 2, 'category': 'frontend', 'score': -1.576339925608432}, {'position': 3, 'category': 'backend', 'score': -1.6399670221062648}, {'position': 4, 'category': 'datascience', 'score': -2.163346666244098}]",,2,86,586,cloud,aceptada,False,False,False
2e24d8fd-cb2b-4cab-b508-57f343fc6069,87,2026-08-06T03:16:41.521+00:00,str,designing an observability-first data platform: architectures patterns and practical pipelines designing an observability-first data platform: architectures patterns and practical pipelines designing an observability-first data platform: architectures patterns and practical. practical practical,295,31,True,Inferencia completada.,aceptada,frontend,datascience,0.8955007263582705,-1.0671924089648015,1.962693135323072,Alta,16,Predicción automática,False,True,[],"[{'position': 1, 'category': 'frontend', 'score': 0.8955007263582705}, {'position': 2, 'category': 'datascience', 'score': -1.0671924089648015}, {'position': 3, 'category': 'backend', 'score': -1.2478668828503574}, {'position': 4, 'category': 'cloud', 'score': -1.4899873664560053}]",,2,87,587,frontend,aceptada,False,False,False
2e24d8fd-cb2b-4cab-b508-57f343fc6069,88,2026-08-06T03:16:41.521+00:00,str,backend development isn t just crud. abeg make we talk true. backend development isn t just crud. abeg make we talk true. i don lose count of how many times i don see this kind yarns online: backend development na just.,219,41,True,Inferencia completada.,aceptada,backend,cloud,1.5514457058985043,-1.4542313458081746,3.005677051706679,Alta,29,Predicción automática,False,True,[],"[{'position': 1, 'category': 'backend', 'score': 1.5514457058985043}, {'position': 2, 'category': 'cloud', 'score': -1.4542313458081746}, {'position': 3, 'category': 'datascience', 'score': -1.51635849052616}, {'position': 4, 'category': 'frontend', 'score': -1.5406312113894955}]",,2,88,588,backend,aceptada,False,False,False
2e24d8fd-cb2b-4cab-b508-57f343fc6069,89,2026-08-06T03:16:41.521+00:00,str,falcon cloud security june 2026 release: updates for azure and google cloud falcon cloud security june 2026 release: updates for azure and google cloud crowdstrike has announced significant updates to its falcon cloud security platform focusing on. crowdstrike falcon cloud security crowdstrike falcon cloud security,316,45,True,Inferencia completada.,aceptada,cloud,datascience,3.3372777031212593,-1.7177843904139953,5.055062093535255,Muy alta,28,Predicción automática,False,True,[],"[{'position': 1, 'category': 'cloud', 'score': 3.3372777031212593}, {'position': 2, 'category': 'datascience', 'score': -1.7177843904139953}, {'position': 3, 'category': 'frontend', 'score': -1.9625769860236577}, {'position': 4, 'category': 'backend', 'score': -2.571545828354123}]",,2,89,589,cloud,aceptada,False,False,False
2e24d8fd-cb2b-4cab-b508-57f343fc6069,90,2026-08-06T03:16:41.521+00:00,str,system design: how do we host an app that runs a job every 5 minutes system design: how do we host an app that runs a job every 5 minutes imagine you re building an app that needs to perform a task every 5 minutes. examples: send. every 5 minutes every 5 minutes,262,53,True,Inferencia completada.,aceptada,backend,frontend,0.8176413532039374,-0.9542407743281227,1.7718821275320602,Media,41,Predicción automática con monitoreo,False,True,[],"[{'position': 1, 'category': 'backend', 'score': 0.8176413532039374}, {'position': 2, 'category': 'frontend', 'score': -0.9542407743281227}, {'position': 3, 'category': 'cloud', 'score': -1.1067531944190185}, {'position': 4, 'category': 'datascience', 'score': -1.826571305038828}]",,2,90,590,backend,aceptada,False,False,False
2e24d8fd-cb2b-4cab-b508-57f343fc6069,91,2026-08-06T03:16:41.521+00:00,str,web developer travis mccracken on zero downtime deploys in kubernetes web developer travis mccracken on zero downtime deploys in kubernetes navigating the backend realm with rust and go: insights from web developer travis mccracken as a. the backend realm travis mccracken the backend realm travis mccracken,307,46,True,Inferencia completada.,aceptada,backend,cloud,1.2666135248505856,-1.3155600663224325,2.582173591173018,Alta,37,Predicción automática,False,True,[],"[{'position': 1, 'category': 'backend', 'score': 1.2666135248505856}, {'position': 2, 'category': 'cloud', 'score': -1.3155600663224325}, {'position': 3, 'category': 'datascience', 'score': -1.6380413896162547}, {'position': 4, 'category': 'frontend', 'score': -2.0102198845684813}]",,2,91,591,backend,aceptada,False,False,False
2e24d8fd-cb2b-4cab-b508-57f343fc6069,92,2026-08-06T03:16:41.521+00:00,str,how overprovisioning is draining your cloud budget how overprovisioning is draining your cloud budget new blog published: how overprovisioning is draining your cloud budget many kubernetes teams focus. new blog published: how overprovisioning is draining your cloud budget many kubernetes new blog published: how overprovisioning is draining your cloud budget many kubernetes,375,52,True,Inferencia completada.,revision,cloud,datascience,2.5920110226135105,-1.0211886210363332,3.6131996436498435,Muy alta,14,Revisión humana recomendada,True,True,['Cobertura reducida del vocabulario.'],"[{'position': 1, 'category': 'cloud', 'score': 2.5920110226135105}, {'position': 2, 'category': 'datascience', 'score': -1.0211886210363332}, {'position': 3, 'category': 'frontend', 'score': -2.0927882016218473}, {'position': 4, 'category': 'backend', 'score': -2.6157996177155174}]",,2,92,592,cloud,revision,False,False,True
2e24d8fd-cb2b-4cab-b508-57f343fc6069,93,2026-08-06T03:16:41.521+00:00,str,migrando um yms de 5 anos: do angular 16 ao 21 parte 9 -ux corporativa: dark mode grids dinâmicos e primeng na prática migrando um yms de 5 anos: do angular 16 ao 21 parte 9 -ux corporativa: dark mode grids dinâmicos e primeng na prática fala comunidade dev chegamos ao nono e último artigo da nossa série documentando a evolução. chegamos ao nono fala chegamos ao nono fala,374,69,True,Inferencia completada.,aceptada,frontend,datascience,2.0827736689158214,-1.4581308600176524,3.5409045289334737,Muy alta,44,Predicción automática,False,True,[],"[{'position': 1, 'category': 'frontend', 'score': 2.0827736689158214}, {'position': 2, 'category': 'datascience', 'score': -1.4581308600176524}, {'position': 3, 'category': 'cloud', 'score': -1.630200063978051}, {'position': 4, 'category': 'backend', 'score': -1.7912361163536055}]",,2,93,593,frontend,aceptada,False,False,False
2e24d8fd-cb2b-4cab-b508-57f343fc6069,94,2026-08-06T03:16:41.521+00:00,str,ditch ui libraries: headless components in react ditch ui libraries: headless components in react the css override nightmare when starting a new saas project at smart tech devs developers. smart tech devs the css override nightmare smart tech devs the css override nightmare,274,43,True,Inferencia completada.,aceptada,frontend,backend,2.664072280738704,-1.1882381118612833,3.8523103925999873,Muy alta,32,Predicción automática,False,True,[],"[{'position': 1, 'category': 'frontend', 'score': 2.664072280738704}, {'position': 2, 'category': 'backend', 'score': -1.1882381118612833}, {'position': 3, 'category': 'datascience', 'score': -2.1882271721726716}, {'position': 4, 'category': 'cloud', 'score': -2.590636873182916}]",,2,94,594,frontend,aceptada,False,False,False
2e24d8fd-cb2b-4cab-b508-57f343fc6069,95,2026-08-06T03:16:41.521+00:00,str,diagnosing mcmc: ess r-hat mcse and plots diagnosing mcmc: ess r-hat mcse and plots adapted from an appendix of my ms thesis. runtime diagnostics the following numerical.,170,27,True,Inferencia completada.,aceptada,datascience,backend,1.5544696147525605,-0.9420155921881358,2.4964852069406964,Alta,21,Predicción automática,False,True,[],"[{'position': 1, 'category': 'datascience', 'score': 1.5544696147525605}, {'position': 2, 'category': 'backend', 'score': -0.9420155921881358}, {'position': 3, 'category': 'cloud', 'score': -1.5940377250055826}, {'position': 4, 'category': 'frontend', 'score': -1.7128123525321621}]",,2,95,595,datascience,aceptada,False,False,False
2e24d8fd-cb2b-4cab-b508-57f343fc6069,96,2026-08-06T03:16:41.521+00:00,str,building a reliable messaging workflow for automated guest communication building a reliable messaging workflow for automated guest communication automated messaging is a core feature of many saas platforms especially in industries where.,238,32,True,Inferencia completada.,aceptada,backend,frontend,0.10667395173694372,-0.7029046896475242,0.8095786413844679,Media,27,Predicción automática con monitoreo,False,True,[],"[{'position': 1, 'category': 'backend', 'score': 0.10667395173694372}, {'position': 2, 'category': 'frontend', 'score': -0.7029046896475242}, {'position': 3, 'category': 'cloud', 'score': -1.1135425331734767}, {'position': 4, 'category': 'datascience', 'score': -1.214992795065002}]",,2,96,596,backend,aceptada,False,False,False
2e24d8fd-cb2b-4cab-b508-57f343fc6069,97,2026-08-06T03:16:41.521+00:00,str,frontend testing strategies 2026 frontend testing strategies 2026 frontend testing strategies 2026 a strong frontend testing strategy in 2026 is a layered.,155,22,True,Inferencia completada.,aceptada,frontend,cloud,2.7440837679267323,-1.0292698495338801,3.7733536174606126,Muy alta,18,Predicción automática,False,True,[],"[{'position': 1, 'category': 'frontend', 'score': 2.7440837679267323}, {'position': 2, 'category': 'cloud', 'score': -1.0292698495338801}, {'position': 3, 'category': 'datascience', 'score': -1.6003953845409484}, {'position': 4, 'category': 'backend', 'score': -2.8314542707504597}]",,2,97,597,frontend,aceptada,False,False,False
2e24d8fd-cb2b-4cab-b508-57f343fc6069,98,2026-08-06T03:16:41.521+00:00,str,my experience moving from aws to sevalla my experience moving from aws to sevalla most product teams have accepted infrastructure ownership as a normal part of software.,169,27,True,Inferencia completada.,aceptada,cloud,datascience,0.7870342315910638,-0.8993039930670924,1.6863382246581562,Media,26,Predicción automática con monitoreo,False,True,[],"[{'position': 1, 'category': 'cloud', 'score': 0.7870342315910638}, {'position': 2, 'category': 'datascience', 'score': -0.8993039930670924}, {'position': 3, 'category': 'frontend', 'score': -1.019783398179675}, {'position': 4, 'category': 'backend', 'score': -1.684068073006562}]",,2,98,598,cloud,aceptada,False,False,False
2e24d8fd-cb2b-4cab-b508-57f343fc6069,99,2026-08-06T03:16:41.521+00:00,str,fanout on write vs fanout on read: the feed decision that breaks you at exactly the wrong moment fanout on write vs fanout on read: the feed decision that breaks you at exactly the wrong moment fanout-on-write vs fanout-on-read for engineers: why every social feed ends up hybrid and how the naive design fails at the moment of success.,336,59,True,Inferencia completada.,aceptada,backend,datascience,1.0772110923429765,-0.6364733863515835,1.71368447869456,Media,38,Predicción automática con monitoreo,False,True,[],"[{'position': 1, 'category': 'backend', 'score': 1.0772110923429765}, {'position': 2, 'category': 'datascience', 'score': -0.6364733863515835}, {'position': 3, 'category': 'cloud', 'score': -1.5502284451873445}, {'position': 4, 'category': 'frontend', 'score': -1.7271412660684913}]",,2,99,599,backend,aceptada,False,False,False
2e24d8fd-cb2b-4cab-b508-57f343fc6069,100,2026-08-06T03:16:41.521+00:00,str,senior ai python developer us-based only senior ai python developer us-based only senior ai python developer us-based only we are looking for a highly skilled ai python. python developer ai python developer ai,209,33,True,Inferencia completada.,revision,datascience,backend,-0.2769452956310914,-0.5531240526446428,0.27617875701355143,Baja,16,Revisión humana recomendada,True,True,['El margen de decisión es reducido.'],"[{'position': 1, 'category': 'datascience', 'score': -0.2769452956310914}, {'position': 2, 'category': 'backend', 'score': -0.5531240526446428}, {'position': 3, 'category': 'cloud', 'score': -0.6596473063311411}, {'position': 4, 'category': 'frontend', 'score': -1.4408166826408069}]",,2,100,600,datascience,revision,False,True,False
2e24d8fd-cb2b-4cab-b508-57f343fc6069,101,2026-08-06T03:16:41.521+00:00,str,built-in middleware patterns built-in middleware patterns built-in middleware patterns in hyperlane project. middleware patterns hyperlane middleware patterns hyperlane,168,18,True,Inferencia completada.,revision,backend,frontend,1.3487080640784082,-0.9012756683303966,2.249983732408805,Alta,9,Revisión humana recomendada,True,True,['Cobertura reducida del vocabulario.'],"[{'position': 1, 'category': 'backend', 'score': 1.3487080640784082}, {'position': 2, 'category': 'frontend', 'score': -0.9012756683303966}, {'position': 3, 'category': 'datascience', 'score': -1.370945237786329}, {'position': 4, 'category': 'cloud', 'score': -1.5107257482734688}]",,2,101,601,backend,revision,False,False,True
2e24d8fd-cb2b-4cab-b508-57f343fc6069,102,2026-08-06T03:16:41.521+00:00,str,your pipeline is 28.9h behind: catching human rights sentiment leads with pulsebit your pipeline is 28.9h behind: catching human rights sentiment leads with pulsebit your pipeline is 28.9h behind: catching human rights sentiment leads with pulsebit we. 28.9h 28.9h,264,39,True,Inferencia completada.,aceptada,datascience,backend,1.3269600184955985,-1.3021109962945812,2.6290710147901795,Alta,27,Predicción automática,False,True,[],"[{'position': 1, 'category': 'datascience', 'score': 1.3269600184955985}, {'position': 2, 'category': 'backend', 'score': -1.3021109962945812}, {'position': 3, 'category': 'frontend', 'score': -1.3184858174518488}, {'position': 4, 'category': 'cloud', 'score': -1.7563701569707555}]",,2,102,602,datascience,aceptada,False,False,False
2e24d8fd-cb2b-4cab-b508-57f343fc6069,103,2026-08-06T03:16:41.521+00:00,str,lambda for webhooks ecs for workers: why we split them lambda for webhooks ecs for workers: why we split them when we extracted ach processing off the monolith the first architectural question was where to run.,210,36,True,Inferencia completada.,revision,backend,cloud,-0.02554663516020128,-0.41845566504115705,0.3929090298809558,Baja,30,Revisión humana recomendada,True,True,['El margen de decisión es reducido.'],"[{'position': 1, 'category': 'backend', 'score': -0.02554663516020128}, {'position': 2, 'category': 'cloud', 'score': -0.41845566504115705}, {'position': 3, 'category': 'frontend', 'score': -0.6961911955206916}, {'position': 4, 'category': 'datascience', 'score': -1.262428856084954}]",,2,103,603,backend,revision,False,True,False
2e24d8fd-cb2b-4cab-b508-57f343fc6069,104,2026-08-06T03:16:41.521+00:00,str,enterprise architecture governance models enterprise architecture governance models introduction in today s rapidly evolving digital landscape organizations are investing heavily in.,182,21,True,Inferencia completada.,aceptada,cloud,datascience,0.7608888964286468,-0.6111278034844033,1.37201669991305,Media,20,Predicción automática con monitoreo,False,True,[],"[{'position': 1, 'category': 'cloud', 'score': 0.7608888964286468}, {'position': 2, 'category': 'datascience', 'score': -0.6111278034844033}, {'position': 3, 'category': 'backend', 'score': -1.142367794594962}, {'position': 4, 'category': 'frontend', 'score': -1.7264543738732026}]",,2,104,604,cloud,aceptada,False,False,False
2e24d8fd-cb2b-4cab-b508-57f343fc6069,105,2026-08-06T03:16:41.521+00:00,str,costco: the anti-amazon and what it means for developers costco: the anti-amazon and what it means for developers exploring the concept of costco as the anti-amazon and its implications for developers and engineers costco anti-amazon costco anti-amazon,252,37,True,Inferencia completada.,revision,cloud,backend,-0.12018494584533768,-0.3147684315630481,0.19458348571771045,Crítica,25,Revisión humana prioritaria,True,True,['Las dos categorías principales tienen puntuaciones muy cercanas.'],"[{'position': 1, 'category': 'cloud', 'score': -0.12018494584533768}, {'position': 2, 'category': 'backend', 'score': -0.3147684315630481}, {'position': 3, 'category': 'frontend', 'score': -0.8982635253975296}, {'position': 4, 'category': 'datascience', 'score': -1.461897843442238}]",,2,105,605,cloud,revision,False,True,False
2e24d8fd-cb2b-4cab-b508-57f343fc6069,106,2026-08-06T03:16:41.521+00:00,str,stop guessing em values here s the formula every css dev needs + free tool stop guessing em values here s the formula every css dev needs + free tool most px-to-em converters give you a number and nothing else. i built one that shows the live formula handles parent font size bulk-converts entire type scales and outputs ready-to-paste css snippets. css css,357,63,True,Inferencia completada.,aceptada,frontend,datascience,1.1254928687522248,-1.0106620228569076,2.1361548916091326,Alta,48,Predicción automática,False,True,[],"[{'position': 1, 'category': 'frontend', 'score': 1.1254928687522248}, {'position': 2, 'category': 'datascience', 'score': -1.0106620228569076}, {'position': 3, 'category': 'backend', 'score': -1.4691560299727244}, {'position': 4, 'category': 'cloud', 'score': -1.5161991269370811}]",,2,106,606,frontend,aceptada,False,False,False
2e24d8fd-cb2b-4cab-b508-57f343fc6069,107,2026-08-06T03:16:41.521+00:00,str,how to add lottie animations to vue.js 2025 guide how to add lottie animations to vue.js 2025 guide complete guide to using lottie animations in vue 3 with lottiefiles/dotlottie-vue and lottie-web. includes free animation sources and editor tools. lottie vue 3 lottie vue 3,273,44,True,Inferencia completada.,aceptada,frontend,cloud,1.2447040924753199,-0.6324241866550961,1.877128279130416,Alta,29,Predicción automática,False,True,[],"[{'position': 1, 'category': 'frontend', 'score': 1.2447040924753199}, {'position': 2, 'category': 'cloud', 'score': -0.6324241866550961}, {'position': 3, 'category': 'datascience', 'score': -1.5839921227091454}, {'position': 4, 'category': 'backend', 'score': -1.7629056106123904}]",,2,107,607,frontend,aceptada,False,False,False
2e24d8fd-cb2b-4cab-b508-57f343fc6069,108,2026-08-06T03:16:41.521+00:00,str,the everyday backend engineer: step 2 the factory pattern the everyday backend engineer: step 2 the factory pattern welcome back to our series the everyday backend engineer: practical design patterns. in the last. the everyday backend engineer: practical design patterns the everyday backend engineer: practical design patterns,327,47,True,Inferencia completada.,aceptada,backend,frontend,1.2190388034837754,-1.10221292520455,2.3212517286883254,Alta,30,Predicción automática,False,True,[],"[{'position': 1, 'category': 'backend', 'score': 1.2190388034837754}, {'position': 2, 'category': 'frontend', 'score': -1.10221292520455}, {'position': 3, 'category': 'cloud', 'score': -1.520688715386632}, {'position': 4, 'category': 'datascience', 'score': -1.6763144395388525}]",,2,108,608,backend,aceptada,False,False,False
2e24d8fd-cb2b-4cab-b508-57f343fc6069,109,2026-08-06T03:16:41.521+00:00,str,52/60 days system design questions 52/60 days system design questions your api just shipped a breaking change./users now returns fullname instead of first_name +,161,24,True,Inferencia completada.,aceptada,backend,frontend,1.8077593520393997,-0.6084215658394594,2.416180917878859,Alta,24,Predicción automática,False,True,[],"[{'position': 1, 'category': 'backend', 'score': 1.8077593520393997}, {'position': 2, 'category': 'frontend', 'score': -0.6084215658394594}, {'position': 3, 'category': 'cloud', 'score': -1.8135109237279137}, {'position': 4, 'category': 'datascience', 'score': -2.396265114523325}]",,2,109,609,backend,aceptada,False,False,False
2e24d8fd-cb2b-4cab-b508-57f343fc6069,110,2026-08-06T03:16:41.521+00:00,str,pcloud crypto vs zero-knowledge storage: what you are actually paying for pcloud crypto vs zero-knowledge storage: what you are actually paying for are you looking into pcloud crypto vs zero-knowledge storage here s a quick overview of what you. zero zero,255,41,True,Inferencia completada.,aceptada,cloud,backend,1.0603652145608198,-1.1214009951144324,2.181766209675252,Alta,35,Predicción automática,False,True,[],"[{'position': 1, 'category': 'cloud', 'score': 1.0603652145608198}, {'position': 2, 'category': 'backend', 'score': -1.1214009951144324}, {'position': 3, 'category': 'datascience', 'score': -1.1256638046882157}, {'position': 4, 'category': 'frontend', 'score': -1.7661991645960677}]",,2,110,610,cloud,aceptada,False,False,False
2e24d8fd-cb2b-4cab-b508-57f343fc6069,111,2026-08-06T03:16:41.521+00:00,str,your pipeline is 22.0h behind: catching machine learning sentiment leads with pulsebit your pipeline is 22.0h behind: catching machine learning sentiment leads with pulsebit your pipeline just hit a 24h momentum spike of-0.500 related to machine learning sentiment which is.,274,40,True,Inferencia completada.,aceptada,datascience,backend,1.9753134417625033,-1.715403701734157,3.69071714349666,Muy alta,40,Predicción automática,False,True,[],"[{'position': 1, 'category': 'datascience', 'score': 1.9753134417625033}, {'position': 2, 'category': 'backend', 'score': -1.715403701734157}, {'position': 3, 'category': 'cloud', 'score': -1.7766043245957892}, {'position': 4, 'category': 'frontend', 'score': -1.7968376228457066}]",,2,111,611,datascience,aceptada,False,False,False
2e24d8fd-cb2b-4cab-b508-57f343fc6069,112,2026-08-06T03:16:41.521+00:00,str,the diamond guide: hardness color science and the economics of a birthstone the diamond guide: hardness color science and the economics of a birthstone the april birthstone is the diamond but it s not just about sparkle. i recently published a. april april,256,43,True,Inferencia completada.,revision,frontend,cloud,-0.4064775562521226,-0.5872477563873211,0.18077020013519846,Crítica,30,Revisión humana prioritaria,True,True,['Las dos categorías principales tienen puntuaciones muy cercanas.'],"[{'position': 1, 'category': 'frontend', 'score': -0.4064775562521226}, {'position': 2, 'category': 'cloud', 'score': -0.5872477563873211}, {'position': 3, 'category': 'datascience', 'score': -0.6196257986751142}, {'position': 4, 'category': 'backend', 'score': -1.243004761780722}]",,2,112,612,frontend,revision,False,True,False
2e24d8fd-cb2b-4cab-b508-57f343fc6069,113,2026-08-06T03:16:41.521+00:00,str,how i built a real-time formula 1 stats tracker: safety car decisive again in confusing end to chaotic race how i built a real-time formula 1 stats tracker: safety car decisive again in confusing end to chaotic race how i built a real-time formula 1 stats tracker: safety car decisive again in confusing end.,308,54,True,Inferencia completada.,aceptada,datascience,backend,0.2727777545695289,-0.7531116413931264,1.0258893959626554,Media,23,Predicción automática con monitoreo,False,True,[],"[{'position': 1, 'category': 'datascience', 'score': 0.2727777545695289}, {'position': 2, 'category': 'backend', 'score': -0.7531116413931264}, {'position': 3, 'category': 'frontend', 'score': -1.1669799649815882}, {'position': 4, 'category': 'cloud', 'score': -1.288042650546974}]",,2,113,613,datascience,aceptada,False,False,False
2e24d8fd-cb2b-4cab-b508-57f343fc6069,114,2026-08-06T03:16:41.521+00:00,str,5 lessons from migrating a legacy wpf desktop app to the cloud 5 lessons from migrating a legacy wpf desktop app to the cloud migrating a legacy wpf desktop application to a cloud-based web platform is one of those projects.,224,40,True,Inferencia completada.,aceptada,cloud,frontend,0.5737374012418025,-0.7757203234852449,1.3494577247270474,Media,33,Predicción automática con monitoreo,False,True,[],"[{'position': 1, 'category': 'cloud', 'score': 0.5737374012418025}, {'position': 2, 'category': 'frontend', 'score': -0.7757203234852449}, {'position': 3, 'category': 'backend', 'score': -1.4062337415827932}, {'position': 4, 'category': 'datascience', 'score': -1.4137233806013239}]",,2,114,614,cloud,aceptada,False,False,False
2e24d8fd-cb2b-4cab-b508-57f343fc6069,115,2026-08-06T03:16:41.521+00:00,str,the fundamentals of data modelling through power bi the fundamentals of data modelling through power bi power bi is a suite of business analytics and data visualization tools developed by microsoft. it. power bi microsoft power bi microsoft,240,38,True,Inferencia completada.,aceptada,datascience,cloud,2.2329617863831515,-0.8956954591634041,3.1286572455465556,Alta,32,Predicción automática,False,True,[],"[{'position': 1, 'category': 'datascience', 'score': 2.2329617863831515}, {'position': 2, 'category': 'cloud', 'score': -0.8956954591634041}, {'position': 3, 'category': 'frontend', 'score': -1.8958323681799718}, {'position': 4, 'category': 'backend', 'score': -2.088381302444006}]",,2,115,615,datascience,aceptada,False,False,False
2e24d8fd-cb2b-4cab-b508-57f343fc6069,116,2026-08-06T03:16:41.521+00:00,str,pinnacle killed its public api. here s how to get pinnacle odds in 2026 with code pinnacle killed its public api. here s how to get pinnacle odds in 2026 with code if you build betting models you already know the bad news: pinnacle shut down public access to its. pinnacle pinnacle,281,52,True,Inferencia completada.,revision,datascience,cloud,-0.0035484000607433064,-0.5439414711879538,0.5403930711272105,Baja,39,Revisión humana recomendada,True,True,['El margen de decisión es reducido.'],"[{'position': 1, 'category': 'datascience', 'score': -0.0035484000607433064}, {'position': 2, 'category': 'cloud', 'score': -0.5439414711879538}, {'position': 3, 'category': 'backend', 'score': -0.9970632848873442}, {'position': 4, 'category': 'frontend', 'score': -1.187923267081726}]",,2,116,616,datascience,revision,False,True,False
2e24d8fd-cb2b-4cab-b508-57f343fc6069,117,2026-08-06T03:16:41.521+00:00,str,building an iam service with fastapi: refresh token families totp mfa and rbac building an iam service with fastapi: refresh token families totp mfa and rbac authcore is a production-style identity and access management api built with fastapi postgresql identity and access management api identity and access management api,323,49,True,Inferencia completada.,aceptada,backend,cloud,0.7992904008402205,-0.31176837572332106,1.1110587765635416,Media,26,Predicción automática con monitoreo,False,True,[],"[{'position': 1, 'category': 'backend', 'score': 0.7992904008402205}, {'position': 2, 'category': 'cloud', 'score': -0.31176837572332106}, {'position': 3, 'category': 'frontend', 'score': -1.7602672741411656}, {'position': 4, 'category': 'datascience', 'score': -1.89087067665055}]",,2,117,617,backend,aceptada,False,False,False
2e24d8fd-cb2b-4cab-b508-57f343fc6069,118,2026-08-06T03:16:41.521+00:00,str,how businesses in dubai can choose the right enterprise ai server 2025 guide how businesses in dubai can choose the right enterprise ai server 2025 guide ai infrastructure is no longer a future investment for businesses in the uae it s a present-day. ai uae ai uae,264,47,True,Inferencia completada.,aceptada,cloud,datascience,1.2859617841979691,-0.49943239654958627,1.7853941807475553,Media,36,Predicción automática con monitoreo,False,True,[],"[{'position': 1, 'category': 'cloud', 'score': 1.2859617841979691}, {'position': 2, 'category': 'datascience', 'score': -0.49943239654958627}, {'position': 3, 'category': 'backend', 'score': -1.4871531569491852}, {'position': 4, 'category': 'frontend', 'score': -2.033361802044805}]",,2,118,618,cloud,aceptada,False,False,False
2e24d8fd-cb2b-4cab-b508-57f343fc6069,119,2026-08-06T03:16:41.521+00:00,str,stop god components: react composition patterns stop god components: react composition patterns the god component anti-pattern when building saas interfaces at smart tech devs developers. smart tech devs smart tech devs,219,31,True,Inferencia completada.,aceptada,frontend,backend,2.300950041799883,-0.8638582790920907,3.1648083208919737,Alta,22,Predicción automática,False,True,[],"[{'position': 1, 'category': 'frontend', 'score': 2.300950041799883}, {'position': 2, 'category': 'backend', 'score': -0.8638582790920907}, {'position': 3, 'category': 'datascience', 'score': -2.1446626793322947}, {'position': 4, 'category': 'cloud', 'score': -2.5008003099790757}]",,2,119,619,frontend,aceptada,False,False,False
2e24d8fd-cb2b-4cab-b508-57f343fc6069,120,2026-08-06T03:16:41.521+00:00,str,angularjs in 2025: why it s still relevant and risky for legacy systems angularjs in 2025: why it s still relevant and risky for legacy systems introduction to angularjs: what it was and why it matters angularjs revolutionized web.,231,39,True,Inferencia completada.,revision,cloud,frontend,-0.11840712786742202,-0.5554363885013645,0.43702926063394243,Baja,26,Revisión humana recomendada,True,True,['El margen de decisión es reducido.'],"[{'position': 1, 'category': 'cloud', 'score': -0.11840712786742202}, {'position': 2, 'category': 'frontend', 'score': -0.5554363885013645}, {'position': 3, 'category': 'backend', 'score': -0.6843138768667033}, {'position': 4, 'category': 'datascience', 'score': -1.2748857532037705}]",,2,120,620,cloud,revision,False,True,False
2e24d8fd-cb2b-4cab-b508-57f343fc6069,121,2026-08-06T03:16:41.521+00:00,str,javascript html dom api javascript html dom api what is api an api application programming interface is a set of rules that allows two.,135,24,True,Inferencia completada.,aceptada,frontend,backend,1.8452969571124056,-0.9862101754019259,2.8315071325143313,Alta,28,Predicción automática,False,True,[],"[{'position': 1, 'category': 'frontend', 'score': 1.8452969571124056}, {'position': 2, 'category': 'backend', 'score': -0.9862101754019259}, {'position': 3, 'category': 'cloud', 'score': -1.5444639372441133}, {'position': 4, 'category': 'datascience', 'score': -1.6610832979819645}]",,2,121,621,frontend,aceptada,False,False,False
2e24d8fd-cb2b-4cab-b508-57f343fc6069,122,2026-08-06T03:16:41.521+00:00,str,data science training in kerala: your complete guide to building a future-ready career data science training in kerala: your complete guide to building a future-ready career data has become one of the world s most valuable resources. every online purchase social media.,269,42,True,Inferencia completada.,aceptada,datascience,frontend,1.2984412487565993,-0.8658189195752087,2.164260168331808,Alta,45,Predicción automática,False,True,[],"[{'position': 1, 'category': 'datascience', 'score': 1.2984412487565993}, {'position': 2, 'category': 'frontend', 'score': -0.8658189195752087}, {'position': 3, 'category': 'backend', 'score': -1.4719349587103014}, {'position': 4, 'category': 'cloud', 'score': -1.8599708680194782}]",,2,122,622,datascience,aceptada,False,False,False
2e24d8fd-cb2b-4cab-b508-57f343fc6069,123,2026-08-06T03:16:41.521+00:00,str,fan-out architecture fan-out architecture one-liner: fan-out means one event triggers multiple parallel downstream processes like dropping a.,141,17,True,Inferencia completada.,revision,backend,frontend,0.7052221471501993,-1.0496941110057993,1.7549162581559985,Media,13,Revisión humana recomendada,True,True,['Cobertura reducida del vocabulario.'],"[{'position': 1, 'category': 'backend', 'score': 0.7052221471501993}, {'position': 2, 'category': 'frontend', 'score': -1.0496941110057993}, {'position': 3, 'category': 'datascience', 'score': -1.1957015761977932}, {'position': 4, 'category': 'cloud', 'score': -1.3794591876699713}]",,2,123,623,backend,revision,False,False,True
2e24d8fd-cb2b-4cab-b508-57f343fc6069,124,2026-08-06T03:16:41.521+00:00,str,world cup 2026: why spain s 9-goal rampage doesn t mean they ll win it all jun 28 world cup 2026: why spain s 9-goal rampage doesn t mean they ll win it all jun 28 spain has demolished two opponents 4-0 saudi arabia 1-0 uruguay in their opening matches while. saudi arabia spain saudi arabia spain,297,57,True,Inferencia completada.,aceptada,datascience,cloud,1.284106227952119,-0.7904884920693567,2.0745947200214756,Alta,39,Predicción automática,False,True,[],"[{'position': 1, 'category': 'datascience', 'score': 1.284106227952119}, {'position': 2, 'category': 'cloud', 'score': -0.7904884920693567}, {'position': 3, 'category': 'backend', 'score': -1.272425029617084}, {'position': 4, 'category': 'frontend', 'score': -1.7971291785534804}]",,2,124,624,datascience,aceptada,False,False,False
2e24d8fd-cb2b-4cab-b508-57f343fc6069,125,2026-08-06T03:16:41.521+00:00,str,postgresql best practices for backend developers postgresql best practices for backend developers design your database schema carefully a well-designed schema is the foundation of a successful.,193,26,True,Inferencia completada.,aceptada,backend,datascience,1.7001594573877616,-1.3546468888822427,3.0548063462700044,Alta,26,Predicción automática,False,True,[],"[{'position': 1, 'category': 'backend', 'score': 1.7001594573877616}, {'position': 2, 'category': 'datascience', 'score': -1.3546468888822427}, {'position': 3, 'category': 'frontend', 'score': -1.4615888074983232}, {'position': 4, 'category': 'cloud', 'score': -2.213186548110685}]",,2,125,625,backend,aceptada,False,False,False
2e24d8fd-cb2b-4cab-b508-57f343fc6069,126,2026-08-06T03:16:41.521+00:00,str,my website s readability is lacking solved with pretendard font and code line wrapping 2026 my website s readability is lacking solved with pretendard font and code line wrapping 2026 are your website s fonts looking dull and your code block text getting cut off check out my experience solving these issues by applying the pretendard font and adjusting css settings. css pretendard css pretendard,397,65,True,Inferencia completada.,aceptada,frontend,cloud,1.25230173889123,-1.070227048530641,2.322528787421871,Alta,33,Predicción automática,False,True,[],"[{'position': 1, 'category': 'frontend', 'score': 1.25230173889123}, {'position': 2, 'category': 'cloud', 'score': -1.070227048530641}, {'position': 3, 'category': 'datascience', 'score': -1.1141257160616858}, {'position': 4, 'category': 'backend', 'score': -1.8267861877375537}]",,2,126,626,frontend,aceptada,False,False,False
2e24d8fd-cb2b-4cab-b508-57f343fc6069,127,2026-08-06T03:16:41.521+00:00,str,web developer travis mccracken on a case study in backend rewrite in rust web developer travis mccracken on a case study in backend rewrite in rust exploring the power of backend development with rust and go: insights from web developer travis. the power of backend development the power of backend development,310,51,True,Inferencia completada.,aceptada,backend,datascience,1.840303474023791,-1.0406638755492787,2.8809673495730697,Alta,48,Predicción automática,False,True,[],"[{'position': 1, 'category': 'backend', 'score': 1.840303474023791}, {'position': 2, 'category': 'datascience', 'score': -1.0406638755492787}, {'position': 3, 'category': 'frontend', 'score': -1.9922257785121191}, {'position': 4, 'category': 'cloud', 'score': -2.3217711001074774}]",,2,127,627,backend,aceptada,False,False,False
2e24d8fd-cb2b-4cab-b508-57f343fc6069,128,2026-08-06T03:16:41.521+00:00,str,how to validate iso 20022 payment messages in nestjs before money moves how to validate iso 20022 payment messages in nestjs before money moves a bank receives a payment instruction from another bank. before a single dollar or pound moves that.,244,41,True,Inferencia completada.,aceptada,backend,datascience,1.4184836188773615,-1.0232878066335802,2.4417714255109417,Alta,26,Predicción automática,False,True,[],"[{'position': 1, 'category': 'backend', 'score': 1.4184836188773615}, {'position': 2, 'category': 'datascience', 'score': -1.0232878066335802}, {'position': 3, 'category': 'cloud', 'score': -1.250547943892891}, {'position': 4, 'category': 'frontend', 'score': -1.9044878772135818}]",,2,128,628,backend,aceptada,False,False,False
2e24d8fd-cb2b-4cab-b508-57f343fc6069,129,2026-08-06T03:16:41.521+00:00,str,stop race conditions: react abortcontrollers stop race conditions: react abortcontrollers the unmounted component trap in highly interactive dashboards at smart tech devs users navigate. smart tech devs the unmounted component trap smart tech devs the unmounted component trap,276,38,True,Inferencia completada.,aceptada,frontend,backend,1.0321443888105035,-0.0551130445750152,1.0872574333855187,Media,23,Predicción automática con monitoreo,False,True,[],"[{'position': 1, 'category': 'frontend', 'score': 1.0321443888105035}, {'position': 2, 'category': 'backend', 'score': -0.0551130445750152}, {'position': 3, 'category': 'datascience', 'score': -1.7898790721113982}, {'position': 4, 'category': 'cloud', 'score': -2.2039985107948716}]",,2,129,629,frontend,aceptada,False,False,False
2e24d8fd-cb2b-4cab-b508-57f343fc6069,130,2026-08-06T03:16:41.521+00:00,str,your pipeline is 28.2h behind: catching renewable energy sentiment leads with pulsebit your pipeline is 28.2h behind: catching renewable energy sentiment leads with pulsebit your pipeline just missed a significant anomaly: a 24-hour momentum spike of-0.331 in the sentiment.,274,39,True,Inferencia completada.,aceptada,datascience,backend,1.5029021432079026,-1.4820336521956121,2.9849357954035147,Alta,44,Predicción automática,False,True,[],"[{'position': 1, 'category': 'datascience', 'score': 1.5029021432079026}, {'position': 2, 'category': 'backend', 'score': -1.4820336521956121}, {'position': 3, 'category': 'frontend', 'score': -1.5261181296797903}, {'position': 4, 'category': 'cloud', 'score': -1.6005088082760186}]",,2,130,630,datascience,aceptada,False,False,False
2e24d8fd-cb2b-4cab-b508-57f343fc6069,131,2026-08-06T03:16:41.521+00:00,str,what is metadata filtering in vector search what is metadata filtering in vector search most ai teams obsess over embeddings and models. the smartest ones obsess over retrieval. ai ai,183,30,True,Inferencia completada.,revision,backend,datascience,-0.26041817442229864,-0.40931729432026515,0.1488991198979665,Crítica,22,Revisión humana prioritaria,True,True,['Las dos categorías principales tienen puntuaciones muy cercanas.'],"[{'position': 1, 'category': 'backend', 'score': -0.26041817442229864}, {'position': 2, 'category': 'datascience', 'score': -0.40931729432026515}, {'position': 3, 'category': 'cloud', 'score': -0.6458915003136727}, {'position': 4, 'category': 'frontend', 'score': -1.4893045679910228}]",,2,131,631,backend,revision,False,True,False
2e24d8fd-cb2b-4cab-b508-57f343fc6069,132,2026-08-06T03:16:41.521+00:00,str,buy linkedin accounts aged id verified instant access buy linkedin accounts aged id verified instant access buy linkedin accounts in today s digital landscape linkedin stands out as a powerful tool for. buy linkedin accounts linkedin buy linkedin accounts linkedin,264,40,True,Inferencia completada.,aceptada,cloud,frontend,0.10813112690995774,-0.7772723424614995,0.8854034693714572,Media,29,Predicción automática con monitoreo,False,True,[],"[{'position': 1, 'category': 'cloud', 'score': 0.10813112690995774}, {'position': 2, 'category': 'frontend', 'score': -0.7772723424614995}, {'position': 3, 'category': 'backend', 'score': -1.154385457842904}, {'position': 4, 'category': 'datascience', 'score': -1.1622464286738672}]",,2,132,632,cloud,aceptada,False,False,False
2e24d8fd-cb2b-4cab-b508-57f343fc6069,133,2026-08-06T03:16:41.521+00:00,str,i built a biomedical rag system and a 40-year-old algorithm beat my vector database i built a biomedical rag system and a 40-year-old algorithm beat my vector database a hands-on walkthrough of a retrieval-augmented qa pipeline over pubmed abstracts the evaluation. pubmed qa pubmed qa,285,45,True,Inferencia completada.,revision,backend,datascience,0.3060604611288401,-0.0036749852479569523,0.30973544637679706,Baja,28,Revisión humana recomendada,True,True,['El margen de decisión es reducido.'],"[{'position': 1, 'category': 'backend', 'score': 0.3060604611288401}, {'position': 2, 'category': 'datascience', 'score': -0.0036749852479569523}, {'position': 3, 'category': 'cloud', 'score': -1.610980687622558}, {'position': 4, 'category': 'frontend', 'score': -1.7283204559416703}]",,2,133,633,backend,revision,False,True,False
2e24d8fd-cb2b-4cab-b508-57f343fc6069,134,2026-08-06T03:16:41.521+00:00,str,docker swarm vs kubernetes for small teams which one should you use docker swarm vs kubernetes for small teams which one should you use docker swarm is a more suitable orchestrator than kubernetes for small teams. table of. docker swarm kubernetes docker swarm kubernetes,271,44,True,Inferencia completada.,aceptada,cloud,frontend,0.28582443138453806,-0.6999299845232814,0.9857544159078194,Media,28,Predicción automática con monitoreo,False,True,[],"[{'position': 1, 'category': 'cloud', 'score': 0.28582443138453806}, {'position': 2, 'category': 'frontend', 'score': -0.6999299845232814}, {'position': 3, 'category': 'datascience', 'score': -1.3457173707577281}, {'position': 4, 'category': 'backend', 'score': -1.3981438449831216}]",,2,134,634,cloud,aceptada,False,False,False
2e24d8fd-cb2b-4cab-b508-57f343fc6069,135,2026-08-06T03:16:41.521+00:00,str,rate limiting like a jedi: building a real time notification system at scale rate limiting like a jedi: building a real time notification system at scale the quest begins the why i still remember the night our notification service went from.,241,41,True,Inferencia completada.,aceptada,backend,frontend,1.313440641211054,-1.2375511144286016,2.5509917556396555,Alta,45,Predicción automática,False,True,[],"[{'position': 1, 'category': 'backend', 'score': 1.313440641211054}, {'position': 2, 'category': 'frontend', 'score': -1.2375511144286016}, {'position': 3, 'category': 'datascience', 'score': -1.384052930900351}, {'position': 4, 'category': 'cloud', 'score': -1.8557872993010776}]",,2,135,635,backend,aceptada,False,False,False
2e24d8fd-cb2b-4cab-b508-57f343fc6069,136,2026-08-06T03:16:41.521+00:00,str,report writing service report writing service report writing service our academic writing.,90,12,True,Inferencia completada.,revision,frontend,datascience,-0.0703482601019979,-0.2937620192306174,0.2234137591286195,Crítica,6,Revisión humana prioritaria,True,True,"['Cobertura reducida del vocabulario.', 'Las dos categorías principales tienen puntuaciones muy cercanas.']","[{'position': 1, 'category': 'frontend', 'score': -0.0703482601019979}, {'position': 2, 'category': 'datascience', 'score': -0.2937620192306174}, {'position': 3, 'category': 'backend', 'score': -0.9963262705264898}, {'position': 4, 'category': 'cloud', 'score': -1.0593159315480452}]",,2,136,636,frontend,revision,False,True,True
2e24d8fd-cb2b-4cab-b508-57f343fc6069,137,2026-08-06T03:16:41.521+00:00,str,key strategies for edge ai implementation key strategies for edge ai implementation understanding edge ai let s face it: building intelligent systems with minimal latency is.,174,26,True,Inferencia completada.,revision,frontend,cloud,0.05024472335282354,-0.3244362998817753,0.37468102323459884,Baja,24,Revisión humana recomendada,True,True,['El margen de decisión es reducido.'],"[{'position': 1, 'category': 'frontend', 'score': 0.05024472335282354}, {'position': 2, 'category': 'cloud', 'score': -0.3244362998817753}, {'position': 3, 'category': 'backend', 'score': -1.2109413165478797}, {'position': 4, 'category': 'datascience', 'score': -1.3373604895270488}]",,2,137,637,frontend,revision,False,True,False
2e24d8fd-cb2b-4cab-b508-57f343fc6069,138,2026-08-06T03:16:41.521+00:00,str,the cloud storage privacy wars: how big tech lost the plot the cloud storage privacy wars: how big tech lost the plot are you looking into the cloud storage privacy wars here s a quick overview of what you need to.,214,41,True,Inferencia completada.,aceptada,cloud,backend,3.083435708984931,-1.9936765824989386,5.0771122914838696,Muy alta,37,Predicción automática,False,True,[],"[{'position': 1, 'category': 'cloud', 'score': 3.083435708984931}, {'position': 2, 'category': 'backend', 'score': -1.9936765824989386}, {'position': 3, 'category': 'datascience', 'score': -2.1028035925839337}, {'position': 4, 'category': 'frontend', 'score': -2.346291184429382}]",,2,138,638,cloud,aceptada,False,False,False
2e24d8fd-cb2b-4cab-b508-57f343fc6069,139,2026-08-06T03:16:41.521+00:00,str,building a ci/cd pipeline with git jenkins and docker made easy building a ci/cd pipeline with git jenkins and docker made easy to automate code integration testing and containerized deployment a ci/cd pipeline with git ci git ci git,233,39,True,Inferencia completada.,revision,cloud,frontend,0.4503266744514097,-0.03749553446007786,0.4878222089114876,Baja,28,Revisión humana recomendada,True,True,['El margen de decisión es reducido.'],"[{'position': 1, 'category': 'cloud', 'score': 0.4503266744514097}, {'position': 2, 'category': 'frontend', 'score': -0.03749553446007786}, {'position': 3, 'category': 'backend', 'score': -1.6275310180284603}, {'position': 4, 'category': 'datascience', 'score': -1.6426663293969264}]",,2,139,639,cloud,revision,False,True,False
2e24d8fd-cb2b-4cab-b508-57f343fc6069,140,2026-08-06T03:16:41.521+00:00,str,"fable 5 s shutdown means your model is revocable fable 5 s shutdown means your model is revocable a us directive disabled anthropic s fable 5 and mythos 5 in hours on june 12 2026. the operator lesson is supply-chain continuity not the jailbreak. mythos 5 june 12, 2026 anthropic's fable 5 mythos 5 june 12, 2026 anthropic's fable 5",332,60,True,Inferencia completada.,aceptada,cloud,backend,0.3185980145648023,-0.8977853942213335,1.2163834087861358,Media,35,Predicción automática con monitoreo,False,True,[],"[{'position': 1, 'category': 'cloud', 'score': 0.3185980145648023}, {'position': 2, 'category': 'backend', 'score': -0.8977853942213335}, {'position': 3, 'category': 'datascience', 'score': -0.9327913614084741}, {'position': 4, 'category': 'frontend', 'score': -1.1961762698659286}]",,2,140,640,cloud,aceptada,False,False,False
2e24d8fd-cb2b-4cab-b508-57f343fc6069,141,2026-08-06T03:16:41.521+00:00,str,medium data: when your file is too big for pandas but too small for spark medium data: when your file is too big for pandas but too small for spark there s an awkward size of data nobody wants to own. your file is a few gb. you open it in pandas. gb gb,252,54,True,Inferencia completada.,revision,datascience,cloud,-0.06455725380866573,-0.548418502306919,0.4838612484982533,Baja,38,Revisión humana recomendada,True,True,['El margen de decisión es reducido.'],"[{'position': 1, 'category': 'datascience', 'score': -0.06455725380866573}, {'position': 2, 'category': 'cloud', 'score': -0.548418502306919}, {'position': 3, 'category': 'frontend', 'score': -0.8747400844481694}, {'position': 4, 'category': 'backend', 'score': -0.9626468958805224}]",,2,141,641,datascience,revision,False,True,False
2e24d8fd-cb2b-4cab-b508-57f343fc6069,142,2026-08-06T03:16:41.521+00:00,str,auth email outbox checks in postgresql auth email outbox checks in postgresql a backend guide to validating auth emails with a postgresql outbox flow isolated inboxes and fewer stale-token bugs in ci. ci ci,206,34,True,Inferencia completada.,aceptada,backend,cloud,1.6208242364112393,-1.2098944676882009,2.83071870409944,Alta,31,Predicción automática,False,True,[],"[{'position': 1, 'category': 'backend', 'score': 1.6208242364112393}, {'position': 2, 'category': 'cloud', 'score': -1.2098944676882009}, {'position': 3, 'category': 'datascience', 'score': -1.5114195796155028}, {'position': 4, 'category': 'frontend', 'score': -1.8511485070398157}]",,2,142,642,backend,aceptada,False,False,False
2e24d8fd-cb2b-4cab-b508-57f343fc6069,143,2026-08-06T03:16:41.521+00:00,str,your pipeline is 22.3h behind: catching hardware sentiment leads with pulsebit your pipeline is 22.3h behind: catching hardware sentiment leads with pulsebit your pipeline is 22.3h behind: catching hardware sentiment leads with pulsebit we recently. 22.3h 22.3h,261,37,True,Inferencia completada.,aceptada,datascience,frontend,1.4863281851728418,-1.3599368115385537,2.8462649967113958,Alta,26,Predicción automática,False,True,[],"[{'position': 1, 'category': 'datascience', 'score': 1.4863281851728418}, {'position': 2, 'category': 'frontend', 'score': -1.3599368115385537}, {'position': 3, 'category': 'backend', 'score': -1.5418247198098078}, {'position': 4, 'category': 'cloud', 'score': -1.7403471605331111}]",,2,143,643,datascience,aceptada,False,False,False
2e24d8fd-cb2b-4cab-b508-57f343fc6069,144,2026-08-06T03:16:41.521+00:00,str,css filter generator visual filter builder with live preview css filter generator visual filter builder with live preview overview css filter generator builds filter css declarations visually. css filter generator css filter generator,234,33,True,Inferencia completada.,revision,frontend,cloud,1.6199007048793073,-1.3537981898656253,2.9736988947449325,Alta,14,Revisión humana recomendada,True,True,['Cobertura reducida del vocabulario.'],"[{'position': 1, 'category': 'frontend', 'score': 1.6199007048793073}, {'position': 2, 'category': 'cloud', 'score': -1.3537981898656253}, {'position': 3, 'category': 'datascience', 'score': -1.3947287429329331}, {'position': 4, 'category': 'backend', 'score': -1.8933937339170357}]",,2,144,644,frontend,revision,False,False,True
2e24d8fd-cb2b-4cab-b508-57f343fc6069,145,2026-08-06T03:16:41.521+00:00,str,how to optimize frontend performance: a hands-on tutorial how to optimize frontend performance: a hands-on tutorial how to optimize frontend performance: a hands-on tutorial frontend performance directly.,204,27,True,Inferencia completada.,aceptada,frontend,cloud,1.7649118452464072,-1.3475044542235541,3.1124162994699613,Alta,16,Predicción automática,False,True,[],"[{'position': 1, 'category': 'frontend', 'score': 1.7649118452464072}, {'position': 2, 'category': 'cloud', 'score': -1.3475044542235541}, {'position': 3, 'category': 'datascience', 'score': -1.3817006007825083}, {'position': 4, 'category': 'backend', 'score': -2.056893545969543}]",,2,145,645,frontend,aceptada,False,False,False
2e24d8fd-cb2b-4cab-b508-57f343fc6069,146,2026-08-06T03:16:41.521+00:00,str,building a responsive food app clone building a responsive food app clone i m excited to share my latest project a fully responsive food app clone my goal for this project.,172,31,True,Inferencia completada.,revision,frontend,backend,0.16526870409511807,0.09885409699987446,0.0664146070952436,Crítica,25,Revisión humana prioritaria,True,True,['Las dos categorías principales tienen puntuaciones muy cercanas.'],"[{'position': 1, 'category': 'frontend', 'score': 0.16526870409511807}, {'position': 2, 'category': 'backend', 'score': 0.09885409699987446}, {'position': 3, 'category': 'cloud', 'score': -1.4075915060418052}, {'position': 4, 'category': 'datascience', 'score': -1.5888639762374084}]",,2,146,646,frontend,revision,False,True,False
2e24d8fd-cb2b-4cab-b508-57f343fc6069,147,2026-08-06T03:16:41.521+00:00,str,your pipeline is 28.0h behind: catching defence sentiment leads with pulsebit your pipeline is 28.0h behind: catching defence sentiment leads with pulsebit your pipeline is indicating a 24h momentum spike of +0.217 which suggests something significant is.,255,37,True,Inferencia completada.,aceptada,datascience,backend,1.4122291575005415,-1.406177720004373,2.8184068775049145,Alta,35,Predicción automática,False,True,[],"[{'position': 1, 'category': 'datascience', 'score': 1.4122291575005415}, {'position': 2, 'category': 'backend', 'score': -1.406177720004373}, {'position': 3, 'category': 'frontend', 'score': -1.448296169078203}, {'position': 4, 'category': 'cloud', 'score': -1.690079276866065}]",,2,147,647,datascience,aceptada,False,False,False
2e24d8fd-cb2b-4cab-b508-57f343fc6069,148,2026-08-06T03:16:41.521+00:00,str,10 tough aws saa-c03 practice questions scenario-based 2026 10 tough aws saa-c03 practice questions scenario-based 2026 the aws certified solutions architect associate saa-c03 exam isn t a vocabulary test it s. saa-c03 the aws certified solutions architect – associate saa-c03 the aws certified solutions architect – associate,326,47,True,Inferencia completada.,aceptada,cloud,datascience,1.6334965149801581,-1.5002527281242535,3.1337492431044116,Alta,31,Predicción automática,False,True,[],"[{'position': 1, 'category': 'cloud', 'score': 1.6334965149801581}, {'position': 2, 'category': 'datascience', 'score': -1.5002527281242535}, {'position': 3, 'category': 'frontend', 'score': -1.5354926736988261}, {'position': 4, 'category': 'backend', 'score': -1.560543212009334}]",,2,148,648,cloud,aceptada,False,False,False
2e24d8fd-cb2b-4cab-b508-57f343fc6069,149,2026-08-06T03:16:41.521+00:00,str,extrayendo tablas financieras: acciones etfs y datos de mercado extrayendo tablas financieras: acciones etfs y datos de mercado los sitios financieros son minas de oro de datos tabulares. precios de acciones tenencias de etfs de oro de datos de oro de datos,257,42,True,Inferencia completada.,revision,datascience,cloud,0.781668429561887,-0.7127786686779333,1.4944470982398204,Media,10,Revisión humana recomendada,True,True,['Cobertura reducida del vocabulario.'],"[{'position': 1, 'category': 'datascience', 'score': 0.781668429561887}, {'position': 2, 'category': 'cloud', 'score': -0.7127786686779333}, {'position': 3, 'category': 'backend', 'score': -1.0590231932090082}, {'position': 4, 'category': 'frontend', 'score': -1.234887390329106}]",,2,149,649,datascience,revision,False,False,True
2e24d8fd-cb2b-4cab-b508-57f343fc6069,150,2026-08-06T03:16:41.521+00:00,str,reverse proxying local applications with user-mode nginx and af_unix sockets reverse proxying local applications with user-mode nginx and af_unix sockets when running multiple local web applications it is often useful to route requests to different.,249,35,True,Inferencia completada.,revision,cloud,backend,-0.4314734807576962,-0.5790967101222024,0.14762322936450623,Crítica,24,Revisión humana prioritaria,True,True,['Las dos categorías principales tienen puntuaciones muy cercanas.'],"[{'position': 1, 'category': 'cloud', 'score': -0.4314734807576962}, {'position': 2, 'category': 'backend', 'score': -0.5790967101222024}, {'position': 3, 'category': 'frontend', 'score': -0.6134733817484056}, {'position': 4, 'category': 'datascience', 'score': -1.0546941472373506}]",,2,150,650,cloud,revision,False,True,False
2e24d8fd-cb2b-4cab-b508-57f343fc6069,151,2026-08-06T03:16:41.521+00:00,str,alprs are everywhere. here s why we should pay attention. alprs are everywhere. here s why we should pay attention. if you ve driven through a city parked in a shopping center or passed a police cruiser there s a.,213,40,True,Inferencia completada.,revision,frontend,datascience,-0.02865854272286017,-0.5661062627208266,0.5374477199979665,Baja,32,Revisión humana recomendada,True,True,['El margen de decisión es reducido.'],"[{'position': 1, 'category': 'frontend', 'score': -0.02865854272286017}, {'position': 2, 'category': 'datascience', 'score': -0.5661062627208266}, {'position': 3, 'category': 'backend', 'score': -0.8923142245992232}, {'position': 4, 'category': 'cloud', 'score': -0.9372669501776598}]",,2,151,651,frontend,revision,False,True,False
2e24d8fd-cb2b-4cab-b508-57f343fc6069,152,2026-08-06T03:16:41.521+00:00,str,what is content security policy csp what is content security policy csp one of the most important yet often underrated topics in frontend security is content security.,167,27,True,Inferencia completada.,aceptada,frontend,cloud,0.536885370114644,-0.6590090874977858,1.1958944576124297,Media,26,Predicción automática con monitoreo,False,True,[],"[{'position': 1, 'category': 'frontend', 'score': 0.536885370114644}, {'position': 2, 'category': 'cloud', 'score': -0.6590090874977858}, {'position': 3, 'category': 'backend', 'score': -1.1708968020543886}, {'position': 4, 'category': 'datascience', 'score': -1.4286197479127316}]",,2,152,652,frontend,aceptada,False,False,False
2e24d8fd-cb2b-4cab-b508-57f343fc6069,153,2026-08-06T03:16:41.521+00:00,str,a practical guide to api types: rest graphql grpc soap and websocket. a practical guide to api types: rest graphql grpc soap and websocket. a practical guide to api types and when to actually use each one every job posting says. api types api types,248,45,True,Inferencia completada.,revision,backend,frontend,0.33168996429950226,0.19993576449491846,0.1317541998045838,Crítica,28,Revisión humana prioritaria,True,True,['Las dos categorías principales tienen puntuaciones muy cercanas.'],"[{'position': 1, 'category': 'backend', 'score': 0.33168996429950226}, {'position': 2, 'category': 'frontend', 'score': 0.19993576449491846}, {'position': 3, 'category': 'datascience', 'score': -1.9557426276917287}, {'position': 4, 'category': 'cloud', 'score': -2.0975449231152603}]",,2,153,653,backend,revision,False,True,False
2e24d8fd-cb2b-4cab-b508-57f343fc6069,154,2026-08-06T03:16:41.521+00:00,str,teleporting virtual machines: flipping the script teleporting virtual machines: flipping the script in the previous post in this series teleporting servers we examined how to move a live virtual. teleporting servers teleporting servers,235,33,True,Inferencia completada.,revision,backend,cloud,0.06038132788525341,-0.5468439025811924,0.6072252304664458,Baja,24,Revisión humana recomendada,True,True,['El margen de decisión es reducido.'],"[{'position': 1, 'category': 'backend', 'score': 0.06038132788525341}, {'position': 2, 'category': 'cloud', 'score': -0.5468439025811924}, {'position': 3, 'category': 'frontend', 'score': -1.1674275584894365}, {'position': 4, 'category': 'datascience', 'score': -1.3520980349574963}]",,2,154,654,backend,revision,False,True,False
2e24d8fd-cb2b-4cab-b508-57f343fc6069,155,2026-08-06T03:16:41.521+00:00,str,blue/green release emails for kubernetes ops blue/green release emails for kubernetes ops blue/green rollouts look clean on diagrams but the handoff can still be messy in real operations.,187,28,True,Inferencia completada.,aceptada,cloud,backend,0.7219531799158975,-1.1283786417006159,1.8503318216165132,Alta,22,Predicción automática,False,True,[],"[{'position': 1, 'category': 'cloud', 'score': 0.7219531799158975}, {'position': 2, 'category': 'backend', 'score': -1.1283786417006159}, {'position': 3, 'category': 'frontend', 'score': -1.1392067005500606}, {'position': 4, 'category': 'datascience', 'score': -1.4523623935035603}]",,2,155,655,cloud,aceptada,False,False,False
2e24d8fd-cb2b-4cab-b508-57f343fc6069,156,2026-08-06T03:16:41.521+00:00,str,watchers are usually the wrong answer watchers are usually the wrong answer when i started with vue s composition api i used watch constantly. state changes something needs. vue vue,181,30,True,Inferencia completada.,revision,frontend,cloud,-0.5877130692272718,-0.644895124757488,0.05718205553021616,Crítica,29,Revisión humana prioritaria,True,True,['Las dos categorías principales tienen puntuaciones muy cercanas.'],"[{'position': 1, 'category': 'frontend', 'score': -0.5877130692272718}, {'position': 2, 'category': 'cloud', 'score': -0.644895124757488}, {'position': 3, 'category': 'backend', 'score': -0.7401244971009704}, {'position': 4, 'category': 'datascience', 'score': -0.8953396466137021}]",,2,156,656,frontend,revision,False,True,False
2e24d8fd-cb2b-4cab-b508-57f343fc6069,157,2026-08-06T03:16:41.521+00:00,str,fifty poisoned samples is all it takes fifty poisoned samples is all it takes i spent this morning reading anthropic s new research on how a tiny number of poisoned samples can. this morning anthropic this morning anthropic,223,38,True,Inferencia completada.,revision,cloud,datascience,-0.31590575470860477,-0.6545847124748514,0.3386789577662466,Baja,31,Revisión humana recomendada,True,True,['El margen de decisión es reducido.'],"[{'position': 1, 'category': 'cloud', 'score': -0.31590575470860477}, {'position': 2, 'category': 'datascience', 'score': -0.6545847124748514}, {'position': 3, 'category': 'backend', 'score': -0.6775201382798638}, {'position': 4, 'category': 'frontend', 'score': -0.7112796769631027}]",,2,157,657,cloud,revision,False,True,False
2e24d8fd-cb2b-4cab-b508-57f343fc6069,158,2026-08-06T03:16:41.521+00:00,str,ipv6 zone identifiers in urls are a quiet parser gotcha ipv6 zone identifiers in urls are a quiet parser gotcha you re debugging a url parsing issue in your load balancer logs. someone pasted a link like.,204,37,True,Inferencia completada.,aceptada,backend,datascience,0.8797215688837811,-0.9805532470825747,1.8602748159663558,Alta,27,Predicción automática,False,True,[],"[{'position': 1, 'category': 'backend', 'score': 0.8797215688837811}, {'position': 2, 'category': 'datascience', 'score': -0.9805532470825747}, {'position': 3, 'category': 'cloud', 'score': -1.2017393336828128}, {'position': 4, 'category': 'frontend', 'score': -1.6027170559197113}]",,2,158,658,backend,aceptada,False,False,False
2e24d8fd-cb2b-4cab-b508-57f343fc6069,159,2026-08-06T03:16:41.521+00:00,str,postman explained: how to use it set up environments and structure a real project postman explained: how to use it set up environments and structure a real project if you ve ever tested an api by pasting a url into your browser and praying it works. we need to. api api,269,51,True,Inferencia completada.,revision,backend,frontend,-0.3415868860913621,-0.34558169996475274,0.0039948138733906235,Crítica,48,Revisión humana prioritaria,True,True,['Las dos categorías principales tienen puntuaciones muy cercanas.'],"[{'position': 1, 'category': 'backend', 'score': -0.3415868860913621}, {'position': 2, 'category': 'frontend', 'score': -0.34558169996475274}, {'position': 3, 'category': 'datascience', 'score': -0.891007446474216}, {'position': 4, 'category': 'cloud', 'score': -1.4995800179347745}]",,2,159,659,backend,revision,False,True,False
2e24d8fd-cb2b-4cab-b508-57f343fc6069,160,2026-08-06T03:16:41.521+00:00,str,your pipeline is 27.6h behind: catching world sentiment leads with pulsebit your pipeline is 27.6h behind: catching world sentiment leads with pulsebit your 24-hour momentum spike of-0.850 is a clear signal that something significant is happening in.,250,37,True,Inferencia completada.,aceptada,datascience,frontend,1.7149760596809527,-1.340705606942369,3.0556816666233217,Alta,44,Predicción automática,False,True,[],"[{'position': 1, 'category': 'datascience', 'score': 1.7149760596809527}, {'position': 2, 'category': 'frontend', 'score': -1.340705606942369}, {'position': 3, 'category': 'backend', 'score': -1.560625920649799}, {'position': 4, 'category': 'cloud', 'score': -1.729707061524735}]",,2,160,660,datascience,aceptada,False,False,False
2e24d8fd-cb2b-4cab-b508-57f343fc6069,161,2026-08-06T03:16:41.521+00:00,str,your pipeline is 23.2h behind: catching healthcare sentiment leads with pulsebit your pipeline is 23.2h behind: catching healthcare sentiment leads with pulsebit your pipeline is 23.2h behind: catching healthcare sentiment leads with pulsebit a. 23.2h 23.2h,257,36,True,Inferencia completada.,aceptada,datascience,frontend,1.579273979830364,-1.1500258827249734,2.7292998625553375,Alta,25,Predicción automática,False,True,[],"[{'position': 1, 'category': 'datascience', 'score': 1.579273979830364}, {'position': 2, 'category': 'frontend', 'score': -1.1500258827249734}, {'position': 3, 'category': 'backend', 'score': -1.5712446762377836}, {'position': 4, 'category': 'cloud', 'score': -1.9129301923843642}]",,2,161,661,datascience,aceptada,False,False,False
2e24d8fd-cb2b-4cab-b508-57f343fc6069,162,2026-08-06T03:16:41.521+00:00,str,css minification: what it is why it matters and how to do it css minification: what it is why it matters and how to do it css minification is one of the simplest optimisations you can make to a website and it consistently. css css,230,45,True,Inferencia completada.,aceptada,frontend,cloud,0.6798523779290048,-0.9012852318499477,1.5811376097789525,Media,40,Predicción automática con monitoreo,False,True,[],"[{'position': 1, 'category': 'frontend', 'score': 0.6798523779290048}, {'position': 2, 'category': 'cloud', 'score': -0.9012852318499477}, {'position': 3, 'category': 'backend', 'score': -1.1655433305620713}, {'position': 4, 'category': 'datascience', 'score': -1.4923085662118196}]",,2,162,662,frontend,aceptada,False,False,False
2e24d8fd-cb2b-4cab-b508-57f343fc6069,163,2026-08-06T03:16:41.521+00:00,str,gcp-terraform-ci/cd gcp-terraform-ci/cd in this article we will be creating an automated ci/cd pipeline for a terraform project on google. ci terraform google ci terraform google,178,25,True,Inferencia completada.,aceptada,cloud,datascience,1.3138816447324824,-1.272749307803877,2.5866309525363596,Alta,32,Predicción automática,False,True,[],"[{'position': 1, 'category': 'cloud', 'score': 1.3138816447324824}, {'position': 2, 'category': 'datascience', 'score': -1.272749307803877}, {'position': 3, 'category': 'backend', 'score': -1.4513095030243204}, {'position': 4, 'category': 'frontend', 'score': -1.531477239972865}]",,2,163,663,cloud,aceptada,False,False,False
2e24d8fd-cb2b-4cab-b508-57f343fc6069,164,2026-08-06T03:16:41.521+00:00,str,configure django with aws rds mysql a step-by-step guide configure django with aws rds mysql a step-by-step guide prerequisites why they matter a working python 3 environment virtualenv for.,190,29,True,Inferencia completada.,aceptada,cloud,datascience,1.323884392966192,-1.0693267226711403,2.3932111156373326,Alta,27,Predicción automática,False,True,[],"[{'position': 1, 'category': 'cloud', 'score': 1.323884392966192}, {'position': 2, 'category': 'datascience', 'score': -1.0693267226711403}, {'position': 3, 'category': 'backend', 'score': -1.2890607217832613}, {'position': 4, 'category': 'frontend', 'score': -2.0464271812761323}]",,2,164,664,cloud,aceptada,False,False,False
2e24d8fd-cb2b-4cab-b508-57f343fc6069,165,2026-08-06T03:16:41.521+00:00,str,trabajando con diferentes versiones de node trabajando con diferentes versiones de node 1. descargar el bin de node ve a la página de versiones de node y descarga la versión que. descargar el bin de node descargar el bin de node,228,41,True,Inferencia completada.,revision,backend,cloud,0.24816187780658228,-0.21712042119637764,0.4652822990029599,Baja,10,Revisión humana recomendada,True,True,"['Cobertura reducida del vocabulario.', 'El margen de decisión es reducido.']","[{'position': 1, 'category': 'backend', 'score': 0.24816187780658228}, {'position': 2, 'category': 'cloud', 'score': -0.21712042119637764}, {'position': 3, 'category': 'datascience', 'score': -1.189114177692}, {'position': 4, 'category': 'frontend', 'score': -1.3299042259479106}]",,2,165,665,backend,revision,False,True,True
2e24d8fd-cb2b-4cab-b508-57f343fc6069,166,2026-08-06T03:16:41.521+00:00,str,how nestjs handles ingestion boundaries when transaction data comes from an external bank api how nestjs handles ingestion boundaries when transaction data comes from an external bank api most banking backend tutorials focus on transactions your own system creates. a user taps a button,286,44,True,Inferencia completada.,aceptada,backend,datascience,1.3536442472123724,-0.1627322226256911,1.5163764698380635,Media,36,Predicción automática con monitoreo,False,True,[],"[{'position': 1, 'category': 'backend', 'score': 1.3536442472123724}, {'position': 2, 'category': 'datascience', 'score': -0.1627322226256911}, {'position': 3, 'category': 'frontend', 'score': -1.6886666196537368}, {'position': 4, 'category': 'cloud', 'score': -2.1678371071175797}]",,2,166,666,backend,aceptada,False,False,False
2e24d8fd-cb2b-4cab-b508-57f343fc6069,167,2026-08-06T03:16:41.521+00:00,str,why ip geolocation fails and what to do about it why ip geolocation fails and what to do about it why ip geolocation fails and what to do about it ip geolocation is one of those.,178,36,True,Inferencia completada.,revision,backend,cloud,-0.07388748182776328,-0.5241537291964219,0.4502662473686586,Baja,22,Revisión humana recomendada,True,True,['El margen de decisión es reducido.'],"[{'position': 1, 'category': 'backend', 'score': -0.07388748182776328}, {'position': 2, 'category': 'cloud', 'score': -0.5241537291964219}, {'position': 3, 'category': 'datascience', 'score': -0.9239791979895651}, {'position': 4, 'category': 'frontend', 'score': -0.9386610732364964}]",,2,167,667,backend,revision,False,True,False
2e24d8fd-cb2b-4cab-b508-57f343fc6069,168,2026-08-06T03:16:41.521+00:00,str,css preprocessors and postprocessors: sass postcss and lightning css in 2026 css preprocessors and postprocessors: sass postcss and lightning css in 2026 css preprocessors and postprocessors: sass postcss and lightning css in 2026 css lightning css css lightning css,266,39,True,Inferencia completada.,revision,frontend,cloud,1.449738133999026,-1.1926664796799726,2.6424046136789987,Alta,9,Revisión humana recomendada,True,True,['Cobertura reducida del vocabulario.'],"[{'position': 1, 'category': 'frontend', 'score': 1.449738133999026}, {'position': 2, 'category': 'cloud', 'score': -1.1926664796799726}, {'position': 3, 'category': 'datascience', 'score': -1.3905061145452038}, {'position': 4, 'category': 'backend', 'score': -1.8296800790147358}]",,2,168,668,frontend,revision,False,False,True
2e24d8fd-cb2b-4cab-b508-57f343fc6069,169,2026-08-06T03:16:41.521+00:00,str,buy premium youtube seo service 2026 elite video ranking expert buy premium youtube seo service 2026 elite video ranking expert professional youtube seo service: boost visibility and rank higher introduction youtube has become. rank higher introduction youtube boost visibility professional youtube seo service rank higher introduction youtube boost visibility professional youtube seo service,393,53,True,Inferencia completada.,revision,cloud,datascience,-0.30970399246551766,-0.6790141476628944,0.3693101551973767,Baja,19,Revisión humana recomendada,True,True,['El margen de decisión es reducido.'],"[{'position': 1, 'category': 'cloud', 'score': -0.30970399246551766}, {'position': 2, 'category': 'datascience', 'score': -0.6790141476628944}, {'position': 3, 'category': 'frontend', 'score': -0.7751315923912343}, {'position': 4, 'category': 'backend', 'score': -1.1988446498517973}]",,2,169,669,cloud,revision,False,True,False
2e24d8fd-cb2b-4cab-b508-57f343fc6069,170,2026-08-06T03:16:41.521+00:00,str,mastering react.js fundamentals mastering react.js fundamentals reactjs is a component-based javascript library used for building dynamic and interactive user. javascript javascript,181,21,True,Inferencia completada.,aceptada,frontend,backend,2.2049534227115424,-1.511077424674217,3.7160308473857593,Muy alta,21,Predicción automática,False,True,[],"[{'position': 1, 'category': 'frontend', 'score': 2.2049534227115424}, {'position': 2, 'category': 'backend', 'score': -1.511077424674217}, {'position': 3, 'category': 'cloud', 'score': -1.7383376865244133}, {'position': 4, 'category': 'datascience', 'score': -1.8568708930531808}]",,2,170,670,frontend,aceptada,False,False,False
2e24d8fd-cb2b-4cab-b508-57f343fc6069,171,2026-08-06T03:16:41.521+00:00,str,aws daily digest june 02 2026 aws daily digest june 02 2026 aws daily digest june 02 2026 auto-generated groq llama 3.3 70b free groq llama 3.3 june 02 groq llama 3.3 june 02,174,34,True,Inferencia completada.,aceptada,cloud,datascience,1.3686967298509551,-1.3229425319670238,2.691639261817979,Alta,27,Predicción automática,False,True,[],"[{'position': 1, 'category': 'cloud', 'score': 1.3686967298509551}, {'position': 2, 'category': 'datascience', 'score': -1.3229425319670238}, {'position': 3, 'category': 'frontend', 'score': -1.333318791402308}, {'position': 4, 'category': 'backend', 'score': -1.6276703088430926}]",,2,171,671,cloud,aceptada,False,False,False
2e24d8fd-cb2b-4cab-b508-57f343fc6069,172,2026-08-06T03:16:41.521+00:00,str,edge ai vs. cloud ai: understanding the distributed intelligence landscape edge ai vs. cloud ai: understanding the distributed intelligence landscape edge ai vs. cloud ai: understanding the distributed intelligence landscape the rapid. ai ai,241,34,True,Inferencia completada.,aceptada,cloud,datascience,1.054531756632584,-1.1218441471498561,2.17637590378244,Alta,16,Predicción automática,False,True,[],"[{'position': 1, 'category': 'cloud', 'score': 1.054531756632584}, {'position': 2, 'category': 'datascience', 'score': -1.1218441471498561}, {'position': 3, 'category': 'backend', 'score': -1.3960655238941135}, {'position': 4, 'category': 'frontend', 'score': -2.0321574260969943}]",,2,172,672,cloud,aceptada,False,False,False
2e24d8fd-cb2b-4cab-b508-57f343fc6069,173,2026-08-06T03:16:41.521+00:00,str,buy verified linkedin accounts securely buy verified linkedin accounts securely buy verified linkedin accounts securely for business growth introduction linkedin has become one. buy verified linkedin accounts securely linkedin buy verified linkedin accounts securely linkedin,275,35,True,Inferencia completada.,aceptada,cloud,datascience,0.6469934003092409,-0.5548738049727409,1.2018672052819817,Media,17,Predicción automática con monitoreo,False,True,[],"[{'position': 1, 'category': 'cloud', 'score': 0.6469934003092409}, {'position': 2, 'category': 'datascience', 'score': -0.5548738049727409}, {'position': 3, 'category': 'frontend', 'score': -1.2305489687086015}, {'position': 4, 'category': 'backend', 'score': -1.5343223644981552}]",,2,173,673,cloud,aceptada,False,False,False
2e24d8fd-cb2b-4cab-b508-57f343fc6069,174,2026-08-06T03:16:41.521+00:00,str,what is data science the complete infrastructure hub 2026 guide what is data science the complete infrastructure hub 2026 guide a complete architectural and infrastructure breakdown of what data science actually looks like in production.,237,35,True,Inferencia completada.,aceptada,datascience,cloud,1.0707902659714073,-0.624841496776996,1.6956317627484032,Media,30,Predicción automática con monitoreo,False,True,[],"[{'position': 1, 'category': 'datascience', 'score': 1.0707902659714073}, {'position': 2, 'category': 'cloud', 'score': -0.624841496776996}, {'position': 3, 'category': 'frontend', 'score': -1.5087704861076827}, {'position': 4, 'category': 'backend', 'score': -2.0015622900967607}]",,2,174,674,datascience,aceptada,False,False,False
2e24d8fd-cb2b-4cab-b508-57f343fc6069,175,2026-08-06T03:16:41.521+00:00,str,full-text search with elasticsearch: indexing querying and optimization full-text search with elasticsearch: indexing querying and optimization full-text search with elasticsearch: indexing querying and optimization full-text search.,233,26,True,Inferencia completada.,revision,backend,cloud,-0.005336333946118654,-0.979239258246638,0.9739029243005194,Media,9,Revisión humana recomendada,True,True,['Cobertura reducida del vocabulario.'],"[{'position': 1, 'category': 'backend', 'score': -0.005336333946118654}, {'position': 2, 'category': 'cloud', 'score': -0.979239258246638}, {'position': 3, 'category': 'frontend', 'score': -0.991748749351575}, {'position': 4, 'category': 'datascience', 'score': -1.0412910551222}]",,2,175,675,backend,revision,False,False,True
2e24d8fd-cb2b-4cab-b508-57f343fc6069,176,2026-08-06T03:16:41.521+00:00,str,data costs: are you a victim of your own success data costs: are you a victim of your own success even in an era of ai and automation the most valuable asset we have is judgment. we talk often about. ai an era ai an era,219,46,True,Inferencia completada.,revision,datascience,cloud,0.3141935054293499,-0.1642387940713319,0.4784322995006818,Baja,41,Revisión humana recomendada,True,True,['El margen de decisión es reducido.'],"[{'position': 1, 'category': 'datascience', 'score': 0.3141935054293499}, {'position': 2, 'category': 'cloud', 'score': -0.1642387940713319}, {'position': 3, 'category': 'frontend', 'score': -1.2647481500822935}, {'position': 4, 'category': 'backend', 'score': -1.3047695420777097}]",,2,176,676,datascience,revision,False,True,False
2e24d8fd-cb2b-4cab-b508-57f343fc6069,177,2026-08-06T03:16:41.521+00:00,str,decoupling domain from persistence: implementing the repository pattern in python decoupling domain from persistence: implementing the repository pattern in python introduction and context in enterprise applications one of the most common anti-patterns is mixing.,263,34,True,Inferencia completada.,revision,datascience,backend,-0.052284327035670985,-0.10328710459861623,0.051002777562945245,Crítica,30,Revisión humana prioritaria,True,True,['Las dos categorías principales tienen puntuaciones muy cercanas.'],"[{'position': 1, 'category': 'datascience', 'score': -0.052284327035670985}, {'position': 2, 'category': 'backend', 'score': -0.10328710459861623}, {'position': 3, 'category': 'frontend', 'score': -0.9915280631249476}, {'position': 4, 'category': 'cloud', 'score': -1.2663355342772777}]",,2,177,677,datascience,revision,False,True,False
2e24d8fd-cb2b-4cab-b508-57f343fc6069,178,2026-08-06T03:16:41.521+00:00,str,stop using hex codes in your css stop using hex codes in your css the invisible button incident i got a slack message at 10 am last wednesday. a junior. slack slack,164,32,True,Inferencia completada.,aceptada,frontend,backend,0.7041317706809168,-0.9714117955621058,1.6755435662430225,Media,29,Predicción automática con monitoreo,False,True,[],"[{'position': 1, 'category': 'frontend', 'score': 0.7041317706809168}, {'position': 2, 'category': 'backend', 'score': -0.9714117955621058}, {'position': 3, 'category': 'cloud', 'score': -1.2979883433276387}, {'position': 4, 'category': 'datascience', 'score': -1.340863795679701}]",,2,178,678,frontend,aceptada,False,False,False
2e24d8fd-cb2b-4cab-b508-57f343fc6069,179,2026-08-06T03:16:41.521+00:00,str,hello dev community i m a software engineer exploring ai architecture and better solutions hello dev community i m a software engineer exploring ai architecture and better solutions hello dev community i m shahriar hossain a software engineer from dhaka bangladesh. i enjoy. bangladesh dhaka hello dev community bangladesh dhaka hello dev community,348,53,True,Inferencia completada.,revision,backend,frontend,-0.09809658771358964,-0.3714761537627644,0.27337956604917474,Baja,23,Revisión humana recomendada,True,True,['El margen de decisión es reducido.'],"[{'position': 1, 'category': 'backend', 'score': -0.09809658771358964}, {'position': 2, 'category': 'frontend', 'score': -0.3714761537627644}, {'position': 3, 'category': 'cloud', 'score': -0.40940906943919253}, {'position': 4, 'category': 'datascience', 'score': -1.3733972062529987}]",,2,179,679,backend,revision,False,True,False
2e24d8fd-cb2b-4cab-b508-57f343fc6069,180,2026-08-06T03:16:41.521+00:00,str,one blocking call freezes every request: fastapi s def vs async def one blocking call freezes every request: fastapi s def vs async def there s a fastapi outage that starts with someone doing the right thing. the service has a pile of.,235,43,True,Inferencia completada.,aceptada,backend,frontend,1.2700428259479701,-1.1996429132956306,2.4696857392436007,Alta,35,Predicción automática,False,True,[],"[{'position': 1, 'category': 'backend', 'score': 1.2700428259479701}, {'position': 2, 'category': 'frontend', 'score': -1.1996429132956306}, {'position': 3, 'category': 'cloud', 'score': -1.217601317264296}, {'position': 4, 'category': 'datascience', 'score': -1.6631765074360538}]",,2,180,680,backend,aceptada,False,False,False
2e24d8fd-cb2b-4cab-b508-57f343fc6069,181,2026-08-06T03:16:41.521+00:00,str,i added charts to frameui 1.0.0 i added charts to frameui 1.0.0 frameui now has charts. that is the main thing i wanted to add with the new release. frameui.,157,30,True,Inferencia completada.,revision,backend,frontend,-0.49672230068844553,-0.7171829491779231,0.2204606484894776,Crítica,25,Revisión humana prioritaria,True,True,['Las dos categorías principales tienen puntuaciones muy cercanas.'],"[{'position': 1, 'category': 'backend', 'score': -0.49672230068844553}, {'position': 2, 'category': 'frontend', 'score': -0.7171829491779231}, {'position': 3, 'category': 'cloud', 'score': -0.7508925410805435}, {'position': 4, 'category': 'datascience', 'score': -0.9910639101215354}]",,2,181,681,backend,revision,False,True,False
2e24d8fd-cb2b-4cab-b508-57f343fc6069,182,2026-08-06T03:16:41.521+00:00,str,architecting kubernetes deployments with python architecting kubernetes deployments with python python is an excellent language for automating cloud infrastructure but the official kubernetes.,192,23,True,Inferencia completada.,aceptada,cloud,datascience,2.2743508083575206,-1.2958611922251286,3.570212000582649,Muy alta,22,Predicción automática,False,True,[],"[{'position': 1, 'category': 'cloud', 'score': 2.2743508083575206}, {'position': 2, 'category': 'datascience', 'score': -1.2958611922251286}, {'position': 3, 'category': 'frontend', 'score': -2.0605927558469896}, {'position': 4, 'category': 'backend', 'score': -2.2248874837017807}]",,2,182,682,cloud,aceptada,False,False,False
2e24d8fd-cb2b-4cab-b508-57f343fc6069,183,2026-08-06T03:16:41.521+00:00,str,best cloud storage for small business in 2026: the myths that are costing you money best cloud storage for small business in 2026: the myths that are costing you money are you looking into best cloud storage for small business in 2026 here s a quick overview of what.,267,49,True,Inferencia completada.,aceptada,cloud,backend,2.4454333529682843,-1.5134374591432205,3.958870812111505,Muy alta,42,Predicción automática,False,True,[],"[{'position': 1, 'category': 'cloud', 'score': 2.4454333529682843}, {'position': 2, 'category': 'backend', 'score': -1.5134374591432205}, {'position': 3, 'category': 'datascience', 'score': -1.806279230884152}, {'position': 4, 'category': 'frontend', 'score': -2.179784834863461}]",,2,183,683,cloud,aceptada,False,False,False
2e24d8fd-cb2b-4cab-b508-57f343fc6069,184,2026-08-06T03:16:41.521+00:00,str,your kafka group freezes on every deploy your kafka group freezes on every deploy eager rebalancing stops your whole consumer group when a single consumer joins. here is how range round-robin sticky and cooperative-sticky differ and how to stop the freeze. sticky sticky,270,43,True,Inferencia completada.,aceptada,backend,frontend,0.4115499255536569,-1.0397712975555307,1.4513212231091877,Media,34,Predicción automática con monitoreo,False,True,[],"[{'position': 1, 'category': 'backend', 'score': 0.4115499255536569}, {'position': 2, 'category': 'frontend', 'score': -1.0397712975555307}, {'position': 3, 'category': 'cloud', 'score': -1.1549670122721292}, {'position': 4, 'category': 'datascience', 'score': -1.2742963029031926}]",,2,184,684,backend,aceptada,False,False,False
2e24d8fd-cb2b-4cab-b508-57f343fc6069,185,2026-08-06T03:16:41.521+00:00,str,how to automate repetitive business processes without making a mess how to automate repetitive business processes without making a mess every business has the same problem wearing different clothes. a support ticket gets created in.,232,35,True,Inferencia completada.,revision,cloud,frontend,-0.360631268383947,-0.6113327855656426,0.25070151718169564,Crítica,30,Revisión humana prioritaria,True,True,['Las dos categorías principales tienen puntuaciones muy cercanas.'],"[{'position': 1, 'category': 'cloud', 'score': -0.360631268383947}, {'position': 2, 'category': 'frontend', 'score': -0.6113327855656426}, {'position': 3, 'category': 'backend', 'score': -0.6531638705733753}, {'position': 4, 'category': 'datascience', 'score': -1.2437513179741893}]",,2,185,685,cloud,revision,False,True,False
2e24d8fd-cb2b-4cab-b508-57f343fc6069,186,2026-08-06T03:16:41.521+00:00,str,part 2: stop fetching data inside useeffect what modern react apps do instead part 2: stop fetching data inside useeffect what modern react apps do instead part 2 of the modern react patterns series in the previous article part 1: why i rarely use.,248,44,True,Inferencia completada.,aceptada,frontend,datascience,2.3414242226943287,-1.2834038887249113,3.62482811141924,Muy alta,43,Predicción automática,False,True,[],"[{'position': 1, 'category': 'frontend', 'score': 2.3414242226943287}, {'position': 2, 'category': 'datascience', 'score': -1.2834038887249113}, {'position': 3, 'category': 'cloud', 'score': -1.8980615893294353}, {'position': 4, 'category': 'backend', 'score': -2.028137872039995}]",,2,186,686,frontend,aceptada,False,False,False
2e24d8fd-cb2b-4cab-b508-57f343fc6069,187,2026-08-06T03:16:41.521+00:00,str,your pipeline is 26.8h behind: catching finance sentiment leads with pulsebit your pipeline is 26.8h behind: catching finance sentiment leads with pulsebit your pipeline might be 26.8 hours behind the curve if you re not accounting for multilingual. 26.8 hours 26.8 hours,271,42,True,Inferencia completada.,aceptada,datascience,backend,1.4480711312417234,-0.8933819181347041,2.3414530493764274,Alta,39,Predicción automática,False,True,[],"[{'position': 1, 'category': 'datascience', 'score': 1.4480711312417234}, {'position': 2, 'category': 'backend', 'score': -0.8933819181347041}, {'position': 3, 'category': 'frontend', 'score': -1.7189369706406827}, {'position': 4, 'category': 'cloud', 'score': -2.226508855069057}]",,2,187,687,datascience,aceptada,False,False,False
2e24d8fd-cb2b-4cab-b508-57f343fc6069,188,2026-08-06T03:16:41.521+00:00,str,authentication done right: a jedi s guide to jwt sessions and oauth authentication done right: a jedi s guide to jwt sessions and oauth the quest begins the why honestly i still remember the first time i tried to add.,217,40,True,Inferencia completada.,aceptada,frontend,cloud,1.4058482117126472,-1.1785777923624328,2.58442600407508,Alta,48,Predicción automática,False,True,[],"[{'position': 1, 'category': 'frontend', 'score': 1.4058482117126472}, {'position': 2, 'category': 'cloud', 'score': -1.1785777923624328}, {'position': 3, 'category': 'datascience', 'score': -1.5356998842769563}, {'position': 4, 'category': 'backend', 'score': -1.6691089579714569}]",,2,188,688,frontend,aceptada,False,False,False
2e24d8fd-cb2b-4cab-b508-57f343fc6069,189,2026-08-06T03:16:41.521+00:00,str,we tried to find a future signal in bearing failure data. it was just structured degradation. we tried to find a future signal in bearing failure data. it was just structured degradation. tl dr: pre-failure noise in degrading mechanical bearings is famously predictive of time-to-failure.,288,45,True,Inferencia completada.,aceptada,datascience,backend,0.4952556026447581,-0.8370830413181246,1.3323386439628826,Media,26,Predicción automática con monitoreo,False,True,[],"[{'position': 1, 'category': 'datascience', 'score': 0.4952556026447581}, {'position': 2, 'category': 'backend', 'score': -0.8370830413181246}, {'position': 3, 'category': 'cloud', 'score': -1.1330354819232222}, {'position': 4, 'category': 'frontend', 'score': -1.1589615116098373}]",,2,189,689,datascience,aceptada,False,False,False
2e24d8fd-cb2b-4cab-b508-57f343fc6069,190,2026-08-06T03:16:41.521+00:00,str,acid transactions explained simply: how databases never lose your money orders or data acid transactions explained simply: how databases never lose your money orders or data imagine transferring money from one bank account to another. you click send 100 behind the.,265,41,True,Inferencia completada.,revision,backend,datascience,0.6510145111514524,-0.04372996220494163,0.694744473356394,Baja,34,Revisión humana recomendada,True,True,['El margen de decisión es reducido.'],"[{'position': 1, 'category': 'backend', 'score': 0.6510145111514524}, {'position': 2, 'category': 'datascience', 'score': -0.04372996220494163}, {'position': 3, 'category': 'cloud', 'score': -1.23104297419731}, {'position': 4, 'category': 'frontend', 'score': -2.0575895311301484}]",,2,190,690,backend,revision,False,True,False
2e24d8fd-cb2b-4cab-b508-57f343fc6069,191,2026-08-06T03:16:41.521+00:00,str,managed postgres databases across aws azure gcp weekly benchmarks for jul 02 jul 08 2026 managed postgres databases across aws azure gcp weekly benchmarks for jul 02 jul 08 2026 managed postgres databases weekly provisioning benchmarks window: jul 02 jul 08,257,41,True,Inferencia completada.,aceptada,cloud,backend,1.7159291356606818,-1.4805552671751925,3.1964844028358743,Alta,31,Predicción automática,False,True,[],"[{'position': 1, 'category': 'cloud', 'score': 1.7159291356606818}, {'position': 2, 'category': 'backend', 'score': -1.4805552671751925}, {'position': 3, 'category': 'frontend', 'score': -1.518348807485995}, {'position': 4, 'category': 'datascience', 'score': -1.7243899339928692}]",,2,191,691,cloud,aceptada,False,False,False
2e24d8fd-cb2b-4cab-b508-57f343fc6069,192,2026-08-06T03:16:41.521+00:00,str,portugal vs uzbekistan: match prediction model analysis 2026-06-23 portugal vs uzbekistan: match prediction model analysis 2026-06-23 published: 2026-06-20 footballmoney.top portugal vs uzbekistan 世界杯 2026-06-23 2026-06-20 2026-06-23 uzbekistan portugal 2026-06-20 2026-06-23 uzbekistan portugal,295,32,True,Inferencia completada.,aceptada,datascience,backend,1.2084403424166759,-1.175249480205718,2.3836898226223937,Alta,23,Predicción automática,False,True,[],"[{'position': 1, 'category': 'datascience', 'score': 1.2084403424166759}, {'position': 2, 'category': 'backend', 'score': -1.175249480205718}, {'position': 3, 'category': 'frontend', 'score': -1.1973346349983114}, {'position': 4, 'category': 'cloud', 'score': -1.4160287068057131}]",,2,192,692,datascience,aceptada,False,False,False
2e24d8fd-cb2b-4cab-b508-57f343fc6069,193,2026-08-06T03:16:41.521+00:00,str,styling a static website in ocaml styling a static website in ocaml last time i posted about rewriting the code for my piclog images blog in ocaml. after that i.,161,30,True,Inferencia completada.,aceptada,frontend,backend,1.458045018104539,-1.14486104765274,2.602906065757279,Alta,28,Predicción automática,False,True,[],"[{'position': 1, 'category': 'frontend', 'score': 1.458045018104539}, {'position': 2, 'category': 'backend', 'score': -1.14486104765274}, {'position': 3, 'category': 'cloud', 'score': -1.474017027914763}, {'position': 4, 'category': 'datascience', 'score': -1.723715229861061}]",,2,193,693,frontend,aceptada,False,False,False
2e24d8fd-cb2b-4cab-b508-57f343fc6069,194,2026-08-06T03:16:41.521+00:00,str,how to build a practical test strategy for microservices with contract testing how to build a practical test strategy for microservices with contract testing how to build a practical test strategy for microservices with contract testing,236,36,True,Inferencia completada.,aceptada,frontend,backend,0.5451383616060481,-0.6179319561631329,1.163070317769181,Media,21,Predicción automática con monitoreo,False,True,[],"[{'position': 1, 'category': 'frontend', 'score': 0.5451383616060481}, {'position': 2, 'category': 'backend', 'score': -0.6179319561631329}, {'position': 3, 'category': 'datascience', 'score': -1.4252886788124421}, {'position': 4, 'category': 'cloud', 'score': -1.5932841586635225}]",,2,194,694,frontend,aceptada,False,False,False
2e24d8fd-cb2b-4cab-b508-57f343fc6069,195,2026-08-06T03:16:41.521+00:00,str,react native performance optimization: js thread native thread and hermes engine react native performance optimization: js thread native thread and hermes engine react native performance optimization: js thread native thread and hermes engine,242,33,True,Inferencia completada.,revision,frontend,datascience,1.5144845524364459,-1.3012230619514273,2.815707614387873,Alta,11,Revisión humana recomendada,True,True,['Cobertura reducida del vocabulario.'],"[{'position': 1, 'category': 'frontend', 'score': 1.5144845524364459}, {'position': 2, 'category': 'datascience', 'score': -1.3012230619514273}, {'position': 3, 'category': 'backend', 'score': -1.449663619045236}, {'position': 4, 'category': 'cloud', 'score': -1.6258949926213635}]",,2,195,695,frontend,revision,False,False,True
2e24d8fd-cb2b-4cab-b508-57f343fc6069,196,2026-08-06T03:16:41.521+00:00,str,virtual machines across aws azure gcp weekly benchmarks for jun 14 jun 20 2026 virtual machines across aws azure gcp weekly benchmarks for jun 14 jun 20 2026 virtual machines weekly provisioning benchmarks window: jun 14 jun 20 2026 total. virtual machines virtual machines,273,44,True,Inferencia completada.,aceptada,cloud,frontend,1.6267363781225015,-1.48857530061247,3.1153116787349715,Alta,35,Predicción automática,False,True,[],"[{'position': 1, 'category': 'cloud', 'score': 1.6267363781225015}, {'position': 2, 'category': 'frontend', 'score': -1.48857530061247}, {'position': 3, 'category': 'datascience', 'score': -1.5038074549657823}, {'position': 4, 'category': 'backend', 'score': -1.5145566482538517}]",,2,196,696,cloud,aceptada,False,False,False
2e24d8fd-cb2b-4cab-b508-57f343fc6069,197,2026-08-06T03:16:41.521+00:00,str,instrument code for observability build an observable order service instrument code for observability build an observable order service exam guide: developer-associate domain 4: troubleshooting and optimization task 2: instrument. troubleshooting and optimization domain 4 troubleshooting and optimization domain 4,314,39,True,Inferencia completada.,aceptada,cloud,frontend,0.8662709766659066,-1.0352895565107982,1.901560533176705,Alta,29,Predicción automática,False,True,[],"[{'position': 1, 'category': 'cloud', 'score': 0.8662709766659066}, {'position': 2, 'category': 'frontend', 'score': -1.0352895565107982}, {'position': 3, 'category': 'backend', 'score': -1.3549421969475142}, {'position': 4, 'category': 'datascience', 'score': -1.6131445544355758}]",,2,197,697,cloud,aceptada,False,False,False
2e24d8fd-cb2b-4cab-b508-57f343fc6069,198,2026-08-06T03:16:41.521+00:00,str,building a rag system from scratch cloud deployment with render and supabase building a rag system from scratch cloud deployment with render and supabase in the previous article we built an mcp server that any llm client can connect to locally. in this. mcp llm mcp llm,269,47,True,Inferencia completada.,aceptada,cloud,backend,0.2710479262810407,-0.731036636322176,1.0020845626032167,Media,42,Predicción automática con monitoreo,False,True,[],"[{'position': 1, 'category': 'cloud', 'score': 0.2710479262810407}, {'position': 2, 'category': 'backend', 'score': -0.731036636322176}, {'position': 3, 'category': 'frontend', 'score': -1.3954941307651945}, {'position': 4, 'category': 'datascience', 'score': -1.45667240556201}]",,2,198,698,cloud,aceptada,False,False,False
2e24d8fd-cb2b-4cab-b508-57f343fc6069,199,2026-08-06T03:16:41.521+00:00,str,your first oracle autonomous database on oci always free your first oracle autonomous database on oci always free the single best way to keep your oracle skills sharp without a license a server or a. oracle oracle,213,37,True,Inferencia completada.,revision,backend,cloud,-0.12654753268198438,-0.16168619354074643,0.03513866085876205,Crítica,32,Revisión humana prioritaria,True,True,['Las dos categorías principales tienen puntuaciones muy cercanas.'],"[{'position': 1, 'category': 'backend', 'score': -0.12654753268198438}, {'position': 2, 'category': 'cloud', 'score': -0.16168619354074643}, {'position': 3, 'category': 'datascience', 'score': -1.1391955280582242}, {'position': 4, 'category': 'frontend', 'score': -1.7822565804495203}]",,2,199,699,backend,revision,False,True,False
2e24d8fd-cb2b-4cab-b508-57f343fc6069,200,2026-08-06T03:16:41.521+00:00,str,where to cut: drawing the extraction boundary in a rails monolith where to cut: drawing the extraction boundary in a rails monolith we had already decided to extract ach processing off the monolith. that decision was forced on us: ach ach,238,41,True,Inferencia completada.,aceptada,backend,datascience,0.12147115663172803,-0.7018032671881093,0.8232744238198373,Media,31,Predicción automática con monitoreo,False,True,[],"[{'position': 1, 'category': 'backend', 'score': 0.12147115663172803}, {'position': 2, 'category': 'datascience', 'score': -0.7018032671881093}, {'position': 3, 'category': 'frontend', 'score': -1.2550972865797054}, {'position': 4, 'category': 'cloud', 'score': -1.3324543330800611}]",,2,200,700,backend,aceptada,False,False,False
2e24d8fd-cb2b-4cab-b508-57f343fc6069,201,2026-08-06T03:16:41.521+00:00,str,credit risk is more than predicting default: building the full stack in python ifrs 9 ecl scorecards monitoring credit risk is more than predicting default: building the full stack in python ifrs 9 ecl scorecards monitoring most credit-risk tutorials stop at train a classifier to predict default. that is maybe a fifth of. fifth fifth,335,55,True,Inferencia completada.,revision,datascience,backend,0.13918834863746588,-0.09640519290121674,0.23559354153868262,Crítica,35,Revisión humana prioritaria,True,True,['Las dos categorías principales tienen puntuaciones muy cercanas.'],"[{'position': 1, 'category': 'datascience', 'score': 0.13918834863746588}, {'position': 2, 'category': 'backend', 'score': -0.09640519290121674}, {'position': 3, 'category': 'cloud', 'score': -0.3769373244596276}, {'position': 4, 'category': 'frontend', 'score': -1.7122192868193133}]",,2,201,701,datascience,revision,False,True,False
2e24d8fd-cb2b-4cab-b508-57f343fc6069,202,2026-08-06T03:16:41.521+00:00,str,the 10 best heroku alternatives in 2026 free paid and predictable the 10 best heroku alternatives in 2026 free paid and predictable heroku is frozen. not shut down not deprecated just quietly put on ice which is exactly why so. heroku heroku,241,42,True,Inferencia completada.,revision,backend,cloud,0.20651067574738513,-0.02870160646818387,0.235212282215569,Crítica,26,Revisión humana prioritaria,True,True,['Las dos categorías principales tienen puntuaciones muy cercanas.'],"[{'position': 1, 'category': 'backend', 'score': 0.20651067574738513}, {'position': 2, 'category': 'cloud', 'score': -0.02870160646818387}, {'position': 3, 'category': 'datascience', 'score': -0.8222970724429627}, {'position': 4, 'category': 'frontend', 'score': -2.04494033881971}]",,2,202,702,backend,revision,False,True,False
2e24d8fd-cb2b-4cab-b508-57f343fc6069,203,2026-08-06T03:16:41.521+00:00,str,world cup 2026 tiktok creators by the numbers world cup 2026 tiktok creators by the numbers the world cup s biggest tiktok creators aren t in the usa or brazil they re in saudi arabia egypt and the andes. we ranked all 26 nations by creator size. brazil andes tiktok saudi arabia the world cup's egypt usa brazil andes tiktok saudi arabia the world cup's egypt usa,364,67,True,Inferencia completada.,aceptada,datascience,backend,0.9438162678160305,-0.9342697502871458,1.8780860181031762,Alta,40,Predicción automática,False,True,[],"[{'position': 1, 'category': 'datascience', 'score': 0.9438162678160305}, {'position': 2, 'category': 'backend', 'score': -0.9342697502871458}, {'position': 3, 'category': 'cloud', 'score': -1.0034294066662919}, {'position': 4, 'category': 'frontend', 'score': -1.9105586023977392}]",,2,203,703,datascience,aceptada,False,False,False
2e24d8fd-cb2b-4cab-b508-57f343fc6069,204,2026-08-06T03:16:41.521+00:00,str,the complexity of ui layout the complexity of ui layout for backend developers like me handling the widget layout of ui is a burden. in general there are. ui ui,160,30,True,Inferencia completada.,aceptada,frontend,backend,1.1829957653978318,-0.1353153688440718,1.3183111342419036,Media,23,Predicción automática con monitoreo,False,True,[],"[{'position': 1, 'category': 'frontend', 'score': 1.1829957653978318}, {'position': 2, 'category': 'backend', 'score': -0.1353153688440718}, {'position': 3, 'category': 'datascience', 'score': -1.851649318312761}, {'position': 4, 'category': 'cloud', 'score': -2.4564534107645724}]",,2,204,704,frontend,aceptada,False,False,False
2e24d8fd-cb2b-4cab-b508-57f343fc6069,205,2026-08-06T03:16:41.521+00:00,str,exploring qwen 3.8: a leap forward in ai infrastructure exploring qwen 3.8: a leap forward in ai infrastructure dive into qwen 3.8 the latest advancement in ai infrastructure and discover how it can revolutionize your development and deployment of ai models. ai qwen 3.8 ai qwen 3.8,282,47,True,Inferencia completada.,aceptada,cloud,datascience,0.8290581237074158,-0.8100798781874289,1.6391380018948447,Media,37,Predicción automática con monitoreo,False,True,[],"[{'position': 1, 'category': 'cloud', 'score': 0.8290581237074158}, {'position': 2, 'category': 'datascience', 'score': -0.8100798781874289}, {'position': 3, 'category': 'frontend', 'score': -1.3125686082650636}, {'position': 4, 'category': 'backend', 'score': -1.3560846647662017}]",,2,205,705,cloud,aceptada,False,False,False
2e24d8fd-cb2b-4cab-b508-57f343fc6069,206,2026-08-06T03:16:41.521+00:00,str,amazon s 13b india ai bet: what it means for sri lanka amazon s 13b india ai bet: what it means for sri lanka amazon just put another 13b into ai infrastructure in india. here s what that wall of capital next door actually changes for a sri lankan builder. lankan india amazon 13b ai lankan india amazon 13b ai,310,60,True,Inferencia completada.,aceptada,cloud,datascience,0.48208141794158055,-0.6019567078183772,1.0840381257599576,Media,38,Predicción automática con monitoreo,False,True,[],"[{'position': 1, 'category': 'cloud', 'score': 0.48208141794158055}, {'position': 2, 'category': 'datascience', 'score': -0.6019567078183772}, {'position': 3, 'category': 'backend', 'score': -0.9182476629395812}, {'position': 4, 'category': 'frontend', 'score': -1.5628624822571413}]",,2,206,706,cloud,aceptada,False,False,False
2e24d8fd-cb2b-4cab-b508-57f343fc6069,207,2026-08-06T03:16:41.521+00:00,str,azure mana nic rollout: could it impact your aviatrix gateways azure mana nic rollout: could it impact your aviatrix gateways if you run aviatrix on azure there is a slow-moving infrastructure change happening underneath your. aviatrix aviatrix,244,37,True,Inferencia completada.,aceptada,cloud,backend,1.0763360581492853,-1.4064016859152249,2.48273774406451,Alta,22,Predicción automática,False,True,[],"[{'position': 1, 'category': 'cloud', 'score': 1.0763360581492853}, {'position': 2, 'category': 'backend', 'score': -1.4064016859152249}, {'position': 3, 'category': 'frontend', 'score': -1.4303394695768246}, {'position': 4, 'category': 'datascience', 'score': -1.447151114886601}]",,2,207,707,cloud,aceptada,False,False,False
2e24d8fd-cb2b-4cab-b508-57f343fc6069,208,2026-08-06T03:16:41.521+00:00,str,from omop workflows to living evidence: sciforce at ohdsi europe symposium 2026 from omop workflows to living evidence: sciforce at ohdsi europe symposium 2026 introduction this april polina talapova and mariia pahur represented sciforce at the 7th. mariia pahur polina talapova 7th this april sciforce mariia pahur polina talapova 7th this april sciforce,355,53,True,Inferencia completada.,revision,cloud,backend,-0.36369916010554293,-0.5284749655406357,0.16477580543509274,Crítica,13,Revisión humana prioritaria,True,True,"['Cobertura reducida del vocabulario.', 'Las dos categorías principales tienen puntuaciones muy cercanas.']","[{'position': 1, 'category': 'cloud', 'score': -0.36369916010554293}, {'position': 2, 'category': 'backend', 'score': -0.5284749655406357}, {'position': 3, 'category': 'datascience', 'score': -1.0070509879305494}, {'position': 4, 'category': 'frontend', 'score': -1.1187434011200672}]",,2,208,708,cloud,revision,False,True,True
2e24d8fd-cb2b-4cab-b508-57f343fc6069,209,2026-08-06T03:16:41.521+00:00,str,what goes into building an event management platform in 2026 what goes into building an event management platform in 2026 event management platforms are a genuinely interesting engineering challenge they combine.,212,31,True,Inferencia completada.,revision,cloud,backend,-0.475662642570032,-0.5144468772800291,0.038784234709997145,Crítica,28,Revisión humana prioritaria,True,True,['Las dos categorías principales tienen puntuaciones muy cercanas.'],"[{'position': 1, 'category': 'cloud', 'score': -0.475662642570032}, {'position': 2, 'category': 'backend', 'score': -0.5144468772800291}, {'position': 3, 'category': 'frontend', 'score': -0.6315873285594766}, {'position': 4, 'category': 'datascience', 'score': -1.2585771715450689}]",,2,209,709,cloud,revision,False,True,False
2e24d8fd-cb2b-4cab-b508-57f343fc6069,210,2026-08-06T03:16:41.521+00:00,str,your pipeline is 11.0h behind: catching artificial intelligence sentiment leads with pulsebit your pipeline is 11.0h behind: catching artificial intelligence sentiment leads with pulsebit your pipeline is 11.0h behind: catching artificial intelligence sentiment leads with. 11.0h 11.0h,285,37,True,Inferencia completada.,aceptada,datascience,frontend,1.6127923156796071,-1.330790252110545,2.943582567790152,Alta,24,Predicción automática,False,True,[],"[{'position': 1, 'category': 'datascience', 'score': 1.6127923156796071}, {'position': 2, 'category': 'frontend', 'score': -1.330790252110545}, {'position': 3, 'category': 'backend', 'score': -1.4025017936867672}, {'position': 4, 'category': 'cloud', 'score': -1.9249932830423608}]",,2,210,710,datascience,aceptada,False,False,False
2e24d8fd-cb2b-4cab-b508-57f343fc6069,211,2026-08-06T03:16:41.521+00:00,str,the 14 system design concepts that cover 80 of interviews the 14 system design concepts that cover 80 of interviews you don t need a 500-page distributed-systems textbook to pass a system design interview. you need to.,218,37,True,Inferencia completada.,aceptada,backend,frontend,1.0399484692533254,-0.6607284626243796,1.7006769318777049,Media,28,Predicción automática con monitoreo,False,True,[],"[{'position': 1, 'category': 'backend', 'score': 1.0399484692533254}, {'position': 2, 'category': 'frontend', 'score': -0.6607284626243796}, {'position': 3, 'category': 'datascience', 'score': -1.4053238227029707}, {'position': 4, 'category': 'cloud', 'score': -1.7302383306915843}]",,2,211,711,backend,aceptada,False,False,False
2e24d8fd-cb2b-4cab-b508-57f343fc6069,212,2026-08-06T03:16:41.521+00:00,str,england vs croatia: match prediction model analysis 2026-06-17 england vs croatia: match prediction model analysis 2026-06-17 published: 2026-06-13 footballmoney.top england vs croatia 世界杯 2026-06-17 2026-06-13 2026-06-17 croatia 2026-06-13 2026-06-17 croatia,259,30,True,Inferencia completada.,aceptada,datascience,backend,1.3957958495869485,-1.202215647015639,2.5980114966025876,Alta,23,Predicción automática,False,True,[],"[{'position': 1, 'category': 'datascience', 'score': 1.3957958495869485}, {'position': 2, 'category': 'backend', 'score': -1.202215647015639}, {'position': 3, 'category': 'frontend', 'score': -1.453540213985168}, {'position': 4, 'category': 'cloud', 'score': -1.4880108639804384}]",,2,212,712,datascience,aceptada,False,False,False
2e24d8fd-cb2b-4cab-b508-57f343fc6069,213,2026-08-06T03:16:41.521+00:00,str,testing password reset emails in postgresql-backed rest apis testing password reset emails in postgresql-backed rest apis a backend-focused guide to testing password reset emails with isolated inboxes token supersession checks and postgresql-friendly assertions.,262,33,True,Inferencia completada.,aceptada,backend,cloud,0.8860959399729457,-0.8714598426271278,1.7575557826000736,Media,26,Predicción automática con monitoreo,False,True,[],"[{'position': 1, 'category': 'backend', 'score': 0.8860959399729457}, {'position': 2, 'category': 'cloud', 'score': -0.8714598426271278}, {'position': 3, 'category': 'frontend', 'score': -1.1781965870845255}, {'position': 4, 'category': 'datascience', 'score': -1.8048275890554697}]",,2,213,713,backend,aceptada,False,False,False
2e24d8fd-cb2b-4cab-b508-57f343fc6069,214,2026-08-06T03:16:41.521+00:00,str,lintelligent ai-integrated service for code linting and reviewing with mcp server lintelligent ai-integrated service for code linting and reviewing with mcp server introduction this is a post i need to share with you my thought process decisions that i.,253,39,True,Inferencia completada.,revision,cloud,backend,-0.2824639097226422,-0.36980176325749886,0.08733785353485668,Crítica,35,Revisión humana prioritaria,True,True,['Las dos categorías principales tienen puntuaciones muy cercanas.'],"[{'position': 1, 'category': 'cloud', 'score': -0.2824639097226422}, {'position': 2, 'category': 'backend', 'score': -0.36980176325749886}, {'position': 3, 'category': 'frontend', 'score': -0.8161991660359563}, {'position': 4, 'category': 'datascience', 'score': -1.4947295489593801}]",,2,214,714,cloud,revision,False,True,False
2e24d8fd-cb2b-4cab-b508-57f343fc6069,215,2026-08-06T03:16:41.521+00:00,str,your pipeline is 21.5h behind: catching sports sentiment leads with pulsebit your pipeline is 21.5h behind: catching sports sentiment leads with pulsebit your pipeline is 21.5h behind: catching sports sentiment leads with pulsebit we recently. 21.5h 21.5h,255,37,True,Inferencia completada.,aceptada,datascience,backend,2.013807590107004,-1.4162306174140213,3.4300382075210254,Muy alta,26,Predicción automática,False,True,[],"[{'position': 1, 'category': 'datascience', 'score': 2.013807590107004}, {'position': 2, 'category': 'backend', 'score': -1.4162306174140213}, {'position': 3, 'category': 'frontend', 'score': -1.6384134253221805}, {'position': 4, 'category': 'cloud', 'score': -2.1214145462653327}]",,2,215,715,datascience,aceptada,False,False,False
2e24d8fd-cb2b-4cab-b508-57f343fc6069,216,2026-08-06T03:16:41.521+00:00,str,when you just need to inspect a webhook before writing code when you just need to inspect a webhook before writing code webhooks are usually discussed as something your application should process automatically. a payment. webhooks webhooks,239,37,True,Inferencia completada.,aceptada,backend,frontend,0.8971891903256682,-0.8450601728868808,1.742249363212549,Media,32,Predicción automática con monitoreo,False,True,[],"[{'position': 1, 'category': 'backend', 'score': 0.8971891903256682}, {'position': 2, 'category': 'frontend', 'score': -0.8450601728868808}, {'position': 3, 'category': 'cloud', 'score': -1.1887615369549467}, {'position': 4, 'category': 'datascience', 'score': -1.8363643785676216}]",,2,216,716,backend,aceptada,False,False,False
2e24d8fd-cb2b-4cab-b508-57f343fc6069,217,2026-08-06T03:16:41.521+00:00,str,your pipeline is 25.2h behind: catching economy sentiment leads with pulsebit your pipeline is 25.2h behind: catching economy sentiment leads with pulsebit your pipeline is 25.2h behind: catching economy sentiment leads with pulsebit we recently discovered. 25.2h 25.2h,269,38,True,Inferencia completada.,aceptada,datascience,frontend,1.653530602396482,-1.3709992419934065,3.0245298443898885,Alta,27,Predicción automática,False,True,[],"[{'position': 1, 'category': 'datascience', 'score': 1.653530602396482}, {'position': 2, 'category': 'frontend', 'score': -1.3709992419934065}, {'position': 3, 'category': 'backend', 'score': -1.5734445268650512}, {'position': 4, 'category': 'cloud', 'score': -1.8907854663305912}]",,2,217,717,datascience,aceptada,False,False,False
2e24d8fd-cb2b-4cab-b508-57f343fc6069,218,2026-08-06T03:16:41.521+00:00,str,what integrating sso and payroll data sync across a dozen systems taught me about api design what integrating sso and payroll data sync across a dozen systems taught me about api design most engineers don t think about hr software until they re the ones stuck debugging why a new hire s.,287,52,True,Inferencia completada.,aceptada,backend,datascience,1.3518143842404662,0.06456932215634537,1.287245062084121,Media,44,Predicción automática con monitoreo,False,True,[],"[{'position': 1, 'category': 'backend', 'score': 1.3518143842404662}, {'position': 2, 'category': 'datascience', 'score': 0.06456932215634537}, {'position': 3, 'category': 'frontend', 'score': -2.0336847195779533}, {'position': 4, 'category': 'cloud', 'score': -2.2068797695632916}]",,2,218,718,backend,aceptada,False,False,False
2e24d8fd-cb2b-4cab-b508-57f343fc6069,219,2026-08-06T03:16:41.521+00:00,str,the server that robs itself: how we shut down ssrf in lumibase the server that robs itself: how we shut down ssrf in lumibase imagine your company has a courier everyone trusts completely. you hand him an address he drives.,223,40,True,Inferencia completada.,aceptada,backend,cloud,0.4729542325972521,-0.3776042482952312,0.8505584808924833,Media,25,Predicción automática con monitoreo,False,True,[],"[{'position': 1, 'category': 'backend', 'score': 0.4729542325972521}, {'position': 2, 'category': 'cloud', 'score': -0.3776042482952312}, {'position': 3, 'category': 'datascience', 'score': -1.2940167852182018}, {'position': 4, 'category': 'frontend', 'score': -1.649199920743166}]",,2,219,719,backend,aceptada,False,False,False
2e24d8fd-cb2b-4cab-b508-57f343fc6069,220,2026-08-06T03:16:41.521+00:00,str,why 2 is slower than col 2 in pandas and what strace shows about abstraction cost why 2 is slower than col 2 in pandas and what strace shows about abstraction cost this problem looks trivial but i got curious about what different pandas update strategies actually. pandas pandas,278,49,True,Inferencia completada.,revision,backend,datascience,-0.10447696868077505,-0.20695394041420012,0.10247697173342507,Crítica,29,Revisión humana prioritaria,True,True,['Las dos categorías principales tienen puntuaciones muy cercanas.'],"[{'position': 1, 'category': 'backend', 'score': -0.10447696868077505}, {'position': 2, 'category': 'datascience', 'score': -0.20695394041420012}, {'position': 3, 'category': 'cloud', 'score': -1.1084933206357936}, {'position': 4, 'category': 'frontend', 'score': -1.2346820830486676}]",,2,220,720,backend,revision,False,True,False
2e24d8fd-cb2b-4cab-b508-57f343fc6069,221,2026-08-06T03:16:41.521+00:00,str,the quiet infrastructure problem tiwlo wants to solve the quiet infrastructure problem tiwlo wants to solve infrastructure is usually discussed in terms of servers uptime regions storage bandwidth and.,201,29,True,Inferencia completada.,revision,cloud,backend,0.02924153682660624,-0.35748127941744745,0.3867228162440537,Baja,24,Revisión humana recomendada,True,True,['El margen de decisión es reducido.'],"[{'position': 1, 'category': 'cloud', 'score': 0.02924153682660624}, {'position': 2, 'category': 'backend', 'score': -0.35748127941744745}, {'position': 3, 'category': 'datascience', 'score': -0.8429628996161305}, {'position': 4, 'category': 'frontend', 'score': -1.5503624814618289}]",,2,221,721,cloud,revision,False,True,False
2e24d8fd-cb2b-4cab-b508-57f343fc6069,222,2026-08-06T03:16:41.521+00:00,str,stop writing .isnull audit your dataset in one line with omr stop writing .isnull audit your dataset in one line with omr every time i start a new data project i write the same.,177,34,True,Inferencia completada.,revision,frontend,datascience,0.16685989808252033,-0.004330216483136584,0.17119011456565691,Crítica,29,Revisión humana prioritaria,True,True,['Las dos categorías principales tienen puntuaciones muy cercanas.'],"[{'position': 1, 'category': 'frontend', 'score': 0.16685989808252033}, {'position': 2, 'category': 'datascience', 'score': -0.004330216483136584}, {'position': 3, 'category': 'backend', 'score': -0.4317679731006391}, {'position': 4, 'category': 'cloud', 'score': -2.29249055607861}]",,2,222,722,frontend,revision,False,True,False
2e24d8fd-cb2b-4cab-b508-57f343fc6069,223,2026-08-06T03:16:41.521+00:00,str,panama vs england: match prediction model analysis 2026-06-27 panama vs england: match prediction model analysis 2026-06-27 published: 2026-06-26 footballmoney.top panama vs england 世界杯 2026-06-27 england panama 2026-06-27 2026-06-26 england panama 2026-06-27 2026-06-26,270,32,True,Inferencia completada.,aceptada,datascience,backend,1.575113468954596,-1.2281751350294448,2.803288603984041,Alta,22,Predicción automática,False,True,[],"[{'position': 1, 'category': 'datascience', 'score': 1.575113468954596}, {'position': 2, 'category': 'backend', 'score': -1.2281751350294448}, {'position': 3, 'category': 'frontend', 'score': -1.335405603096257}, {'position': 4, 'category': 'cloud', 'score': -1.4263494829231766}]",,2,223,723,datascience,aceptada,False,False,False
2e24d8fd-cb2b-4cab-b508-57f343fc6069,224,2026-08-06T03:16:41.521+00:00,str,typescript decorators in practice: class method and property decorators for real applications typescript decorators in practice: class method and property decorators for real applications typescript decorators in practice: class method and property decorators for real. typescript typescript,291,37,True,Inferencia completada.,revision,backend,frontend,-0.01969713013563812,-0.20186583979979564,0.18216870966415752,Crítica,14,Revisión humana prioritaria,True,True,"['Cobertura reducida del vocabulario.', 'Las dos categorías principales tienen puntuaciones muy cercanas.']","[{'position': 1, 'category': 'backend', 'score': -0.01969713013563812}, {'position': 2, 'category': 'frontend', 'score': -0.20186583979979564}, {'position': 3, 'category': 'datascience', 'score': -1.243188005529881}, {'position': 4, 'category': 'cloud', 'score': -1.311027888348349}]",,2,224,724,backend,revision,False,True,True
2e24d8fd-cb2b-4cab-b508-57f343fc6069,225,2026-08-06T03:16:41.521+00:00,str,adding a live generate button: why synchronous beat a job queue adding a live generate button: why synchronous beat a job queue the dashboard could display drafts. it could not create them. you watched the queue and waited for a.,229,40,True,Inferencia completada.,revision,backend,datascience,0.031623297873250245,-0.44719071537602945,0.4788140132492797,Baja,28,Revisión humana recomendada,True,True,['El margen de decisión es reducido.'],"[{'position': 1, 'category': 'backend', 'score': 0.031623297873250245}, {'position': 2, 'category': 'datascience', 'score': -0.44719071537602945}, {'position': 3, 'category': 'frontend', 'score': -0.7279619904496841}, {'position': 4, 'category': 'cloud', 'score': -1.383312713691438}]",,2,225,725,backend,revision,False,True,False
2e24d8fd-cb2b-4cab-b508-57f343fc6069,226,2026-08-06T03:16:41.521+00:00,str,94.6 of ended prediction markets converge to near-certainty and why i still can t tell you if they were right 94.6 of ended prediction markets converge to near-certainty and why i still can t tell you if they were right i run a collector that snapshots every active polymarket market s price every 15 minutes. after 92. polymarket every 15 minutes polymarket every 15 minutes,375,65,True,Inferencia completada.,aceptada,datascience,backend,1.0864802521666639,-0.8756020587513654,1.9620823109180292,Alta,42,Predicción automática,False,True,[],"[{'position': 1, 'category': 'datascience', 'score': 1.0864802521666639}, {'position': 2, 'category': 'backend', 'score': -0.8756020587513654}, {'position': 3, 'category': 'cloud', 'score': -1.2835192291427013}, {'position': 4, 'category': 'frontend', 'score': -1.6499590138164613}]",,2,226,726,datascience,aceptada,False,False,False
2e24d8fd-cb2b-4cab-b508-57f343fc6069,227,2026-08-06T03:16:41.521+00:00,str,just turn it off in staging what the noisy alert was actually hiding just turn it off in staging what the noisy alert was actually hiding every day in staging the same google play 404 alert fired. killing the source would have made it quiet-but quiet and fixed turned out to be two dif google google,299,56,True,Inferencia completada.,revision,backend,cloud,-0.4602607349554386,-0.5706711624204692,0.1104104274650306,Crítica,45,Revisión humana prioritaria,True,True,['Las dos categorías principales tienen puntuaciones muy cercanas.'],"[{'position': 1, 'category': 'backend', 'score': -0.4602607349554386}, {'position': 2, 'category': 'cloud', 'score': -0.5706711624204692}, {'position': 3, 'category': 'datascience', 'score': -0.5935247731865096}, {'position': 4, 'category': 'frontend', 'score': -1.3031818466272282}]",,2,227,727,backend,revision,False,True,False
2e24d8fd-cb2b-4cab-b508-57f343fc6069,228,2026-08-06T03:16:41.521+00:00,str,why organizations are still missing out on passwordless adoption why organizations are still missing out on passwordless adoption according to a 2024 study by ponemon-sullivan privacy report it was found that around 76 of. ponemon-sullivan privacy report around 76% ponemon-sullivan privacy report around 76%,308,44,True,Inferencia completada.,revision,cloud,datascience,-0.027677274537170393,-0.6078101849312431,0.5801329103940727,Baja,26,Revisión humana recomendada,True,True,['El margen de decisión es reducido.'],"[{'position': 1, 'category': 'cloud', 'score': -0.027677274537170393}, {'position': 2, 'category': 'datascience', 'score': -0.6078101849312431}, {'position': 3, 'category': 'backend', 'score': -0.6192379660093906}, {'position': 4, 'category': 'frontend', 'score': -1.3414463218509751}]",,2,228,728,cloud,revision,False,True,False
2e24d8fd-cb2b-4cab-b508-57f343fc6069,229,2026-08-06T03:16:41.521+00:00,str,automated post-deployment verification and safe rollbacks automated post-deployment verification and safe rollbacks implement automated post-deployment verification canaries smoke tests and drift detection to validate every cloud change and enable safe rollbac,260,31,True,Inferencia completada.,aceptada,cloud,backend,0.328853415295569,-0.8209044112529552,1.1497578265485242,Media,19,Predicción automática con monitoreo,False,True,[],"[{'position': 1, 'category': 'cloud', 'score': 0.328853415295569}, {'position': 2, 'category': 'backend', 'score': -0.8209044112529552}, {'position': 3, 'category': 'frontend', 'score': -1.0188615273292165}, {'position': 4, 'category': 'datascience', 'score': -1.432352176136499}]",,2,229,729,cloud,aceptada,False,False,False
2e24d8fd-cb2b-4cab-b508-57f343fc6069,230,2026-08-06T03:16:41.521+00:00,str,what are html css javascript the human body analogy. what are html css javascript the human body analogy. imagine a website as a human body. html is the skeleton. it gives the body its basic structure.,201,36,True,Inferencia completada.,aceptada,frontend,cloud,1.4001400530199923,-1.3633977255181748,2.763537778538167,Alta,30,Predicción automática,False,True,[],"[{'position': 1, 'category': 'frontend', 'score': 1.4001400530199923}, {'position': 2, 'category': 'cloud', 'score': -1.3633977255181748}, {'position': 3, 'category': 'datascience', 'score': -1.4433211024318053}, {'position': 4, 'category': 'backend', 'score': -1.5063636586901723}]",,2,230,730,frontend,aceptada,False,False,False
2e24d8fd-cb2b-4cab-b508-57f343fc6069,231,2026-08-06T03:16:41.521+00:00,str,three things that broke when we extracted ach from the rails monolith three things that broke when we extracted ach from the rails monolith the failure that surprised me most during the ach extraction wasn t the one i was watching for. we. ach ach,247,45,True,Inferencia completada.,aceptada,backend,datascience,1.6653827530102276,-1.1455001960515139,2.8108829490617415,Alta,38,Predicción automática,False,True,[],"[{'position': 1, 'category': 'backend', 'score': 1.6653827530102276}, {'position': 2, 'category': 'datascience', 'score': -1.1455001960515139}, {'position': 3, 'category': 'frontend', 'score': -1.2054616819559447}, {'position': 4, 'category': 'cloud', 'score': -2.035868377856911}]",,2,231,731,backend,aceptada,False,False,False
2e24d8fd-cb2b-4cab-b508-57f343fc6069,232,2026-08-06T03:16:41.521+00:00,str,chuyển screenshot thành code với qwen 3.7 plus chuyển screenshot thành code với qwen 3.7 plus cung cấp cho qwen 3.7 plus một ảnh chụp màn hình giao diện người dùng ui sau đó yêu cầu nó tạo lại. 3.7 plus cung diện người 3.7 plus cung diện người,243,49,True,Inferencia completada.,revision,frontend,backend,0.2618264545095438,-0.8872321535223913,1.1490586080319352,Media,7,Revisión humana recomendada,True,True,['Cobertura reducida del vocabulario.'],"[{'position': 1, 'category': 'frontend', 'score': 0.2618264545095438}, {'position': 2, 'category': 'backend', 'score': -0.8872321535223913}, {'position': 3, 'category': 'cloud', 'score': -1.0918896374132723}, {'position': 4, 'category': 'datascience', 'score': -1.0962662588961556}]",,2,232,732,frontend,revision,False,False,True
2e24d8fd-cb2b-4cab-b508-57f343fc6069,233,2026-08-06T03:16:41.521+00:00,str,scale databases: read/write replicas in laravel scale databases: read/write replicas in laravel the single-node bottleneck in the early days of a b2b saas platform at smart tech devs a single. smart tech devs the early days smart tech devs the early days,254,42,True,Inferencia completada.,aceptada,backend,cloud,1.0977342632140537,-1.155962485113053,2.2536967483271066,Alta,34,Predicción automática,False,True,[],"[{'position': 1, 'category': 'backend', 'score': 1.0977342632140537}, {'position': 2, 'category': 'cloud', 'score': -1.155962485113053}, {'position': 3, 'category': 'datascience', 'score': -1.2847792230575934}, {'position': 4, 'category': 'frontend', 'score': -1.6183577037126233}]",,2,233,733,backend,aceptada,False,False,False
2e24d8fd-cb2b-4cab-b508-57f343fc6069,234,2026-08-06T03:16:41.521+00:00,str,apis with requests http methods status codes api authentication boto3 aws sdk intro apis with requests http methods status codes api authentication boto3 aws sdk intro key concepts overview concept one-line definition api a way for two.,236,37,True,Inferencia completada.,revision,cloud,backend,0.3403599589736731,0.27035937057114345,0.07000058840252965,Crítica,32,Revisión humana prioritaria,True,True,['Las dos categorías principales tienen puntuaciones muy cercanas.'],"[{'position': 1, 'category': 'cloud', 'score': 0.3403599589736731}, {'position': 2, 'category': 'backend', 'score': 0.27035937057114345}, {'position': 3, 'category': 'datascience', 'score': -1.5018938417920862}, {'position': 4, 'category': 'frontend', 'score': -2.099742132874576}]",,2,234,734,cloud,revision,False,True,False
2e24d8fd-cb2b-4cab-b508-57f343fc6069,235,2026-08-06T03:16:41.521+00:00,str,how to start docker for beginners how to start docker for beginners what s docker docker is a containerization platform that packages applications with all.,156,25,True,Inferencia completada.,revision,cloud,datascience,-0.16394599615163885,-0.7360036168375952,0.5720576206859563,Baja,25,Revisión humana recomendada,True,True,['El margen de decisión es reducido.'],"[{'position': 1, 'category': 'cloud', 'score': -0.16394599615163885}, {'position': 2, 'category': 'datascience', 'score': -0.7360036168375952}, {'position': 3, 'category': 'backend', 'score': -0.7955376699098912}, {'position': 4, 'category': 'frontend', 'score': -0.9412049283540773}]",,2,235,735,cloud,revision,False,True,False
2e24d8fd-cb2b-4cab-b508-57f343fc6069,236,2026-08-06T03:16:41.521+00:00,str,public file hosting: everything you need to know public file hosting: everything you need to know are you looking into public file hosting here s a quick overview of what you need to know. discover.,198,35,True,Inferencia completada.,aceptada,cloud,datascience,1.911924779674191,-1.5226876247468604,3.4346124044210513,Muy alta,36,Predicción automática,False,True,[],"[{'position': 1, 'category': 'cloud', 'score': 1.911924779674191}, {'position': 2, 'category': 'datascience', 'score': -1.5226876247468604}, {'position': 3, 'category': 'frontend', 'score': -1.5672781716876667}, {'position': 4, 'category': 'backend', 'score': -1.635270112958104}]",,2,236,736,cloud,aceptada,False,False,False
2e24d8fd-cb2b-4cab-b508-57f343fc6069,237,2026-08-06T03:16:41.521+00:00,str,i migrated 26 ai models to google cloud agent platform and cut costs 90 66 i migrated 26 ai models to google cloud agent platform and cut costs 90 66 google ai recently became the official ai model and platform partner of dev community. as someone. ai model google ai ai model google ai,286,54,True,Inferencia completada.,aceptada,cloud,datascience,0.8320684359711238,-0.6985022452934007,1.5305706812645243,Media,38,Predicción automática con monitoreo,False,True,[],"[{'position': 1, 'category': 'cloud', 'score': 0.8320684359711238}, {'position': 2, 'category': 'datascience', 'score': -0.6985022452934007}, {'position': 3, 'category': 'frontend', 'score': -1.349571609181492}, {'position': 4, 'category': 'backend', 'score': -1.591801624667807}]",,2,237,737,cloud,aceptada,False,False,False
2e24d8fd-cb2b-4cab-b508-57f343fc6069,238,2026-08-06T03:16:41.521+00:00,str,what do we need to learn for front end development in 2026 what do we need to learn for front end development in 2026 we guess after searching through 3-4 articles you got confused and exhausted and still don t know. 3-4 3-4,224,43,True,Inferencia completada.,aceptada,backend,frontend,0.43869757773366136,-0.8415699339849119,1.2802675117185731,Media,37,Predicción automática con monitoreo,False,True,[],"[{'position': 1, 'category': 'backend', 'score': 0.43869757773366136}, {'position': 2, 'category': 'frontend', 'score': -0.8415699339849119}, {'position': 3, 'category': 'datascience', 'score': -0.9409543494302774}, {'position': 4, 'category': 'cloud', 'score': -1.163832556199158}]",,2,238,738,backend,aceptada,False,False,False
2e24d8fd-cb2b-4cab-b508-57f343fc6069,239,2026-08-06T03:16:41.521+00:00,str,building scalable node.js apis with express: assembling your api like the avengers building scalable node.js apis with express: assembling your api like the avengers the quest begins the why i still remember the first time i tried to ship a node.js api.,253,42,True,Inferencia completada.,aceptada,frontend,backend,1.1639454204158333,-0.9200866562314955,2.084032076647329,Alta,46,Predicción automática,False,True,[],"[{'position': 1, 'category': 'frontend', 'score': 1.1639454204158333}, {'position': 2, 'category': 'backend', 'score': -0.9200866562314955}, {'position': 3, 'category': 'cloud', 'score': -1.5476218790209966}, {'position': 4, 'category': 'datascience', 'score': -1.5753306719144389}]",,2,239,739,frontend,aceptada,False,False,False
2e24d8fd-cb2b-4cab-b508-57f343fc6069,240,2026-08-06T03:16:41.521+00:00,str,why redis is fast even though it is single-threaded why redis is fast even though it is single-threaded a single thread handling millions of operations per second sounds wrong but it is the whole point. covers the event loop in-memory data structures and where the single-thread model stops helping. millions second millions second,331,53,True,Inferencia completada.,aceptada,backend,datascience,0.9768594360859938,-0.6234653228552767,1.6003247589412704,Media,45,Predicción automática con monitoreo,False,True,[],"[{'position': 1, 'category': 'backend', 'score': 0.9768594360859938}, {'position': 2, 'category': 'datascience', 'score': -0.6234653228552767}, {'position': 3, 'category': 'cloud', 'score': -0.9881310824245455}, {'position': 4, 'category': 'frontend', 'score': -1.9269319030075547}]",,2,240,740,backend,aceptada,False,False,False
2e24d8fd-cb2b-4cab-b508-57f343fc6069,241,2026-08-06T03:16:41.521+00:00,str,your pipeline is 15.2h behind: catching economy sentiment leads with pulsebit your pipeline is 15.2h behind: catching economy sentiment leads with pulsebit your pipeline just revealed a 24h momentum spike of-0.115 in global economic sentiment likely.,250,36,True,Inferencia completada.,aceptada,datascience,frontend,1.7028781086031373,-1.529015315287686,3.2318934238908232,Alta,34,Predicción automática,False,True,[],"[{'position': 1, 'category': 'datascience', 'score': 1.7028781086031373}, {'position': 2, 'category': 'frontend', 'score': -1.529015315287686}, {'position': 3, 'category': 'backend', 'score': -1.6000532760986301}, {'position': 4, 'category': 'cloud', 'score': -1.7838757379260883}]",,2,241,741,datascience,aceptada,False,False,False
2e24d8fd-cb2b-4cab-b508-57f343fc6069,242,2026-08-06T03:16:41.521+00:00,str,building a sports data pipeline: lessons from canada first into last 16 as stephen eustáquio scores in stoppage time aga building a sports data pipeline: lessons from canada first into last 16 as stephen eustáquio scores in stoppage time aga building a sports data pipeline: lessons from canada first into last 16 as stephen eustáquio. canada last 16 stephen eustáquio canada last 16 stephen eustáquio,401,65,True,Inferencia completada.,aceptada,datascience,frontend,2.1637381061537737,-1.0756571417574472,3.239395247911221,Alta,22,Predicción automática,False,True,[],"[{'position': 1, 'category': 'datascience', 'score': 2.1637381061537737}, {'position': 2, 'category': 'frontend', 'score': -1.0756571417574472}, {'position': 3, 'category': 'backend', 'score': -1.477640121410154}, {'position': 4, 'category': 'cloud', 'score': -2.319132544837542}]",,2,242,742,datascience,aceptada,False,False,False
2e24d8fd-cb2b-4cab-b508-57f343fc6069,243,2026-08-06T03:16:41.521+00:00,str,cómo revisar cohortes de activación por email cómo revisar cohortes de activación por email guía paso a paso para revisar cohortes de activación por email en saas sin mezclar pruebas métricas ni señales de producto. métricas ni guía métricas ni guía,249,41,True,Inferencia completada.,aceptada,backend,datascience,1.3610082686991603,-1.1855360366437746,2.546544305342935,Alta,27,Predicción automática,False,True,[],"[{'position': 1, 'category': 'backend', 'score': 1.3610082686991603}, {'position': 2, 'category': 'datascience', 'score': -1.1855360366437746}, {'position': 3, 'category': 'frontend', 'score': -1.214663175480831}, {'position': 4, 'category': 'cloud', 'score': -1.351804089910359}]",,2,243,743,backend,aceptada,False,False,False
2e24d8fd-cb2b-4cab-b508-57f343fc6069,244,2026-08-06T03:16:41.521+00:00,str,building logging v2 for ticketon building logging v2 for ticketon 15 minutes read time when being a discord server admin/manager or moderator it is important to. discord discord,177,28,True,Inferencia completada.,aceptada,backend,frontend,0.6205283078574758,-1.0204194046436408,1.6409477125011165,Media,20,Predicción automática con monitoreo,False,True,[],"[{'position': 1, 'category': 'backend', 'score': 0.6205283078574758}, {'position': 2, 'category': 'frontend', 'score': -1.0204194046436408}, {'position': 3, 'category': 'cloud', 'score': -1.1587949773170556}, {'position': 4, 'category': 'datascience', 'score': -1.1947847482693954}]",,2,244,744,backend,aceptada,False,False,False
2e24d8fd-cb2b-4cab-b508-57f343fc6069,245,2026-08-06T03:16:41.521+00:00,str,step-by-step csv to xlsx conversion example in java step-by-step csv to xlsx conversion example in java stuck converting massive csv files into excel spreadsheets in java a cloud based api can do the. csv excel api java csv excel api java,238,41,True,Inferencia completada.,revision,cloud,backend,0.013052651760679823,-0.38863296255783863,0.40168561431851846,Baja,32,Revisión humana recomendada,True,True,['El margen de decisión es reducido.'],"[{'position': 1, 'category': 'cloud', 'score': 0.013052651760679823}, {'position': 2, 'category': 'backend', 'score': -0.38863296255783863}, {'position': 3, 'category': 'datascience', 'score': -0.4205065906034179}, {'position': 4, 'category': 'frontend', 'score': -2.376943389200077}]",,2,245,745,cloud,revision,False,True,False
2e24d8fd-cb2b-4cab-b508-57f343fc6069,246,2026-08-06T03:16:41.521+00:00,str,the end of the traditional govcon system integrator the end of the traditional govcon system integrator summary of how federal procurement reform plus ai-native engineering is shifting government buying from labor to measurable outcomes favoring smaller mission-focused outcome integrators over legacy labor-heavy system integrators.,333,44,True,Inferencia completada.,revision,backend,datascience,-0.1506983477726933,-0.47616808959258355,0.32546974181989025,Baja,31,Revisión humana recomendada,True,True,['El margen de decisión es reducido.'],"[{'position': 1, 'category': 'backend', 'score': -0.1506983477726933}, {'position': 2, 'category': 'datascience', 'score': -0.47616808959258355}, {'position': 3, 'category': 'cloud', 'score': -0.7062336080333291}, {'position': 4, 'category': 'frontend', 'score': -1.3033727596760052}]",,2,246,746,backend,revision,False,True,False
2e24d8fd-cb2b-4cab-b508-57f343fc6069,247,2026-08-06T03:16:41.521+00:00,str,inside twio: optimizing queue system for ai workflows instead of scaling compute inside twio: optimizing queue system for ai workflows instead of scaling compute a few users running our email import at once slowed it to a crawl and more servers wouldn t have helped. here s where the real bottleneck was hiding and the simple fix.,330,57,True,Inferencia completada.,aceptada,backend,cloud,1.4927601702216875,-0.5858653186730554,2.078625488894743,Alta,56,Predicción automática,False,True,[],"[{'position': 1, 'category': 'backend', 'score': 1.4927601702216875}, {'position': 2, 'category': 'cloud', 'score': -0.5858653186730554}, {'position': 3, 'category': 'datascience', 'score': -1.801830686209824}, {'position': 4, 'category': 'frontend', 'score': -1.841179624203595}]",,2,247,747,backend,aceptada,False,False,False
2e24d8fd-cb2b-4cab-b508-57f343fc6069,248,2026-08-06T03:16:41.521+00:00,str,i found 5 systematic biases in sports prediction markets using polymarket data i found 5 systematic biases in sports prediction markets using polymarket data the crowd roared as the 12-seed basketball team pulled off the upset. on polymarket traders had. polymarket polymarket,276,42,True,Inferencia completada.,aceptada,datascience,cloud,1.9565894370641614,-1.184658130390654,3.1412475674548155,Alta,37,Predicción automática,False,True,[],"[{'position': 1, 'category': 'datascience', 'score': 1.9565894370641614}, {'position': 2, 'category': 'cloud', 'score': -1.184658130390654}, {'position': 3, 'category': 'backend', 'score': -1.5958631126916663}, {'position': 4, 'category': 'frontend', 'score': -1.6299157728696527}]",,2,248,748,datascience,aceptada,False,False,False
2e24d8fd-cb2b-4cab-b508-57f343fc6069,249,2026-08-06T03:16:41.521+00:00,str,where should you store your jwt where should you store your jwt one of the first questions developers face when implementing an authentication flow is: where should.,165,27,True,Inferencia completada.,aceptada,backend,frontend,1.0579658670636305,-0.9747393440733751,2.0327052111370056,Alta,25,Predicción automática,False,True,[],"[{'position': 1, 'category': 'backend', 'score': 1.0579658670636305}, {'position': 2, 'category': 'frontend', 'score': -0.9747393440733751}, {'position': 3, 'category': 'cloud', 'score': -1.4749923338891253}, {'position': 4, 'category': 'datascience', 'score': -1.498373953716158}]",,2,249,749,backend,aceptada,False,False,False
2e24d8fd-cb2b-4cab-b508-57f343fc6069,250,2026-08-06T03:16:41.521+00:00,str,from zero to auto-scaling hero: deploying a vmss on azure from zero to auto-scaling hero: deploying a vmss on azure from zero to auto-scaling hero: deploying a vmss on azure ever wondered how big websites. auto-scaling hero auto-scaling hero,241,39,True,Inferencia completada.,aceptada,cloud,datascience,1.0218921349944994,-1.109259555014591,2.1311516900090903,Alta,19,Predicción automática,False,True,[],"[{'position': 1, 'category': 'cloud', 'score': 1.0218921349944994}, {'position': 2, 'category': 'datascience', 'score': -1.109259555014591}, {'position': 3, 'category': 'frontend', 'score': -1.31314547612951}, {'position': 4, 'category': 'backend', 'score': -1.7379918574345397}]",,2,250,750,cloud,aceptada,False,False,False
2e24d8fd-cb2b-4cab-b508-57f343fc6069,251,2026-08-06T03:16:41.521+00:00,str,"aws daily digest june 28 2026 aws daily digest june 28 2026 aws daily digest june 28 2026 auto-generated groq llama 3.3 70b free groq llama 3.3 june 28, 2026 groq llama 3.3 june 28, 2026",186,36,True,Inferencia completada.,aceptada,cloud,datascience,1.8440665233704867,-1.125723346273807,2.969789869644294,Alta,25,Predicción automática,False,True,[],"[{'position': 1, 'category': 'cloud', 'score': 1.8440665233704867}, {'position': 2, 'category': 'datascience', 'score': -1.125723346273807}, {'position': 3, 'category': 'frontend', 'score': -1.6407363488677427}, {'position': 4, 'category': 'backend', 'score': -2.028091019677571}]",,2,251,751,cloud,aceptada,False,False,False
2e24d8fd-cb2b-4cab-b508-57f343fc6069,252,2026-08-06T03:16:41.521+00:00,str,announcing supamachine: a deterministic state machine for supabase authentication announcing supamachine: a deterministic state machine for supabase authentication i was working on a somewhat complex client mobile app using supabase as a baas and to manage. supabase supabase,275,38,True,Inferencia completada.,aceptada,backend,frontend,0.6439913974317103,-0.19094075957787587,0.8349321570095862,Media,28,Predicción automática con monitoreo,False,True,[],"[{'position': 1, 'category': 'backend', 'score': 0.6439913974317103}, {'position': 2, 'category': 'frontend', 'score': -0.19094075957787587}, {'position': 3, 'category': 'datascience', 'score': -1.3716196147816548}, {'position': 4, 'category': 'cloud', 'score': -1.635109810682049}]",,2,252,752,backend,aceptada,False,False,False
2e24d8fd-cb2b-4cab-b508-57f343fc6069,253,2026-08-06T03:16:41.521+00:00,str,curaçao vs ivory coast: match prediction model analysis 2026-06-25 curaçao vs ivory coast: match prediction model analysis 2026-06-25 published: 2026-06-23 footballmoney.top curaçao vs ivory coast 世界杯 2026-06-25 2026-06-23 2026-06-25 ivory coast 2026-06-23 2026-06-25 ivory coast,279,35,True,Inferencia completada.,aceptada,datascience,backend,1.2969513278644027,-1.1322247466797828,2.4291760745441855,Alta,24,Predicción automática,False,True,[],"[{'position': 1, 'category': 'datascience', 'score': 1.2969513278644027}, {'position': 2, 'category': 'backend', 'score': -1.1322247466797828}, {'position': 3, 'category': 'frontend', 'score': -1.2268979652804592}, {'position': 4, 'category': 'cloud', 'score': -1.4060193320124086}]",,2,253,753,datascience,aceptada,False,False,False
2e24d8fd-cb2b-4cab-b508-57f343fc6069,254,2026-08-06T03:16:41.521+00:00,str,reverse proxy reverse proxy one-liner: a reverse proxy sits in front of your servers accepting client requests and forwarding.,126,19,True,Inferencia completada.,aceptada,backend,frontend,1.1646289495097415,-1.1203993085330506,2.285028258042792,Alta,18,Predicción automática,False,True,[],"[{'position': 1, 'category': 'backend', 'score': 1.1646289495097415}, {'position': 2, 'category': 'frontend', 'score': -1.1203993085330506}, {'position': 3, 'category': 'datascience', 'score': -1.486431212332302}, {'position': 4, 'category': 'cloud', 'score': -1.7801644043862064}]",,2,254,754,backend,aceptada,False,False,False
2e24d8fd-cb2b-4cab-b508-57f343fc6069,255,2026-08-06T03:16:41.521+00:00,str,ai will not replace your it roadmap but it changes it ai will not replace your it roadmap but it changes it a practical guide for it career changers on using ai without losing role clarity fundamentals proof or a realistic roadmap. ai ai,237,44,True,Inferencia completada.,revision,cloud,backend,-0.14481773037575962,-0.604147637907435,0.45932990753167535,Baja,36,Revisión humana recomendada,True,True,['El margen de decisión es reducido.'],"[{'position': 1, 'category': 'cloud', 'score': -0.14481773037575962}, {'position': 2, 'category': 'backend', 'score': -0.604147637907435}, {'position': 3, 'category': 'datascience', 'score': -0.745837359572012}, {'position': 4, 'category': 'frontend', 'score': -1.0853305053145226}]",,2,255,755,cloud,revision,False,True,False
2e24d8fd-cb2b-4cab-b508-57f343fc6069,256,2026-08-06T03:16:41.521+00:00,str,the hidden ai infrastructure cost trap every saas team should understand the hidden ai infrastructure cost trap every saas team should understand ai is becoming a core part of modern saas products. from ai copilots and intelligent agents to. ai ai,247,41,True,Inferencia completada.,aceptada,cloud,backend,0.7193359622403447,-0.5617261924484711,1.281062154688816,Media,39,Predicción automática con monitoreo,False,True,[],"[{'position': 1, 'category': 'cloud', 'score': 0.7193359622403447}, {'position': 2, 'category': 'backend', 'score': -0.5617261924484711}, {'position': 3, 'category': 'datascience', 'score': -1.514449775889418}, {'position': 4, 'category': 'frontend', 'score': -1.6047011145027805}]",,2,256,756,cloud,aceptada,False,False,False
2e24d8fd-cb2b-4cab-b508-57f343fc6069,257,2026-08-06T03:16:41.521+00:00,str,hcc v28 transition timeline phase-in impact hcc v28 transition timeline phase-in impact v28 didn t replace v24 overnight. cms blends the two models over multiple payment years which means. years v24 overnight cms v28 years v24 overnight cms v28,244,39,True,Inferencia completada.,revision,backend,frontend,-0.36481747643874896,-0.7996157430649244,0.4347982666261755,Baja,20,Revisión humana recomendada,True,True,['El margen de decisión es reducido.'],"[{'position': 1, 'category': 'backend', 'score': -0.36481747643874896}, {'position': 2, 'category': 'frontend', 'score': -0.7996157430649244}, {'position': 3, 'category': 'datascience', 'score': -0.81695344687791}, {'position': 4, 'category': 'cloud', 'score': -1.1563573192534031}]",,2,257,757,backend,revision,False,True,False
2e24d8fd-cb2b-4cab-b508-57f343fc6069,258,2026-08-06T03:16:41.521+00:00,str,how to build a practical api contract testing strategy how to build a practical api contract testing strategy how to build a practical api contract testing strategy how to build a practical.,190,32,True,Inferencia completada.,aceptada,frontend,backend,0.991300827109335,-0.834006917290476,1.8253077443998111,Alta,16,Predicción automática,False,True,[],"[{'position': 1, 'category': 'frontend', 'score': 0.991300827109335}, {'position': 2, 'category': 'backend', 'score': -0.834006917290476}, {'position': 3, 'category': 'datascience', 'score': -1.5205016823205342}, {'position': 4, 'category': 'cloud', 'score': -1.614570689032627}]",,2,258,758,frontend,aceptada,False,False,False
2e24d8fd-cb2b-4cab-b508-57f343fc6069,259,2026-08-06T03:16:41.521+00:00,str,a small guide on building an mvp a small guide on building an mvp nearly 37 of startups die due to a lack of profitability or capital. the good news is that there is. nearly 37% nearly 37%,188,38,True,Inferencia completada.,revision,frontend,backend,-0.029349483952757105,-0.6073218057678889,0.5779723218151318,Baja,31,Revisión humana recomendada,True,True,['El margen de decisión es reducido.'],"[{'position': 1, 'category': 'frontend', 'score': -0.029349483952757105}, {'position': 2, 'category': 'backend', 'score': -0.6073218057678889}, {'position': 3, 'category': 'cloud', 'score': -1.0114264544096803}, {'position': 4, 'category': 'datascience', 'score': -1.1691856902579554}]",,2,259,759,frontend,revision,False,True,False
2e24d8fd-cb2b-4cab-b508-57f343fc6069,260,2026-08-06T03:16:41.521+00:00,str,reactive forms reactive forms reactive forms define the form structure and validation entirely in the component class using.,124,18,True,Inferencia completada.,aceptada,frontend,backend,0.9504257573037683,-0.6012796228611106,1.5517053801648788,Media,16,Predicción automática con monitoreo,False,True,[],"[{'position': 1, 'category': 'frontend', 'score': 0.9504257573037683}, {'position': 2, 'category': 'backend', 'score': -0.6012796228611106}, {'position': 3, 'category': 'datascience', 'score': -1.015568044062463}, {'position': 4, 'category': 'cloud', 'score': -1.7655971363953693}]",,2,260,760,frontend,aceptada,False,False,False
2e24d8fd-cb2b-4cab-b508-57f343fc6069,261,2026-08-06T03:16:41.521+00:00,str,pourquoi l ia locale change la donne : votre machine votre règle pourquoi l ia locale change la donne : votre machine votre règle le matin où tout s arrête un clic. un écran figé. votre outil de dictée ne répond plus. un un,223,44,True,Inferencia completada.,aceptada,cloud,datascience,0.3400337049412824,-0.8484895266293293,1.1885232315706116,Media,18,Predicción automática con monitoreo,False,True,[],"[{'position': 1, 'category': 'cloud', 'score': 0.3400337049412824}, {'position': 2, 'category': 'datascience', 'score': -0.8484895266293293}, {'position': 3, 'category': 'frontend', 'score': -0.8782122706349913}, {'position': 4, 'category': 'backend', 'score': -1.121565509314385}]",,2,261,761,cloud,aceptada,False,False,False
2e24d8fd-cb2b-4cab-b508-57f343fc6069,262,2026-08-06T03:16:41.521+00:00,str,tunisia vs japan: match prediction model analysis 2026-06-21 tunisia vs japan: match prediction model analysis 2026-06-21 published: 2026-06-18 footballmoney.top tunisia vs japan 世界杯 2026-06-21 japan 2026-06-18 2026-06-21 tunisia japan 2026-06-18 2026-06-21 tunisia,265,32,True,Inferencia completada.,aceptada,datascience,frontend,1.219534996764212,-0.9786805756497637,2.1982155724139756,Alta,23,Predicción automática,False,True,[],"[{'position': 1, 'category': 'datascience', 'score': 1.219534996764212}, {'position': 2, 'category': 'frontend', 'score': -0.9786805756497637}, {'position': 3, 'category': 'cloud', 'score': -1.2403591180063103}, {'position': 4, 'category': 'backend', 'score': -1.4961630121233487}]",,2,262,762,datascience,aceptada,False,False,False
2e24d8fd-cb2b-4cab-b508-57f343fc6069,263,2026-08-06T03:16:41.521+00:00,str,errors.join in 2026: the multi-error pattern most go devs still hand-roll errors.join in 2026: the multi-error pattern most go devs still hand-roll errors.join shipped in go 1.20 and still gets reinvented. how to join unwrap match with is/as across a join and when to aggregate vs fail fast. join join,301,50,True,Inferencia completada.,aceptada,backend,datascience,1.9272486728075058,-1.3520194288997334,3.279268101707239,Alta,30,Predicción automática,False,True,[],"[{'position': 1, 'category': 'backend', 'score': 1.9272486728075058}, {'position': 2, 'category': 'datascience', 'score': -1.3520194288997334}, {'position': 3, 'category': 'cloud', 'score': -1.367008010088985}, {'position': 4, 'category': 'frontend', 'score': -1.991071950777025}]",,2,263,763,backend,aceptada,False,False,False
2e24d8fd-cb2b-4cab-b508-57f343fc6069,264,2026-08-06T03:16:41.521+00:00,str,you reached for important again. layer is the real fix. you reached for important again. layer is the real fix. you typed important. be honest you did. the third-party reset was winning your override wasn t.,207,36,True,Inferencia completada.,revision,backend,datascience,-0.3565831649585761,-0.5716146972228127,0.21503153226423655,Crítica,27,Revisión humana prioritaria,True,True,['Las dos categorías principales tienen puntuaciones muy cercanas.'],"[{'position': 1, 'category': 'backend', 'score': -0.3565831649585761}, {'position': 2, 'category': 'datascience', 'score': -0.5716146972228127}, {'position': 3, 'category': 'frontend', 'score': -0.6587957047022701}, {'position': 4, 'category': 'cloud', 'score': -1.1470458043550198}]",,2,264,764,backend,revision,False,True,False
2e24d8fd-cb2b-4cab-b508-57f343fc6069,265,2026-08-06T03:16:41.521+00:00,str,read-only by construction: an mcp server that can t write to redis read-only by construction: an mcp server that can t write to redis tool descriptions are not a permission check. how an mcp server stays read-only structurally: registration-gated write tools and a redis acl that cannot write. mcp mcp,301,50,True,Inferencia completada.,revision,cloud,backend,0.08815976310211582,-0.42804034019846054,0.5162001033005763,Baja,32,Revisión humana recomendada,True,True,['El margen de decisión es reducido.'],"[{'position': 1, 'category': 'cloud', 'score': 0.08815976310211582}, {'position': 2, 'category': 'backend', 'score': -0.42804034019846054}, {'position': 3, 'category': 'datascience', 'score': -1.30976754136616}, {'position': 4, 'category': 'frontend', 'score': -1.3687252071638856}]",,2,265,765,cloud,revision,False,True,False
2e24d8fd-cb2b-4cab-b508-57f343fc6069,266,2026-08-06T03:16:41.521+00:00,str,building a low-latency data-stack renderer for real-time analytics at scale building a low-latency data-stack renderer for real-time analytics at scale building a low-latency data-stack renderer for real-time analytics at scale,227,30,True,Inferencia completada.,revision,frontend,backend,0.4732715659239105,-0.521533313645391,0.9948048795693015,Media,13,Revisión humana recomendada,True,True,['Cobertura reducida del vocabulario.'],"[{'position': 1, 'category': 'frontend', 'score': 0.4732715659239105}, {'position': 2, 'category': 'backend', 'score': -0.521533313645391}, {'position': 3, 'category': 'cloud', 'score': -1.272684947103103}, {'position': 4, 'category': 'datascience', 'score': -1.803187408020857}]",,2,266,766,frontend,revision,False,False,True
2e24d8fd-cb2b-4cab-b508-57f343fc6069,267,2026-08-06T03:16:41.521+00:00,str,i got tired of express and built something different i got tired of express and built something different i have been writing express apis for a few years and at some point it just stopped being fun. not one. a few years express a few years express,248,47,True,Inferencia completada.,revision,frontend,backend,0.15718402614567417,-0.6378228897433733,0.7950069158890475,Baja,42,Revisión humana recomendada,True,True,['El margen de decisión es reducido.'],"[{'position': 1, 'category': 'frontend', 'score': 0.15718402614567417}, {'position': 2, 'category': 'backend', 'score': -0.6378228897433733}, {'position': 3, 'category': 'cloud', 'score': -0.8757238851767127}, {'position': 4, 'category': 'datascience', 'score': -1.2640534286716418}]",,2,267,767,frontend,revision,False,True,False
2e24d8fd-cb2b-4cab-b508-57f343fc6069,268,2026-08-06T03:16:41.521+00:00,str,idempotency keys: making a post safe to retry idempotency keys: making a post safe to retry day 16 of building orderhub in the open and the finale of phase 2. yesterday i gave the app retries yesterday orderhub day 16 yesterday orderhub day 16,243,44,True,Inferencia completada.,aceptada,backend,frontend,1.7929231762240323,-1.514725483398446,3.3076486596224783,Alta,35,Predicción automática,False,True,[],"[{'position': 1, 'category': 'backend', 'score': 1.7929231762240323}, {'position': 2, 'category': 'frontend', 'score': -1.514725483398446}, {'position': 3, 'category': 'datascience', 'score': -1.6155219382066872}, {'position': 4, 'category': 'cloud', 'score': -1.7264092467478227}]",,2,268,768,backend,aceptada,False,False,False
2e24d8fd-cb2b-4cab-b508-57f343fc6069,269,2026-08-06T03:16:41.521+00:00,str,real-time vs batch indexing: stop choosing start combining real-time vs batch indexing: stop choosing start combining your indexing pipeline is not broken it s just incomplete there s a recurring pattern in.,207,32,True,Inferencia completada.,aceptada,backend,frontend,0.6156686506273162,-0.838199751014341,1.4538684016416572,Media,27,Predicción automática con monitoreo,False,True,[],"[{'position': 1, 'category': 'backend', 'score': 0.6156686506273162}, {'position': 2, 'category': 'frontend', 'score': -0.838199751014341}, {'position': 3, 'category': 'datascience', 'score': -1.2706167087832636}, {'position': 4, 'category': 'cloud', 'score': -1.3199500148251506}]",,2,269,769,backend,aceptada,False,False,False
2e24d8fd-cb2b-4cab-b508-57f343fc6069,270,2026-08-06T03:16:41.521+00:00,str,what i look for in a laravel project before writing a single line of code what i look for in a laravel project before writing a single line of code title: what i look for in a laravel project before writing a single line of code publication: submit.,249,48,True,Inferencia completada.,aceptada,frontend,cloud,0.5715192608599281,-1.031681943641615,1.6032012045015431,Media,25,Predicción automática con monitoreo,False,True,[],"[{'position': 1, 'category': 'frontend', 'score': 0.5715192608599281}, {'position': 2, 'category': 'cloud', 'score': -1.031681943641615}, {'position': 3, 'category': 'datascience', 'score': -1.2001263943212517}, {'position': 4, 'category': 'backend', 'score': -1.2333269412990622}]",,2,270,770,frontend,aceptada,False,False,False
2e24d8fd-cb2b-4cab-b508-57f343fc6069,271,2026-08-06T03:16:41.521+00:00,str,cleaning eeg: artifacts preprocessing and source reconstruction cleaning eeg: artifacts preprocessing and source reconstruction adapted from an appendix of my ms thesis. data analysis artifacts are signals that make.,216,29,True,Inferencia completada.,aceptada,datascience,cloud,2.4036776498313865,-1.6430553571722728,4.04673300700366,Muy alta,28,Predicción automática,False,True,[],"[{'position': 1, 'category': 'datascience', 'score': 2.4036776498313865}, {'position': 2, 'category': 'cloud', 'score': -1.6430553571722728}, {'position': 3, 'category': 'backend', 'score': -1.7308876843655163}, {'position': 4, 'category': 'frontend', 'score': -1.781307096309702}]",,2,271,771,datascience,aceptada,False,False,False
2e24d8fd-cb2b-4cab-b508-57f343fc6069,272,2026-08-06T03:16:41.521+00:00,str,"aws daily digest june 17 2026 aws daily digest june 17 2026 aws daily digest june 17 2026 auto-generated groq llama 3.3 70b free groq llama 3.3 june 17, 2026 groq llama 3.3 june 17, 2026",186,36,True,Inferencia completada.,aceptada,cloud,frontend,1.7089032045129922,-1.4176035723685363,3.1265067768815284,Alta,26,Predicción automática,False,True,[],"[{'position': 1, 'category': 'cloud', 'score': 1.7089032045129922}, {'position': 2, 'category': 'frontend', 'score': -1.4176035723685363}, {'position': 3, 'category': 'datascience', 'score': -1.4334266658907553}, {'position': 4, 'category': 'backend', 'score': -1.7614472843771818}]",,2,272,772,cloud,aceptada,False,False,False
2e24d8fd-cb2b-4cab-b508-57f343fc6069,273,2026-08-06T03:16:41.521+00:00,str,stop shipping generic ai ui: why ai coding tools need better design context stop shipping generic ai ui: why ai coding tools need better design context ai coding tools are getting really good. cursor claude code codex lovable bolt replit and. replit ai claude code replit ai claude code,286,49,True,Inferencia completada.,revision,frontend,cloud,0.08425585834541738,-0.00886209442514807,0.09311795277056545,Crítica,31,Revisión humana prioritaria,True,True,['Las dos categorías principales tienen puntuaciones muy cercanas.'],"[{'position': 1, 'category': 'frontend', 'score': 0.08425585834541738}, {'position': 2, 'category': 'cloud', 'score': -0.00886209442514807}, {'position': 3, 'category': 'backend', 'score': -1.3257153963492294}, {'position': 4, 'category': 'datascience', 'score': -1.455058076164304}]",,2,273,773,frontend,revision,False,True,False
2e24d8fd-cb2b-4cab-b508-57f343fc6069,274,2026-08-06T03:16:41.521+00:00,str,multilevel three-level meta-analysis multilevel three-level meta-analysis adapted from an appendix of my ms thesis. multilevel meta-analysis when people talk.,158,19,True,Inferencia completada.,aceptada,datascience,cloud,1.9646039559187156,-1.2472370207996533,3.211840976718369,Alta,20,Predicción automática,False,True,[],"[{'position': 1, 'category': 'datascience', 'score': 1.9646039559187156}, {'position': 2, 'category': 'cloud', 'score': -1.2472370207996533}, {'position': 3, 'category': 'backend', 'score': -1.6450986375166607}, {'position': 4, 'category': 'frontend', 'score': -1.8821800749627378}]",,2,274,774,datascience,aceptada,False,False,False
2e24d8fd-cb2b-4cab-b508-57f343fc6069,275,2026-08-06T03:16:41.521+00:00,str,how cloud hosting improves website speed: 7 reasons every website owner should know how cloud hosting improves website speed: 7 reasons every website owner should know how cloud hosting improves website speed: 7 reasons every website owner should.,247,38,True,Inferencia completada.,revision,cloud,frontend,1.2370196200908854,-0.8857254661925072,2.1227450862833925,Alta,15,Revisión humana recomendada,True,True,['Cobertura reducida del vocabulario.'],"[{'position': 1, 'category': 'cloud', 'score': 1.2370196200908854}, {'position': 2, 'category': 'frontend', 'score': -0.8857254661925072}, {'position': 3, 'category': 'backend', 'score': -1.3591352490876942}, {'position': 4, 'category': 'datascience', 'score': -2.1905141112503537}]",,2,275,775,cloud,revision,False,False,True
2e24d8fd-cb2b-4cab-b508-57f343fc6069,276,2026-08-06T03:16:41.521+00:00,str,run an exit drill before free cloud coding becomes a switching cost run an exit drill before free cloud coding becomes a switching cost measure whether accepted work can leave an ai coding saas before investing team time. ai ai,227,40,True,Inferencia completada.,aceptada,cloud,frontend,1.707107273577153,-1.0113683377470126,2.7184756113241657,Alta,29,Predicción automática,False,True,[],"[{'position': 1, 'category': 'cloud', 'score': 1.707107273577153}, {'position': 2, 'category': 'frontend', 'score': -1.0113683377470126}, {'position': 3, 'category': 'datascience', 'score': -1.8059173525426693}, {'position': 4, 'category': 'backend', 'score': -1.967535974065556}]",,2,276,776,cloud,aceptada,False,False,False
2e24d8fd-cb2b-4cab-b508-57f343fc6069,277,2026-08-06T03:16:41.521+00:00,str,next.js 14: server components the empire strikes back on react next.js 14: server components the empire strikes back on react the quest begins the why honestly i was tired of watching my react apps choke on.,207,36,True,Inferencia completada.,aceptada,frontend,backend,1.5354580218191556,-1.2450824363097643,2.78054045812892,Alta,38,Predicción automática,False,True,[],"[{'position': 1, 'category': 'frontend', 'score': 1.5354580218191556}, {'position': 2, 'category': 'backend', 'score': -1.2450824363097643}, {'position': 3, 'category': 'cloud', 'score': -1.5486461306907986}, {'position': 4, 'category': 'datascience', 'score': -1.8125781318716}]",,2,277,777,frontend,aceptada,False,False,False
2e24d8fd-cb2b-4cab-b508-57f343fc6069,278,2026-08-06T03:16:41.521+00:00,str,how i built a real-time formula 1 stats tracker: lionel messi s inevitable gravity bends another occasion in argentina s how i built a real-time formula 1 stats tracker: lionel messi s inevitable gravity bends another occasion in argentina s how i built a real-time formula 1 stats tracker: lionel messi s inevitable gravity bends. messi messi,343,57,True,Inferencia completada.,aceptada,datascience,backend,0.7557681780815608,-0.9484813283432916,1.7042495064248524,Media,22,Predicción automática con monitoreo,False,True,[],"[{'position': 1, 'category': 'datascience', 'score': 0.7557681780815608}, {'position': 2, 'category': 'backend', 'score': -0.9484813283432916}, {'position': 3, 'category': 'frontend', 'score': -1.1117969586163978}, {'position': 4, 'category': 'cloud', 'score': -1.6037168453763138}]",,2,278,778,datascience,aceptada,False,False,False
2e24d8fd-cb2b-4cab-b508-57f343fc6069,279,2026-08-06T03:16:41.521+00:00,str,data science workload: giới hạn ram trên dell pro max 14 mc14250 data science workload: giới hạn ram trên dell pro max 14 mc14250 trong lĩnh vực data science việc quản lý tài nguyên hệ thống là một bài toán cân não. khi bạn chạy. khi bạn chạy data science một bài toán khi bạn chạy data science một bài toán,307,61,True,Inferencia completada.,revision,datascience,frontend,1.59823040000555,-1.2976317612915502,2.8958621612971003,Alta,11,Revisión humana recomendada,True,True,['Cobertura reducida del vocabulario.'],"[{'position': 1, 'category': 'datascience', 'score': 1.59823040000555}, {'position': 2, 'category': 'frontend', 'score': -1.2976317612915502}, {'position': 3, 'category': 'cloud', 'score': -1.6175681648392133}, {'position': 4, 'category': 'backend', 'score': -1.6543875613746748}]",,2,279,779,datascience,revision,False,False,True
2e24d8fd-cb2b-4cab-b508-57f343fc6069,280,2026-08-06T03:16:41.521+00:00,str,t-sql patterns that break when you migrate sql server to postgresql and where they hide in java/c# t-sql patterns that break when you migrate sql server to postgresql and where they hide in java/c# database migrations look done until monday morning. the stored procedures are converted. the. monday morning monday morning,321,51,True,Inferencia completada.,aceptada,backend,cloud,1.5504621981068536,-1.0181097483857164,2.56857194649257,Alta,32,Predicción automática,False,True,[],"[{'position': 1, 'category': 'backend', 'score': 1.5504621981068536}, {'position': 2, 'category': 'cloud', 'score': -1.0181097483857164}, {'position': 3, 'category': 'datascience', 'score': -1.3567344015157383}, {'position': 4, 'category': 'frontend', 'score': -2.0125925969891596}]",,2,280,780,backend,aceptada,False,False,False
2e24d8fd-cb2b-4cab-b508-57f343fc6069,281,2026-08-06T03:16:41.521+00:00,str,i started gcp ace to learn cloud. it taught me how to learn. i started gcp ace to learn cloud. it taught me how to learn. when i started preparing for the google cloud platform gcp associate cloud engineer ace associate cloud engineer gcp ace associate cloud engineer gcp ace,275,50,True,Inferencia completada.,aceptada,cloud,frontend,1.207612658126378,-1.398403482719151,2.606016140845529,Alta,30,Predicción automática,False,True,[],"[{'position': 1, 'category': 'cloud', 'score': 1.207612658126378}, {'position': 2, 'category': 'frontend', 'score': -1.398403482719151}, {'position': 3, 'category': 'datascience', 'score': -1.5091438471017948}, {'position': 4, 'category': 'backend', 'score': -1.5783009479332695}]",,2,281,781,cloud,aceptada,False,False,False
2e24d8fd-cb2b-4cab-b508-57f343fc6069,282,2026-08-06T03:16:41.521+00:00,str,same partner tier 8x the payout: the fee base is what you should model same partner tier 8x the payout: the fee base is what you should model two operators can sit on the exact same partner tier at an exchange and collect payouts that differ.,242,46,True,Inferencia completada.,revision,backend,cloud,-0.5110971868565458,-0.6885157838113346,0.1774185969547888,Crítica,28,Revisión humana prioritaria,True,True,['Las dos categorías principales tienen puntuaciones muy cercanas.'],"[{'position': 1, 'category': 'backend', 'score': -0.5110971868565458}, {'position': 2, 'category': 'cloud', 'score': -0.6885157838113346}, {'position': 3, 'category': 'frontend', 'score': -0.7331163377668359}, {'position': 4, 'category': 'datascience', 'score': -0.842880022324897}]",,2,282,782,backend,revision,False,True,False
2e24d8fd-cb2b-4cab-b508-57f343fc6069,283,2026-08-06T03:16:41.521+00:00,str,your pipeline is 25.2h behind: catching inflation sentiment leads with pulsebit your pipeline is 25.2h behind: catching inflation sentiment leads with pulsebit your pipeline just missed a significant anomaly: a 24h momentum spike of +1.350. this spike indicates.,262,38,True,Inferencia completada.,aceptada,datascience,frontend,1.369985466862048,-1.371268950492375,2.7412544173544227,Alta,43,Predicción automática,False,True,[],"[{'position': 1, 'category': 'datascience', 'score': 1.369985466862048}, {'position': 2, 'category': 'frontend', 'score': -1.371268950492375}, {'position': 3, 'category': 'backend', 'score': -1.453079628194232}, {'position': 4, 'category': 'cloud', 'score': -1.6073181866299353}]",,2,283,783,datascience,aceptada,False,False,False
2e24d8fd-cb2b-4cab-b508-57f343fc6069,284,2026-08-06T03:16:41.521+00:00,str,lottie vs framer motion: which should you use lottie vs framer motion: which should you use both lottie and framer motion are popular animation tools for web apps but they solve completely. framer motion lottie framer motion lottie,231,38,True,Inferencia completada.,aceptada,frontend,cloud,1.9498413330345539,-1.3929523020404084,3.3427936350749623,Muy alta,30,Predicción automática,False,True,[],"[{'position': 1, 'category': 'frontend', 'score': 1.9498413330345539}, {'position': 2, 'category': 'cloud', 'score': -1.3929523020404084}, {'position': 3, 'category': 'backend', 'score': -1.4526702915478302}, {'position': 4, 'category': 'datascience', 'score': -1.925793716348099}]",,2,284,784,frontend,aceptada,False,False,False
2e24d8fd-cb2b-4cab-b508-57f343fc6069,285,2026-08-06T03:16:41.521+00:00,str,redis is fast not loyal: why it should never be your main db redis is fast not loyal: why it should never be your main db so so so. you re going through redis. pov: you googled it or chatgpted it and wired redis up. redis pov redis pov,235,49,True,Inferencia completada.,aceptada,backend,cloud,1.6705687105032174,-1.2526266107446664,2.923195321247884,Alta,26,Predicción automática,False,True,[],"[{'position': 1, 'category': 'backend', 'score': 1.6705687105032174}, {'position': 2, 'category': 'cloud', 'score': -1.2526266107446664}, {'position': 3, 'category': 'frontend', 'score': -1.5827711034160377}, {'position': 4, 'category': 'datascience', 'score': -1.6068819174924567}]",,2,285,785,backend,aceptada,False,False,False
2e24d8fd-cb2b-4cab-b508-57f343fc6069,286,2026-08-06T03:16:41.521+00:00,str,the token tax: why bad ai architecture is becoming enterprise debt the token tax: why bad ai architecture is becoming enterprise debt inference got dramatically cheaper yet enterprise ai bills keep climbing. the token tax is not a pricing problem it is an architecture problem and the missing middle layer is quietly becoming enterprise debt. ai inference ai inference,368,59,True,Inferencia completada.,aceptada,cloud,backend,0.5855741996216376,-0.6146687861926634,1.200242985814301,Media,45,Predicción automática con monitoreo,False,True,[],"[{'position': 1, 'category': 'cloud', 'score': 0.5855741996216376}, {'position': 2, 'category': 'backend', 'score': -0.6146687861926634}, {'position': 3, 'category': 'datascience', 'score': -0.9457221295409697}, {'position': 4, 'category': 'frontend', 'score': -1.3511536406926445}]",,2,286,786,cloud,aceptada,False,False,False
2e24d8fd-cb2b-4cab-b508-57f343fc6069,287,2026-08-06T03:16:41.521+00:00,str,building a low-latency edge ai inference pipeline for real-time iot analytics building a low-latency edge ai inference pipeline for real-time iot analytics building a low-latency edge ai inference pipeline for real-time iot analytics,233,33,True,Inferencia completada.,aceptada,frontend,cloud,0.4371234298147496,-0.6538061632849262,1.0909295930996759,Media,19,Predicción automática con monitoreo,False,True,[],"[{'position': 1, 'category': 'frontend', 'score': 0.4371234298147496}, {'position': 2, 'category': 'cloud', 'score': -0.6538061632849262}, {'position': 3, 'category': 'datascience', 'score': -1.4225030618380607}, {'position': 4, 'category': 'backend', 'score': -1.4368559076876397}]",,2,287,787,frontend,aceptada,False,False,False
2e24d8fd-cb2b-4cab-b508-57f343fc6069,288,2026-08-06T03:16:41.521+00:00,str,building an engineering mindset building an engineering mindset week 1 user story mapping: read this first i picked up user story mapping expecting. week 1 week 1,162,27,True,Inferencia completada.,aceptada,frontend,backend,0.775117939181842,-0.7315671479589574,1.5066850871407995,Media,19,Predicción automática con monitoreo,False,True,[],"[{'position': 1, 'category': 'frontend', 'score': 0.775117939181842}, {'position': 2, 'category': 'backend', 'score': -0.7315671479589574}, {'position': 3, 'category': 'datascience', 'score': -1.2567144953785738}, {'position': 4, 'category': 'cloud', 'score': -1.3679023001945212}]",,2,288,788,frontend,aceptada,False,False,False
2e24d8fd-cb2b-4cab-b508-57f343fc6069,289,2026-08-06T03:16:41.521+00:00,str,new blog published: why kubernetes bills spike after every product launch new blog published: why kubernetes bills spike after every product launch new blog published: why kubernetes bills spike after every product launch your product launch is a. new blog published: why kubernetes bills spike after every product launch your new blog published: why kubernetes bills spike after every product launch your,405,62,True,Inferencia completada.,revision,cloud,datascience,-0.05497982604192353,-0.6416422682448153,0.5866624422028918,Baja,17,Revisión humana recomendada,True,True,['El margen de decisión es reducido.'],"[{'position': 1, 'category': 'cloud', 'score': -0.05497982604192353}, {'position': 2, 'category': 'datascience', 'score': -0.6416422682448153}, {'position': 3, 'category': 'backend', 'score': -0.7985356370370209}, {'position': 4, 'category': 'frontend', 'score': -1.1726799082051043}]",,2,289,789,cloud,revision,False,True,False
2e24d8fd-cb2b-4cab-b508-57f343fc6069,290,2026-08-06T03:16:41.521+00:00,str,sql as architecture: the irreconcilable philosophies of jooq and linq sql as architecture: the irreconcilable philosophies of jooq and linq the central architectural conflict every persistent layer draws a line: on one side sits.,229,34,True,Inferencia completada.,aceptada,backend,datascience,0.555549795003555,-0.46131079737098357,1.0168605923745386,Media,20,Predicción automática con monitoreo,False,True,[],"[{'position': 1, 'category': 'backend', 'score': 0.555549795003555}, {'position': 2, 'category': 'datascience', 'score': -0.46131079737098357}, {'position': 3, 'category': 'cloud', 'score': -1.0365471112067182}, {'position': 4, 'category': 'frontend', 'score': -1.2747073902292323}]",,2,290,790,backend,aceptada,False,False,False
2e24d8fd-cb2b-4cab-b508-57f343fc6069,291,2026-08-06T03:16:41.521+00:00,str,experimenting with a strategy pattern-based backend architecture for interchangeable decision logic feedback wanted experimenting with a strategy pattern-based backend architecture for interchangeable decision logic feedback wanted hi everyone i ve been experimenting with a backend architecture idea and wanted to get feedback.,328,42,True,Inferencia completada.,aceptada,backend,frontend,0.8349030468753865,-1.140587295066331,1.9754903419417174,Alta,30,Predicción automática,False,True,[],"[{'position': 1, 'category': 'backend', 'score': 0.8349030468753865}, {'position': 2, 'category': 'frontend', 'score': -1.140587295066331}, {'position': 3, 'category': 'datascience', 'score': -1.284721082335742}, {'position': 4, 'category': 'cloud', 'score': -1.6114807042738883}]",,2,291,791,backend,aceptada,False,False,False
2e24d8fd-cb2b-4cab-b508-57f343fc6069,292,2026-08-06T03:16:41.521+00:00,str,how i built a disposable email service in typescript smtp sse and a single vps how i built a disposable email service in typescript smtp sse and a single vps how i built a disposable email service in typescript temp-mail services are everywhere typescript typescript,266,45,True,Inferencia completada.,revision,backend,cloud,0.18404783075250786,-0.6041513556996564,0.7881991864521642,Baja,25,Revisión humana recomendada,True,True,['El margen de decisión es reducido.'],"[{'position': 1, 'category': 'backend', 'score': 0.18404783075250786}, {'position': 2, 'category': 'cloud', 'score': -0.6041513556996564}, {'position': 3, 'category': 'datascience', 'score': -1.2233783511479253}, {'position': 4, 'category': 'frontend', 'score': -1.6847732683252605}]",,2,292,792,backend,revision,False,True,False
2e24d8fd-cb2b-4cab-b508-57f343fc6069,293,2026-08-06T03:16:41.521+00:00,str,from local development to a production-style deployment: understanding docker nginx linux and aws from local development to a production-style deployment: understanding docker nginx linux and aws when i first started learning cloud computing i assumed aws was simply a collection of services like. aws aws,305,45,True,Inferencia completada.,aceptada,cloud,frontend,1.9631703288672377,-1.6312474062629518,3.5944177351301896,Muy alta,39,Predicción automática,False,True,[],"[{'position': 1, 'category': 'cloud', 'score': 1.9631703288672377}, {'position': 2, 'category': 'frontend', 'score': -1.6312474062629518}, {'position': 3, 'category': 'datascience', 'score': -1.7916706657313026}, {'position': 4, 'category': 'backend', 'score': -1.846409105690122}]",,2,293,793,cloud,aceptada,False,False,False
2e24d8fd-cb2b-4cab-b508-57f343fc6069,294,2026-08-06T03:16:41.521+00:00,str,building a robust server-side event bus with exactly-once delivery in a microservice architecture building a robust server-side event bus with exactly-once delivery in a microservice architecture building a robust server-side event bus with exactly-once delivery in a microservice.,281,38,True,Inferencia completada.,revision,frontend,backend,0.45718402911454936,-0.19139152686631,0.6485755559808594,Baja,18,Revisión humana recomendada,True,True,['El margen de decisión es reducido.'],"[{'position': 1, 'category': 'frontend', 'score': 0.45718402911454936}, {'position': 2, 'category': 'backend', 'score': -0.19139152686631}, {'position': 3, 'category': 'datascience', 'score': -0.9833792201730508}, {'position': 4, 'category': 'cloud', 'score': -2.024373375898096}]",,2,294,794,frontend,revision,False,True,False
2e24d8fd-cb2b-4cab-b508-57f343fc6069,295,2026-08-06T03:16:41.521+00:00,str,lucide 1.0 removes brand icons and optimizes bundle size for millions of projects lucide 1.0 removes brand icons and optimizes bundle size for millions of projects lucide 1.0 launches with over 1 600 icons eliminating brand logos to reduce legal risks and improve design consistency.,283,45,True,Inferencia completada.,aceptada,frontend,cloud,1.1856558790192429,-1.119078177258072,2.304734056277315,Alta,30,Predicción automática,False,True,[],"[{'position': 1, 'category': 'frontend', 'score': 1.1856558790192429}, {'position': 2, 'category': 'cloud', 'score': -1.119078177258072}, {'position': 3, 'category': 'datascience', 'score': -1.1307992542066179}, {'position': 4, 'category': 'backend', 'score': -1.39743745201721}]",,2,295,795,frontend,aceptada,False,False,False
2e24d8fd-cb2b-4cab-b508-57f343fc6069,296,2026-08-06T03:16:41.521+00:00,str,new react challenge: tier list new react challenge: tier list ever built a drag-and-drop ui with just the native browser api no react-beautiful-dnd no dnd-kit ui api ui api,172,29,True,Inferencia completada.,aceptada,frontend,cloud,2.268867189979172,-1.6161234282615826,3.8849906182407548,Muy alta,24,Predicción automática,False,True,[],"[{'position': 1, 'category': 'frontend', 'score': 2.268867189979172}, {'position': 2, 'category': 'cloud', 'score': -1.6161234282615826}, {'position': 3, 'category': 'backend', 'score': -1.7800194040557535}, {'position': 4, 'category': 'datascience', 'score': -1.9848713622478393}]",,2,296,796,frontend,aceptada,False,False,False
2e24d8fd-cb2b-4cab-b508-57f343fc6069,297,2026-08-06T03:16:41.521+00:00,str,why hycu backup matters for enterprise data protection why hycu backup matters for enterprise data protection enterprise organizations face growing data protection challenges in 2026. ransomware hardware. ransomware ransomware,226,29,True,Inferencia completada.,aceptada,cloud,datascience,1.1339139525421307,-0.5265069871287775,1.6604209396709082,Media,23,Predicción automática con monitoreo,False,True,[],"[{'position': 1, 'category': 'cloud', 'score': 1.1339139525421307}, {'position': 2, 'category': 'datascience', 'score': -0.5265069871287775}, {'position': 3, 'category': 'frontend', 'score': -1.647834017465304}, {'position': 4, 'category': 'backend', 'score': -1.7051250392586845}]",,2,297,797,cloud,aceptada,False,False,False
2e24d8fd-cb2b-4cab-b508-57f343fc6069,298,2026-08-06T03:16:41.521+00:00,str,building a robust real-time chat system with webrtc datachannels and a sovereign state channel building a robust real-time chat system with webrtc datachannels and a sovereign state channel building a robust real-time chat system with webrtc datachannels and a sovereign state. webrtc datachannels webrtc datachannels,317,45,True,Inferencia completada.,aceptada,frontend,backend,0.6312213618300812,-0.35647726748269404,0.9876986293127752,Media,18,Predicción automática con monitoreo,False,True,[],"[{'position': 1, 'category': 'frontend', 'score': 0.6312213618300812}, {'position': 2, 'category': 'backend', 'score': -0.35647726748269404}, {'position': 3, 'category': 'datascience', 'score': -1.4227886988798475}, {'position': 4, 'category': 'cloud', 'score': -1.8543548317772354}]",,2,298,798,frontend,aceptada,False,False,False
2e24d8fd-cb2b-4cab-b508-57f343fc6069,299,2026-08-06T03:16:41.521+00:00,str,indexing: the force awakens in my rate limiter quest indexing: the force awakens in my rate limiter quest the quest begins the why ever had one of those days where your api feels like it s. api api,197,38,True,Inferencia completada.,aceptada,backend,cloud,1.7316117907750175,-1.078799705234086,2.8104114960091033,Alta,41,Predicción automática,False,True,[],"[{'position': 1, 'category': 'backend', 'score': 1.7316117907750175}, {'position': 2, 'category': 'cloud', 'score': -1.078799705234086}, {'position': 3, 'category': 'datascience', 'score': -1.761568097545645}, {'position': 4, 'category': 'frontend', 'score': -1.951374560201872}]",,2,299,799,backend,aceptada,False,False,False
2e24d8fd-cb2b-4cab-b508-57f343fc6069,300,2026-08-06T03:16:41.521+00:00,str,your scroll listener fires on every pixel. intersectionobserver fires when visibility actually changes. your scroll listener fires on every pixel. intersectionobserver fires when visibility actually changes. here is a pattern i still see in real codebases: window.addeventlistener scroll,287,38,True,Inferencia completada.,revision,frontend,cloud,-0.06387542587736078,-0.4886806565518217,0.4248052306744609,Baja,31,Revisión humana recomendada,True,True,['El margen de decisión es reducido.'],"[{'position': 1, 'category': 'frontend', 'score': -0.06387542587736078}, {'position': 2, 'category': 'cloud', 'score': -0.4886806565518217}, {'position': 3, 'category': 'backend', 'score': -0.9944798580664581}, {'position': 4, 'category': 'datascience', 'score': -1.1356753779638034}]",,2,300,800,frontend,revision,False,True,False
2e24d8fd-cb2b-4cab-b508-57f343fc6069,301,2026-08-06T03:16:41.521+00:00,str,how excel is used in real-world data analysis. how excel is used in real-world data analysis. my first week at luxdevhq has been an enlightening one as i got to be introduced to the world of data. luxdevhq my first week luxdevhq my first week,242,45,True,Inferencia completada.,aceptada,datascience,cloud,1.3226380615350006,-1.3734658203144032,2.696103881849404,Alta,42,Predicción automática,False,True,[],"[{'position': 1, 'category': 'datascience', 'score': 1.3226380615350006}, {'position': 2, 'category': 'cloud', 'score': -1.3734658203144032}, {'position': 3, 'category': 'backend', 'score': -1.4611493841715377}, {'position': 4, 'category': 'frontend', 'score': -1.4740813286578982}]",,2,301,801,datascience,aceptada,False,False,False
2e24d8fd-cb2b-4cab-b508-57f343fc6069,302,2026-08-06T03:16:41.521+00:00,str,the hidden backend cost of just add caching the hidden backend cost of just add caching caching is one of the most common backend optimizations. and one of the most misunderstood. a lot.,186,33,True,Inferencia completada.,aceptada,backend,cloud,1.2991066302290353,-1.2489634944245773,2.548070124653613,Alta,27,Predicción automática,False,True,[],"[{'position': 1, 'category': 'backend', 'score': 1.2991066302290353}, {'position': 2, 'category': 'cloud', 'score': -1.2489634944245773}, {'position': 3, 'category': 'frontend', 'score': -1.2736403763882533}, {'position': 4, 'category': 'datascience', 'score': -1.3771552960739286}]",,2,302,802,backend,aceptada,False,False,False
2e24d8fd-cb2b-4cab-b508-57f343fc6069,303,2026-08-06T03:16:41.521+00:00,str,ever seen a liquid cursor in action ever seen a liquid cursor in action i vibecoded a cool ui animation for a custom cursor-liquid cursor if you want to see it in action.,170,33,True,Inferencia completada.,aceptada,frontend,cloud,0.17991334508502044,-0.8290931578992522,1.0090065029842727,Media,27,Predicción automática con monitoreo,False,True,[],"[{'position': 1, 'category': 'frontend', 'score': 0.17991334508502044}, {'position': 2, 'category': 'cloud', 'score': -0.8290931578992522}, {'position': 3, 'category': 'backend', 'score': -1.1555114932324186}, {'position': 4, 'category': 'datascience', 'score': -1.2581000629868173}]",,2,303,803,frontend,aceptada,False,False,False
2e24d8fd-cb2b-4cab-b508-57f343fc6069,304,2026-08-06T03:16:41.521+00:00,str,scraping linkedin company employees without a login and without flagging your account scraping linkedin company employees without a login and without flagging your account every linkedin scraper i tried fell into one of two buckets. either it wanted my session cookies linkedin linkedin,286,43,True,Inferencia completada.,revision,datascience,backend,-0.32225149186741364,-0.7632747752351686,0.441023283367755,Baja,29,Revisión humana recomendada,True,True,['El margen de decisión es reducido.'],"[{'position': 1, 'category': 'datascience', 'score': -0.32225149186741364}, {'position': 2, 'category': 'backend', 'score': -0.7632747752351686}, {'position': 3, 'category': 'frontend', 'score': -0.7756702502730286}, {'position': 4, 'category': 'cloud', 'score': -0.7967651750792808}]",,2,304,804,datascience,revision,False,True,False
2e24d8fd-cb2b-4cab-b508-57f343fc6069,305,2026-08-06T03:16:41.521+00:00,str,building scalable ai platforms with multi-tenant saas building scalable ai platforms with multi-tenant saas understanding multi-tenant saas architecture for ai platforms the landscape of ai. ai ai platforms ai ai platforms,222,31,True,Inferencia completada.,aceptada,cloud,backend,0.9573039958620552,-1.024358680111459,1.981662675973514,Alta,24,Predicción automática,False,True,[],"[{'position': 1, 'category': 'cloud', 'score': 0.9573039958620552}, {'position': 2, 'category': 'backend', 'score': -1.024358680111459}, {'position': 3, 'category': 'frontend', 'score': -1.2128736648832703}, {'position': 4, 'category': 'datascience', 'score': -1.9709078785210736}]",,2,305,805,cloud,aceptada,False,False,False
2e24d8fd-cb2b-4cab-b508-57f343fc6069,306,2026-08-06T03:16:41.521+00:00,str,your aws account is one misconfiguration away from being a public file server your aws account is one misconfiguration away from being a public file server there s a particular kind of bad day that starts when someone tweets a screenshot of an s3 bucket. s3 s3,260,47,True,Inferencia completada.,aceptada,cloud,backend,1.098168302982045,-0.5854593595424383,1.6836276625244833,Media,42,Predicción automática con monitoreo,False,True,[],"[{'position': 1, 'category': 'cloud', 'score': 1.098168302982045}, {'position': 2, 'category': 'backend', 'score': -0.5854593595424383}, {'position': 3, 'category': 'frontend', 'score': -1.380397080789112}, {'position': 4, 'category': 'datascience', 'score': -1.9623941772950346}]",,2,306,806,cloud,aceptada,False,False,False
2e24d8fd-cb2b-4cab-b508-57f343fc6069,307,2026-08-06T03:16:41.521+00:00,str,png vs webp vs avif: the ultimate image format guide for 2026 png vs webp vs avif: the ultimate image format guide for 2026 stop guessing which format to use. here s the data the tradeoffs and exactly when to pick each.,219,42,True,Inferencia completada.,aceptada,frontend,datascience,0.7949320078041201,-0.7582205082938912,1.5531525160980113,Media,43,Predicción automática con monitoreo,False,True,[],"[{'position': 1, 'category': 'frontend', 'score': 0.7949320078041201}, {'position': 2, 'category': 'datascience', 'score': -0.7582205082938912}, {'position': 3, 'category': 'cloud', 'score': -1.4039443820364435}, {'position': 4, 'category': 'backend', 'score': -1.6752957140111007}]",,2,307,807,frontend,aceptada,False,False,False
2e24d8fd-cb2b-4cab-b508-57f343fc6069,308,2026-08-06T03:16:41.521+00:00,str,testing database migrations safely with a shadow schema testing database migrations safely with a shadow schema testing database migrations safely with a shadow schema testing database. a shadow schema testing database a shadow schema testing database,251,36,True,Inferencia completada.,revision,backend,frontend,0.4089585140258566,-0.4181307568221315,0.8270892708479881,Media,10,Revisión humana recomendada,True,True,['Cobertura reducida del vocabulario.'],"[{'position': 1, 'category': 'backend', 'score': 0.4089585140258566}, {'position': 2, 'category': 'frontend', 'score': -0.4181307568221315}, {'position': 3, 'category': 'datascience', 'score': -1.101741192707964}, {'position': 4, 'category': 'cloud', 'score': -1.738678981521299}]",,2,308,808,backend,revision,False,False,True
2e24d8fd-cb2b-4cab-b508-57f343fc6069,309,2026-08-06T03:16:41.521+00:00,str,top data analytics project ideas for beginners and professionals top data analytics project ideas for beginners and professionals if you re learning data analytics and looking to build a strong portfolio working on real-world. data analytics data analytics,256,38,True,Inferencia completada.,aceptada,datascience,cloud,1.3315907394504727,-1.2544402982695353,2.5860310377200078,Alta,35,Predicción automática,False,True,[],"[{'position': 1, 'category': 'datascience', 'score': 1.3315907394504727}, {'position': 2, 'category': 'cloud', 'score': -1.2544402982695353}, {'position': 3, 'category': 'frontend', 'score': -1.416809618799934}, {'position': 4, 'category': 'backend', 'score': -1.468572561366905}]",,2,309,809,datascience,aceptada,False,False,False
2e24d8fd-cb2b-4cab-b508-57f343fc6069,310,2026-08-06T03:16:41.521+00:00,str,why we score company quality the way we do and why reits and banks get different rules why we score company quality the way we do and why reits and banks get different rules quality is a vague word. every investor agrees a quality company is good and nobody agrees on how.,272,52,True,Inferencia completada.,revision,datascience,cloud,0.02960787735519399,-0.4242747129157829,0.4538825902709769,Baja,27,Revisión humana recomendada,True,True,['El margen de decisión es reducido.'],"[{'position': 1, 'category': 'datascience', 'score': 0.02960787735519399}, {'position': 2, 'category': 'cloud', 'score': -0.4242747129157829}, {'position': 3, 'category': 'backend', 'score': -0.9146462871397418}, {'position': 4, 'category': 'frontend', 'score': -1.3646005997376305}]",,2,310,810,datascience,revision,False,True,False
2e24d8fd-cb2b-4cab-b508-57f343fc6069,311,2026-08-06T03:16:41.521+00:00,str,why i still test in safari first and the bugs it catches early why i still test in safari first and the bugs it catches early yes i still open safari first i build and test new frontend work in safari first. on purpose. safari safari,233,46,True,Inferencia completada.,revision,frontend,backend,0.14451007175038044,-0.5249386517151791,0.6694487234655595,Baja,30,Revisión humana recomendada,True,True,['El margen de decisión es reducido.'],"[{'position': 1, 'category': 'frontend', 'score': 0.14451007175038044}, {'position': 2, 'category': 'backend', 'score': -0.5249386517151791}, {'position': 3, 'category': 'cloud', 'score': -0.9745183526340172}, {'position': 4, 'category': 'datascience', 'score': -1.2799034921592072}]",,2,311,811,frontend,revision,False,True,False
2e24d8fd-cb2b-4cab-b508-57f343fc6069,312,2026-08-06T03:16:41.521+00:00,str,when just build it stops working: a technical look at complexity in uk web development when just build it stops working: a technical look at complexity in uk web development there s a threshold that most web projects never approach where the standard get something working.,273,46,True,Inferencia completada.,revision,backend,frontend,0.1292037966375047,-0.14336802803687487,0.27257182467437957,Baja,36,Revisión humana recomendada,True,True,['El margen de decisión es reducido.'],"[{'position': 1, 'category': 'backend', 'score': 0.1292037966375047}, {'position': 2, 'category': 'frontend', 'score': -0.14336802803687487}, {'position': 3, 'category': 'cloud', 'score': -1.1370848352593184}, {'position': 4, 'category': 'datascience', 'score': -1.4452648895610478}]",,2,312,812,backend,revision,False,True,False
2e24d8fd-cb2b-4cab-b508-57f343fc6069,313,2026-08-06T03:16:41.521+00:00,str,lottie animations and accessibility: prefers-reduced-motion aria and best practices lottie animations and accessibility: prefers-reduced-motion aria and best practices animations are a common accessibility problem. for users with vestibular disorders epilepsy or.,263,31,True,Inferencia completada.,aceptada,frontend,backend,1.3372261644244037,-1.0328408508254103,2.370067015249814,Alta,23,Predicción automática,False,True,[],"[{'position': 1, 'category': 'frontend', 'score': 1.3372261644244037}, {'position': 2, 'category': 'backend', 'score': -1.0328408508254103}, {'position': 3, 'category': 'datascience', 'score': -1.3854581589523949}, {'position': 4, 'category': 'cloud', 'score': -1.7199443096624325}]",,2,313,813,frontend,aceptada,False,False,False
2e24d8fd-cb2b-4cab-b508-57f343fc6069,314,2026-08-06T03:16:41.521+00:00,str,"one cut my blazor wasm lcp by 500ms the invisible file at the end of the critical chain one cut my blazor wasm lcp by 500ms the invisible file at the end of the critical chain pagespeed said element render delay: 5 500ms on my blazor wasm site even though fcp was 0.3s. the culprit was a 5.6 kb json file at the tail of a 43-file critical request chain. three lines fixed it. 0.3s 5,500ms blazor wasm pagespeed kb json 0.3s 5,500ms blazor wasm pagespeed kb json",461,88,True,Inferencia completada.,revision,backend,frontend,0.02445127978541284,-0.2150724179124447,0.23952369769785753,Crítica,41,Revisión humana prioritaria,True,True,['Las dos categorías principales tienen puntuaciones muy cercanas.'],"[{'position': 1, 'category': 'backend', 'score': 0.02445127978541284}, {'position': 2, 'category': 'frontend', 'score': -0.2150724179124447}, {'position': 3, 'category': 'cloud', 'score': -1.0020898675957912}, {'position': 4, 'category': 'datascience', 'score': -1.4384653165338785}]",,2,314,814,backend,revision,False,True,False
2e24d8fd-cb2b-4cab-b508-57f343fc6069,315,2026-08-06T03:16:41.521+00:00,str,the transactional outbox: killing the dual-write bug by writing your event in the same transaction as your state the transactional outbox: killing the dual-write bug by writing your event in the same transaction as your state every event-driven service i ve built in the orderhub series shared one silent flaw and it took me. orderhub orderhub,343,56,True,Inferencia completada.,aceptada,backend,frontend,0.5047271294760313,-0.7223925272145912,1.2271196566906224,Media,41,Predicción automática con monitoreo,False,True,[],"[{'position': 1, 'category': 'backend', 'score': 0.5047271294760313}, {'position': 2, 'category': 'frontend', 'score': -0.7223925272145912}, {'position': 3, 'category': 'datascience', 'score': -1.2215639270552754}, {'position': 4, 'category': 'cloud', 'score': -1.3763005769506418}]",,2,315,815,backend,aceptada,False,False,False
2e24d8fd-cb2b-4cab-b508-57f343fc6069,316,2026-08-06T03:16:41.521+00:00,str,seo en 2026 parte 2: la captura rankea ahora haz que convierta seo en 2026 parte 2: la captura rankea ahora haz que convierta el post anterior terminó donde terminan la mayoría de los posts de ya hicimos seo : la página es. mayoría de los terminan la mayoría de los terminan la,277,53,True,Inferencia completada.,revision,backend,cloud,-0.2449803743484471,-0.49767220290165237,0.25269182855320527,Crítica,14,Revisión humana prioritaria,True,True,"['Cobertura reducida del vocabulario.', 'Las dos categorías principales tienen puntuaciones muy cercanas.']","[{'position': 1, 'category': 'backend', 'score': -0.2449803743484471}, {'position': 2, 'category': 'cloud', 'score': -0.49767220290165237}, {'position': 3, 'category': 'datascience', 'score': -0.9352954589185418}, {'position': 4, 'category': 'frontend', 'score': -0.962357022588927}]",,2,316,816,backend,revision,False,True,True
2e24d8fd-cb2b-4cab-b508-57f343fc6069,317,2026-08-06T03:16:41.521+00:00,str,stop overwriting your data: event sourcing in laravel stop overwriting your data: event sourcing in laravel the problem with traditional state most laravel applications rely on standard crud create read,202,30,True,Inferencia completada.,aceptada,backend,datascience,1.8528641640253793,-0.878113093382901,2.7309772574082802,Alta,27,Predicción automática,False,True,[],"[{'position': 1, 'category': 'backend', 'score': 1.8528641640253793}, {'position': 2, 'category': 'datascience', 'score': -0.878113093382901}, {'position': 3, 'category': 'cloud', 'score': -1.9206789553466432}, {'position': 4, 'category': 'frontend', 'score': -2.0140670452382343}]",,2,317,817,backend,aceptada,False,False,False
2e24d8fd-cb2b-4cab-b508-57f343fc6069,318,2026-08-06T03:16:41.521+00:00,str,vertical layout considerations vertical layout considerations prologue a while ago i decided to develop a fully accessible main navigation component in react and. react react,174,25,True,Inferencia completada.,aceptada,frontend,cloud,1.954406193868155,-1.4680058234455124,3.4224120173136674,Muy alta,36,Predicción automática,False,True,[],"[{'position': 1, 'category': 'frontend', 'score': 1.954406193868155}, {'position': 2, 'category': 'cloud', 'score': -1.4680058234455124}, {'position': 3, 'category': 'datascience', 'score': -1.5682057314675788}, {'position': 4, 'category': 'backend', 'score': -1.739615977263452}]",,2,318,818,frontend,aceptada,False,False,False
2e24d8fd-cb2b-4cab-b508-57f343fc6069,319,2026-08-06T03:16:41.521+00:00,str,debugging ai model integration latency in frontend: frontend architecture and ux trade-offs debugging ai model integration latency in frontend: frontend architecture and ux trade-offs i remember the first time i dropped a client-side ai model into a web app. the feature was cool: ai ai,286,45,True,Inferencia completada.,aceptada,frontend,cloud,1.406306565612006,-1.2539661418219583,2.6602727074339643,Alta,41,Predicción automática,False,True,[],"[{'position': 1, 'category': 'frontend', 'score': 1.406306565612006}, {'position': 2, 'category': 'cloud', 'score': -1.2539661418219583}, {'position': 3, 'category': 'datascience', 'score': -1.337049646959535}, {'position': 4, 'category': 'backend', 'score': -1.986321498347626}]",,2,319,819,frontend,aceptada,False,False,False
2e24d8fd-cb2b-4cab-b508-57f343fc6069,320,2026-08-06T03:16:41.521+00:00,str,subqueries and common table expressions ctes in sql subqueries and common table expressions ctes in sql 1. what is a sub query in sql a subquery is a sql query that is nested inside another. sql sql,198,37,True,Inferencia completada.,aceptada,backend,datascience,0.8904120253287807,-0.15948080059222436,1.0498928259210052,Media,23,Predicción automática con monitoreo,False,True,[],"[{'position': 1, 'category': 'backend', 'score': 0.8904120253287807}, {'position': 2, 'category': 'datascience', 'score': -0.15948080059222436}, {'position': 3, 'category': 'cloud', 'score': -0.9037452616211259}, {'position': 4, 'category': 'frontend', 'score': -1.9122738050504764}]",,2,320,820,backend,aceptada,False,False,False
2e24d8fd-cb2b-4cab-b508-57f343fc6069,321,2026-08-06T03:16:41.521+00:00,str,best practices for ai-friendly seo best practices for ai-friendly seo best practices for ai-friendly seo: optimizing content for the future of search as search evolves.,168,25,True,Inferencia completada.,aceptada,frontend,backend,0.2123009880625627,-0.9516505910857521,1.1639515791483148,Media,16,Predicción automática con monitoreo,False,True,[],"[{'position': 1, 'category': 'frontend', 'score': 0.2123009880625627}, {'position': 2, 'category': 'backend', 'score': -0.9516505910857521}, {'position': 3, 'category': 'cloud', 'score': -0.9593656950838415}, {'position': 4, 'category': 'datascience', 'score': -1.3280586188922419}]",,2,321,821,frontend,aceptada,False,False,False
2e24d8fd-cb2b-4cab-b508-57f343fc6069,322,2026-08-06T03:16:41.521+00:00,str,i let an ai agent run my cloud ops for a week: here s what broke i let an ai agent run my cloud ops for a week: here s what broke a first-hand experiment: i gave an ai agent access to my cloud operations for seven days. here s what it handled well what broke the near-miss that scared me and whether aiops is actually ready for real on-call work. seven days aiops ai seven days aiops ai,386,79,True,Inferencia completada.,aceptada,cloud,frontend,1.0928478053900097,-1.0098118485729701,2.10265965396298,Alta,52,Predicción automática,False,True,[],"[{'position': 1, 'category': 'cloud', 'score': 1.0928478053900097}, {'position': 2, 'category': 'frontend', 'score': -1.0098118485729701}, {'position': 3, 'category': 'backend', 'score': -1.0237027762431468}, {'position': 4, 'category': 'datascience', 'score': -1.6371377940610676}]",,2,322,822,cloud,aceptada,False,False,False
2e24d8fd-cb2b-4cab-b508-57f343fc6069,323,2026-08-06T03:16:41.521+00:00,str,technologies and concepts: cheat sheet for developer associate dva-c02 technologies and concepts: cheat sheet for developer associate dva-c02 exam guide: developer-associate technologies and concepts cheat sheet cheat sheet 1,225,29,True,Inferencia completada.,revision,frontend,cloud,-0.26626012601007965,-0.30373524113883094,0.03747511512875129,Crítica,16,Revisión humana prioritaria,True,True,['Las dos categorías principales tienen puntuaciones muy cercanas.'],"[{'position': 1, 'category': 'frontend', 'score': -0.26626012601007965}, {'position': 2, 'category': 'cloud', 'score': -0.30373524113883094}, {'position': 3, 'category': 'backend', 'score': -1.1004718004392968}, {'position': 4, 'category': 'datascience', 'score': -1.2538543416884393}]",,2,323,823,frontend,revision,False,True,False
2e24d8fd-cb2b-4cab-b508-57f343fc6069,324,2026-08-06T03:16:41.521+00:00,str,your pipeline is 27.6h behind: catching world sentiment leads with pulsebit your pipeline is 27.6h behind: catching world sentiment leads with pulsebit your pipeline is lagging behind by 27.6 hours. we just discovered a 24h momentum spike of +0.307 27.6 hours 27.6 hours,270,43,True,Inferencia completada.,aceptada,datascience,backend,2.0801982867891127,-1.2783029405906157,3.3585012273797283,Muy alta,36,Predicción automática,False,True,[],"[{'position': 1, 'category': 'datascience', 'score': 2.0801982867891127}, {'position': 2, 'category': 'backend', 'score': -1.2783029405906157}, {'position': 3, 'category': 'frontend', 'score': -1.6857255972328198}, {'position': 4, 'category': 'cloud', 'score': -2.240609207074058}]",,2,324,824,datascience,aceptada,False,False,False
2e24d8fd-cb2b-4cab-b508-57f343fc6069,325,2026-08-06T03:16:41.521+00:00,str,what the fastapi docs don t tell you about production what the fastapi docs don t tell you about production the service had been live for weeks. locally staging early production fast clean no issues. weeks weeks,211,37,True,Inferencia completada.,aceptada,backend,datascience,1.0066811332812535,-0.3346432832712105,1.341324416552464,Media,29,Predicción automática con monitoreo,False,True,[],"[{'position': 1, 'category': 'backend', 'score': 1.0066811332812535}, {'position': 2, 'category': 'datascience', 'score': -0.3346432832712105}, {'position': 3, 'category': 'cloud', 'score': -1.3332904314922085}, {'position': 4, 'category': 'frontend', 'score': -2.3167785910521883}]",,2,325,825,backend,aceptada,False,False,False
2e24d8fd-cb2b-4cab-b508-57f343fc6069,326,2026-08-06T03:16:41.521+00:00,str,the cheapest dedicated servers in 2026: a price-checked shortlist the cheapest dedicated servers in 2026: a price-checked shortlist if you have ever tried to price a bare-metal server you know the game: a big from x/mo on the.,226,38,True,Inferencia completada.,aceptada,cloud,datascience,0.3642465703656653,-0.5976264119834945,0.9618729823491599,Media,33,Predicción automática con monitoreo,False,True,[],"[{'position': 1, 'category': 'cloud', 'score': 0.3642465703656653}, {'position': 2, 'category': 'datascience', 'score': -0.5976264119834945}, {'position': 3, 'category': 'backend', 'score': -1.1934740780557012}, {'position': 4, 'category': 'frontend', 'score': -1.5246746888744918}]",,2,326,826,cloud,aceptada,False,False,False
2e24d8fd-cb2b-4cab-b508-57f343fc6069,327,2026-08-06T03:16:41.521+00:00,str,the two-level computed graph: how i stopped toggle events from re-running business logic the two-level computed graph: how i stopped toggle events from re-running business logic when you build a mapping interface in angular signals the naive approach puts everything in one. angular signals angular signals,306,46,True,Inferencia completada.,aceptada,frontend,backend,0.5860673537519917,-0.5774859447178535,1.1635532984698451,Media,32,Predicción automática con monitoreo,False,True,[],"[{'position': 1, 'category': 'frontend', 'score': 0.5860673537519917}, {'position': 2, 'category': 'backend', 'score': -0.5774859447178535}, {'position': 3, 'category': 'datascience', 'score': -1.238910794413349}, {'position': 4, 'category': 'cloud', 'score': -1.5534424413430352}]",,2,327,827,frontend,aceptada,False,False,False
2e24d8fd-cb2b-4cab-b508-57f343fc6069,328,2026-08-06T03:16:41.521+00:00,str,you reach for promise.all for every concurrent request. here s when to use the other three. you reach for promise.all for every concurrent request. here s when to use the other three. imagine you re loading a dashboard. four widgets four apis fire them all at once: const users,277,49,True,Inferencia completada.,revision,backend,frontend,0.6273839030407872,-0.07799654668749262,0.7053804497282798,Baja,40,Revisión humana recomendada,True,True,['El margen de decisión es reducido.'],"[{'position': 1, 'category': 'backend', 'score': 0.6273839030407872}, {'position': 2, 'category': 'frontend', 'score': -0.07799654668749262}, {'position': 3, 'category': 'datascience', 'score': -1.6469585071707495}, {'position': 4, 'category': 'cloud', 'score': -1.729358381769209}]",,2,328,828,backend,revision,False,True,False
2e24d8fd-cb2b-4cab-b508-57f343fc6069,329,2026-08-06T03:16:41.521+00:00,str,debug react context renders: the latest update to userenderreason debug react context renders: the latest update to userenderreason debugging re-renders in react can often feel like searching for a needle in a haystack especially. react react,242,36,True,Inferencia completada.,aceptada,frontend,cloud,1.1518054223053373,-1.0360040176747312,2.1878094399800685,Alta,29,Predicción automática,False,True,[],"[{'position': 1, 'category': 'frontend', 'score': 1.1518054223053373}, {'position': 2, 'category': 'cloud', 'score': -1.0360040176747312}, {'position': 3, 'category': 'datascience', 'score': -1.3149871013022558}, {'position': 4, 'category': 'backend', 'score': -1.5621458634327778}]",,2,329,829,frontend,aceptada,False,False,False
2e24d8fd-cb2b-4cab-b508-57f343fc6069,330,2026-08-06T03:16:41.521+00:00,str,your pipeline is 23.4h behind: catching environment sentiment leads with pulsebit your pipeline is 23.4h behind: catching environment sentiment leads with pulsebit your pipeline is 23.4h behind: catching environment sentiment leads with pulsebit we. 23.4h 23.4h,261,36,True,Inferencia completada.,aceptada,datascience,frontend,1.396695781860266,-1.3553877599553301,2.7520835418155962,Alta,25,Predicción automática,False,True,[],"[{'position': 1, 'category': 'datascience', 'score': 1.396695781860266}, {'position': 2, 'category': 'frontend', 'score': -1.3553877599553301}, {'position': 3, 'category': 'backend', 'score': -1.561321268169833}, {'position': 4, 'category': 'cloud', 'score': -1.634511510377903}]",,2,330,830,datascience,aceptada,False,False,False
2e24d8fd-cb2b-4cab-b508-57f343fc6069,331,2026-08-06T03:16:41.521+00:00,str,day 85 of learning mern stack day 85 of learning mern stack hello dev community it is officially day 85 of my 100-day full-stack engineering streak,147,26,True,Inferencia completada.,aceptada,backend,cloud,1.0779790061849228,-1.0452058112028273,2.12318481738775,Alta,32,Predicción automática,False,True,[],"[{'position': 1, 'category': 'backend', 'score': 1.0779790061849228}, {'position': 2, 'category': 'cloud', 'score': -1.0452058112028273}, {'position': 3, 'category': 'frontend', 'score': -1.2840339486921573}, {'position': 4, 'category': 'datascience', 'score': -1.452523950513862}]",,2,331,831,backend,aceptada,False,False,False
2e24d8fd-cb2b-4cab-b508-57f343fc6069,332,2026-08-06T03:16:41.521+00:00,str,your pipeline is 16.5h behind: catching world sentiment leads with pulsebit your pipeline is 16.5h behind: catching world sentiment leads with pulsebit your pipeline is 16.5h behind: catching world sentiment leads with pulsebit we recently. 16.5h 16.5h,252,37,True,Inferencia completada.,aceptada,datascience,frontend,2.8569753851865007,-1.743699372392208,4.600674757578709,Muy alta,23,Predicción automática,False,True,[],"[{'position': 1, 'category': 'datascience', 'score': 2.8569753851865007}, {'position': 2, 'category': 'frontend', 'score': -1.743699372392208}, {'position': 3, 'category': 'backend', 'score': -1.8058013269338442}, {'position': 4, 'category': 'cloud', 'score': -2.5176649445312815}]",,2,332,832,datascience,aceptada,False,False,False
2e24d8fd-cb2b-4cab-b508-57f343fc6069,333,2026-08-06T03:16:41.521+00:00,str,your pipeline is 22.7h behind: catching sustainability sentiment leads with pulsebit your pipeline is 22.7h behind: catching sustainability sentiment leads with pulsebit your pipeline is 22.7h behind: catching sustainability sentiment leads with pulsebit we. 22.7h 22.7h,270,36,True,Inferencia completada.,aceptada,datascience,frontend,2.232967091166716,-1.6107910406356076,3.8437581318023235,Muy alta,21,Predicción automática,False,True,[],"[{'position': 1, 'category': 'datascience', 'score': 2.232967091166716}, {'position': 2, 'category': 'frontend', 'score': -1.6107910406356076}, {'position': 3, 'category': 'backend', 'score': -1.656615485133242}, {'position': 4, 'category': 'cloud', 'score': -2.2038518593107685}]",,2,333,833,datascience,aceptada,False,False,False
2e24d8fd-cb2b-4cab-b508-57f343fc6069,334,2026-08-06T03:16:41.521+00:00,str,the wisdom of crowds is wrong about sports 23 of the time here s the pattern jun 30 the wisdom of crowds is wrong about sports 23 of the time here s the pattern jun 30 polymarket traders consistently overprice favorites by 8-14 while systematically underpricing. 8-14% 8-14%,274,48,True,Inferencia completada.,revision,datascience,backend,0.29999224600695396,-0.4707652438995716,0.7707574899065255,Baja,26,Revisión humana recomendada,True,True,['El margen de decisión es reducido.'],"[{'position': 1, 'category': 'datascience', 'score': 0.29999224600695396}, {'position': 2, 'category': 'backend', 'score': -0.4707652438995716}, {'position': 3, 'category': 'frontend', 'score': -0.8694441630046255}, {'position': 4, 'category': 'cloud', 'score': -1.2844145584659992}]",,2,334,834,datascience,revision,False,True,False
2e24d8fd-cb2b-4cab-b508-57f343fc6069,335,2026-08-06T03:16:41.521+00:00,str,building a robust ui accessibility testing pipeline building a robust ui accessibility testing pipeline building a robust ui accessibility testing pipeline building a robust ui.,177,25,True,Inferencia completada.,revision,frontend,datascience,3.1870585252180774,-1.5704798564431939,4.757538381661272,Muy alta,10,Revisión humana recomendada,True,True,['Cobertura reducida del vocabulario.'],"[{'position': 1, 'category': 'frontend', 'score': 3.1870585252180774}, {'position': 2, 'category': 'datascience', 'score': -1.5704798564431939}, {'position': 3, 'category': 'backend', 'score': -1.6258652420921917}, {'position': 4, 'category': 'cloud', 'score': -3.1507291626567895}]",,2,335,835,frontend,revision,False,False,True
2e24d8fd-cb2b-4cab-b508-57f343fc6069,336,2026-08-06T03:16:41.521+00:00,str,your pipeline is 10.6h behind: catching healthcare sentiment leads with pulsebit your pipeline is 10.6h behind: catching healthcare sentiment leads with pulsebit your pipeline just missed a major healthcare sentiment shift: a 24-hour momentum spike of +0.293.,259,37,True,Inferencia completada.,aceptada,datascience,frontend,1.9604193941789743,-1.099175580528221,3.0595949747071955,Alta,36,Predicción automática,False,True,[],"[{'position': 1, 'category': 'datascience', 'score': 1.9604193941789743}, {'position': 2, 'category': 'frontend', 'score': -1.099175580528221}, {'position': 3, 'category': 'backend', 'score': -1.887655692445756}, {'position': 4, 'category': 'cloud', 'score': -2.024905562364388}]",,2,336,836,datascience,aceptada,False,False,False
2e24d8fd-cb2b-4cab-b508-57f343fc6069,337,2026-08-06T03:16:41.521+00:00,str,why enterprise teams are ditching traditional dam for ai-driven platforms why enterprise teams are ditching traditional dam for ai-driven platforms enterprise content libraries are growing faster than most teams can manage. marketing creative and.,247,34,True,Inferencia completada.,aceptada,cloud,backend,0.48357966878461756,-0.6633875195470361,1.1469671883316537,Media,24,Predicción automática con monitoreo,False,True,[],"[{'position': 1, 'category': 'cloud', 'score': 0.48357966878461756}, {'position': 2, 'category': 'backend', 'score': -0.6633875195470361}, {'position': 3, 'category': 'frontend', 'score': -1.0010521306939715}, {'position': 4, 'category': 'datascience', 'score': -1.144750557999446}]",,2,337,837,cloud,aceptada,False,False,False
2e24d8fd-cb2b-4cab-b508-57f343fc6069,338,2026-08-06T03:16:41.521+00:00,str,your pipeline is 29.2h behind: catching business sentiment leads with pulsebit your pipeline is 29.2h behind: catching business sentiment leads with pulsebit your pipeline is 29.2h behind: catching business sentiment leads with pulsebit we recently. 29.2h 29.2h,261,37,True,Inferencia completada.,aceptada,datascience,backend,1.5513261002407086,-1.3875245028522878,2.9388506030929964,Alta,26,Predicción automática,False,True,[],"[{'position': 1, 'category': 'datascience', 'score': 1.5513261002407086}, {'position': 2, 'category': 'backend', 'score': -1.3875245028522878}, {'position': 3, 'category': 'frontend', 'score': -1.4511024494018692}, {'position': 4, 'category': 'cloud', 'score': -1.9345370025993267}]",,2,338,838,datascience,aceptada,False,False,False
2e24d8fd-cb2b-4cab-b508-57f343fc6069,339,2026-08-06T03:16:41.521+00:00,str,building lia part 1 implementation : clean architecture and argon2id in a real fastify + prisma registration flow building lia part 1 implementation : clean architecture and argon2id in a real fastify + prisma registration flow lia is a hyperlocal employability platform i m building for an isolated coastal district in brazil lia brazil lia brazil,348,56,True,Inferencia completada.,revision,backend,datascience,-0.10361217679418322,-0.308895988826551,0.20528381203236779,Crítica,31,Revisión humana prioritaria,True,True,['Las dos categorías principales tienen puntuaciones muy cercanas.'],"[{'position': 1, 'category': 'backend', 'score': -0.10361217679418322}, {'position': 2, 'category': 'datascience', 'score': -0.308895988826551}, {'position': 3, 'category': 'frontend', 'score': -0.316475639855721}, {'position': 4, 'category': 'cloud', 'score': -1.8208137150792147}]",,2,339,839,backend,revision,False,True,False
2e24d8fd-cb2b-4cab-b508-57f343fc6069,340,2026-08-06T03:16:41.521+00:00,str,choosing the right frontend framework: react vue or svelte choosing the right frontend framework: react vue or svelte when was the last time you chose a framework only to regret the decision weeks later choosing the. weeks later weeks later,240,40,True,Inferencia completada.,aceptada,frontend,cloud,1.1741451089439052,-1.2231519670081443,2.3972970759520495,Alta,31,Predicción automática,False,True,[],"[{'position': 1, 'category': 'frontend', 'score': 1.1741451089439052}, {'position': 2, 'category': 'cloud', 'score': -1.2231519670081443}, {'position': 3, 'category': 'datascience', 'score': -1.679087940367448}, {'position': 4, 'category': 'backend', 'score': -1.6979756171270264}]",,2,340,840,frontend,aceptada,False,False,False
2e24d8fd-cb2b-4cab-b508-57f343fc6069,341,2026-08-06T03:16:41.521+00:00,str,why every developer should understand http even if you don t build apis why every developer should understand http even if you don t build apis most developers use http every day but surprisingly few take the time to understand what s actually. every day every day,264,47,True,Inferencia completada.,aceptada,backend,datascience,1.9759526878603455,-1.240481292911006,3.2164339807713516,Alta,43,Predicción automática,False,True,[],"[{'position': 1, 'category': 'backend', 'score': 1.9759526878603455}, {'position': 2, 'category': 'datascience', 'score': -1.240481292911006}, {'position': 3, 'category': 'frontend', 'score': -1.629208133769302}, {'position': 4, 'category': 'cloud', 'score': -1.9495352054487953}]",,2,341,841,backend,aceptada,False,False,False
2e24d8fd-cb2b-4cab-b508-57f343fc6069,342,2026-08-06T03:16:41.521+00:00,str,building a high-performance real-time data pipeline with edge inference and observability building a high-performance real-time data pipeline with edge inference and observability building a high-performance real-time data pipeline with edge inference and. edge inference edge inference,286,36,True,Inferencia completada.,revision,frontend,datascience,0.1495712036583392,-0.3851307813243571,0.5347019849826963,Baja,18,Revisión humana recomendada,True,True,['El margen de decisión es reducido.'],"[{'position': 1, 'category': 'frontend', 'score': 0.1495712036583392}, {'position': 2, 'category': 'datascience', 'score': -0.3851307813243571}, {'position': 3, 'category': 'cloud', 'score': -1.3092682099049178}, {'position': 4, 'category': 'backend', 'score': -1.3907192892831879}]",,2,342,842,frontend,revision,False,True,False
2e24d8fd-cb2b-4cab-b508-57f343fc6069,343,2026-08-06T03:16:41.521+00:00,str,단계별 성능 측정 단계별 성능 측정 하나의 api 요청 안에서 각 기능별 시간을 누적하다가 요청이 끝날 때 한 번에 로그로 출력하는 구조네요. threadlocal로 컨텍스트를 유지하는 방식이 가장. threadlocal로 api threadlocal로 api,145,31,True,Inferencia completada.,revision,backend,datascience,1.799161283166697,-1.461285975623392,3.260447258790089,Alta,1,Revisión humana recomendada,True,True,['Cobertura reducida del vocabulario.'],"[{'position': 1, 'category': 'backend', 'score': 1.799161283166697}, {'position': 2, 'category': 'datascience', 'score': -1.461285975623392}, {'position': 3, 'category': 'cloud', 'score': -1.5005123218780927}, {'position': 4, 'category': 'frontend', 'score': -1.9475209454860902}]",,2,343,843,backend,revision,False,False,True
2e24d8fd-cb2b-4cab-b508-57f343fc6069,344,2026-08-06T03:16:41.521+00:00,str,"aws daily digest june 30 2026 aws daily digest june 30 2026 aws daily digest june 30 2026 auto-generated groq llama 3.3 70b free groq llama 3.3 june 30, 2026 groq llama 3.3 june 30, 2026",186,36,True,Inferencia completada.,aceptada,cloud,datascience,1.7579519325856512,-1.374654126185447,3.132606058771098,Alta,27,Predicción automática,False,True,[],"[{'position': 1, 'category': 'cloud', 'score': 1.7579519325856512}, {'position': 2, 'category': 'datascience', 'score': -1.374654126185447}, {'position': 3, 'category': 'frontend', 'score': -1.3995709024213046}, {'position': 4, 'category': 'backend', 'score': -1.9378572434574086}]",,2,344,844,cloud,aceptada,False,False,False
2e24d8fd-cb2b-4cab-b508-57f343fc6069,345,2026-08-06T03:16:41.521+00:00,str,from data to decisions: why learning data science is a smart career move in 2026 from data to decisions: why learning data science is a smart career move in 2026 data has become one of the most valuable assets in the digital era. organizations across industries.,262,46,True,Inferencia completada.,aceptada,datascience,cloud,2.0650852781138007,-0.9247196008431645,2.9898048789569653,Alta,48,Predicción automática,False,True,[],"[{'position': 1, 'category': 'datascience', 'score': 2.0650852781138007}, {'position': 2, 'category': 'cloud', 'score': -0.9247196008431645}, {'position': 3, 'category': 'frontend', 'score': -1.9754144440361316}, {'position': 4, 'category': 'backend', 'score': -2.0538561590334177}]",,2,345,845,datascience,aceptada,False,False,False
2e24d8fd-cb2b-4cab-b508-57f343fc6069,346,2026-08-06T03:16:41.521+00:00,str,rate limiting like a jedi: mastering the token bucket with redis rate limiting like a jedi: mastering the token bucket with redis the quest begins the why picture this: i m huddled over my laptop at 2 a.m. eyes. 2 a.m. 2 a.m.,225,43,True,Inferencia completada.,aceptada,backend,cloud,1.3458832299519163,-1.1326089331441196,2.478492163096036,Alta,45,Predicción automática,False,True,[],"[{'position': 1, 'category': 'backend', 'score': 1.3458832299519163}, {'position': 2, 'category': 'cloud', 'score': -1.1326089331441196}, {'position': 3, 'category': 'frontend', 'score': -1.5317939994888472}, {'position': 4, 'category': 'datascience', 'score': -1.6020741815230477}]",,2,346,846,backend,aceptada,False,False,False
2e24d8fd-cb2b-4cab-b508-57f343fc6069,347,2026-08-06T03:16:41.521+00:00,str,a realistic frontend roadmap: zero to pro a realistic frontend roadmap: zero to pro why this roadmap becoming a frontend developer is more than watching courses or learning.,173,28,True,Inferencia completada.,aceptada,frontend,datascience,1.3342777393651795,-1.2649032623347929,2.5991810016999723,Alta,24,Predicción automática,False,True,[],"[{'position': 1, 'category': 'frontend', 'score': 1.3342777393651795}, {'position': 2, 'category': 'datascience', 'score': -1.2649032623347929}, {'position': 3, 'category': 'cloud', 'score': -1.380594410947511}, {'position': 4, 'category': 'backend', 'score': -1.556209628663633}]",,2,347,847,frontend,aceptada,False,False,False
2e24d8fd-cb2b-4cab-b508-57f343fc6069,348,2026-08-06T03:16:41.521+00:00,str,how vector databases search a million vectors without checking a million how vector databases search a million vectors without checking a million take the word king. your database does not store the word. it stores a vector: a list of 768.,239,41,True,Inferencia completada.,aceptada,backend,cloud,0.2931066070728413,-0.8991670381419654,1.1922736452148066,Media,26,Predicción automática con monitoreo,False,True,[],"[{'position': 1, 'category': 'backend', 'score': 0.2931066070728413}, {'position': 2, 'category': 'cloud', 'score': -0.8991670381419654}, {'position': 3, 'category': 'datascience', 'score': -1.1244811055166855}, {'position': 4, 'category': 'frontend', 'score': -1.1644969487294288}]",,2,348,848,backend,aceptada,False,False,False
2e24d8fd-cb2b-4cab-b508-57f343fc6069,349,2026-08-06T03:16:41.521+00:00,str,managing focus in angular: dialogs drawers and route changes without stranding your users managing focus in angular: dialogs drawers and route changes without stranding your users every accessibility checklist mentions focus management and then moves on as if it were one item.,277,42,True,Inferencia completada.,aceptada,frontend,datascience,0.6521504068594458,-0.7452299285358621,1.397380335395308,Media,27,Predicción automática con monitoreo,False,True,[],"[{'position': 1, 'category': 'frontend', 'score': 0.6521504068594458}, {'position': 2, 'category': 'datascience', 'score': -0.7452299285358621}, {'position': 3, 'category': 'backend', 'score': -1.0643884032167634}, {'position': 4, 'category': 'cloud', 'score': -1.3983816279709917}]",,2,349,849,frontend,aceptada,False,False,False
2e24d8fd-cb2b-4cab-b508-57f343fc6069,350,2026-08-06T03:16:41.521+00:00,str,introduction to machine learning introduction to machine learning introduction in the course of the last month i got introduced to machine learning. i. machine learning the last month machine learning the last month,215,33,True,Inferencia completada.,aceptada,datascience,cloud,0.6798197868782399,-0.843757928723933,1.5235777156021728,Media,23,Predicción automática con monitoreo,False,True,[],"[{'position': 1, 'category': 'datascience', 'score': 0.6798197868782399}, {'position': 2, 'category': 'cloud', 'score': -0.843757928723933}, {'position': 3, 'category': 'frontend', 'score': -0.9117955116407047}, {'position': 4, 'category': 'backend', 'score': -1.871803185748007}]",,2,350,850,datascience,aceptada,False,False,False
2e24d8fd-cb2b-4cab-b508-57f343fc6069,351,2026-08-06T03:16:41.521+00:00,str,css box shadow: the complete guide with copy-paste examples css box shadow: the complete guide with copy-paste examples the box-shadow property sounds simple but once you start layering shadows building card elevation.,218,32,True,Inferencia completada.,aceptada,frontend,backend,0.8525196038481558,-0.9415218293489245,1.7940414331970804,Alta,28,Predicción automática,False,True,[],"[{'position': 1, 'category': 'frontend', 'score': 0.8525196038481558}, {'position': 2, 'category': 'backend', 'score': -0.9415218293489245}, {'position': 3, 'category': 'datascience', 'score': -1.142513306355889}, {'position': 4, 'category': 'cloud', 'score': -1.4450432901848527}]",,2,351,851,frontend,aceptada,False,False,False
2e24d8fd-cb2b-4cab-b508-57f343fc6069,352,2026-08-06T03:16:41.521+00:00,str,i built a full open source ecommerce platfotm i built a full open source ecommerce platfotm hey everyone i ve been working on opencommerce an open source ecommerce backend that i m finally. opencommerce opencommerce,215,35,True,Inferencia completada.,aceptada,backend,datascience,1.5382904110952422,-1.1361947885979906,2.674485199693233,Alta,30,Predicción automática,False,True,[],"[{'position': 1, 'category': 'backend', 'score': 1.5382904110952422}, {'position': 2, 'category': 'datascience', 'score': -1.1361947885979906}, {'position': 3, 'category': 'cloud', 'score': -1.267306820985754}, {'position': 4, 'category': 'frontend', 'score': -1.433801534981355}]",,2,352,852,backend,aceptada,False,False,False
2e24d8fd-cb2b-4cab-b508-57f343fc6069,353,2026-08-06T03:16:41.521+00:00,str,how to share files without email attachments-quick guide how to share files without email attachments-quick guide are you looking into how to share files without email attachments-qui here s a quick overview of.,211,33,True,Inferencia completada.,aceptada,cloud,backend,0.7748619284212247,-0.897008835583024,1.6718707640042487,Media,31,Predicción automática con monitoreo,False,True,[],"[{'position': 1, 'category': 'cloud', 'score': 0.7748619284212247}, {'position': 2, 'category': 'backend', 'score': -0.897008835583024}, {'position': 3, 'category': 'frontend', 'score': -1.0392847810700792}, {'position': 4, 'category': 'datascience', 'score': -1.7513340841546507}]",,2,353,853,cloud,aceptada,False,False,False
2e24d8fd-cb2b-4cab-b508-57f343fc6069,354,2026-08-06T03:16:41.521+00:00,str,graphql query optimization: caching batching and persisted queries graphql query optimization: caching batching and persisted queries graphql query optimization: caching batching and persisted queries graphql gives clients. graphql query optimization graphql query optimization,277,33,True,Inferencia completada.,revision,backend,frontend,0.49334551079092137,-0.7002814187737019,1.1936269295646231,Media,10,Revisión humana recomendada,True,True,['Cobertura reducida del vocabulario.'],"[{'position': 1, 'category': 'backend', 'score': 0.49334551079092137}, {'position': 2, 'category': 'frontend', 'score': -0.7002814187737019}, {'position': 3, 'category': 'datascience', 'score': -1.1060768135378263}, {'position': 4, 'category': 'cloud', 'score': -1.50151184709051}]",,2,354,854,backend,revision,False,False,True
2e24d8fd-cb2b-4cab-b508-57f343fc6069,355,2026-08-06T03:16:41.521+00:00,str,10 best websites for web design inspiration in 2026 10 best websites for web design inspiration in 2026 finding inspiration is easy. finding good inspiration is hard. with thousands of design galleries. thousands thousands,222,34,True,Inferencia completada.,revision,frontend,backend,0.1262217582261922,-0.4633653664063161,0.5895871246325083,Baja,24,Revisión humana recomendada,True,True,['El margen de decisión es reducido.'],"[{'position': 1, 'category': 'frontend', 'score': 0.1262217582261922}, {'position': 2, 'category': 'backend', 'score': -0.4633653664063161}, {'position': 3, 'category': 'cloud', 'score': -1.0144961745872911}, {'position': 4, 'category': 'datascience', 'score': -1.2634340851622452}]",,2,355,855,frontend,revision,False,True,False
2e24d8fd-cb2b-4cab-b508-57f343fc6069,356,2026-08-06T03:16:41.521+00:00,str,ng-news 26/15: angular 22 ng-news 26/15: angular 22 angular 22 stable resources and signal forms are the headline topics together with new dependency. signal forms signal forms,176,27,True,Inferencia completada.,aceptada,frontend,datascience,1.7244036861656888,-1.110642288522599,2.835045974688288,Alta,19,Predicción automática,False,True,[],"[{'position': 1, 'category': 'frontend', 'score': 1.7244036861656888}, {'position': 2, 'category': 'datascience', 'score': -1.110642288522599}, {'position': 3, 'category': 'cloud', 'score': -1.409465731458432}, {'position': 4, 'category': 'backend', 'score': -1.867763995634773}]",,2,356,856,frontend,aceptada,False,False,False
2e24d8fd-cb2b-4cab-b508-57f343fc6069,357,2026-08-06T03:16:41.521+00:00,str,signup support promise matrix signup support promise matrix originally published on techsaas cloud originally published on techsaas cloud signup.,145,19,True,Inferencia completada.,revision,cloud,frontend,0.9982032799565684,-0.8835113985702976,1.881714678526866,Alta,13,Revisión humana recomendada,True,True,['Cobertura reducida del vocabulario.'],"[{'position': 1, 'category': 'cloud', 'score': 0.9982032799565684}, {'position': 2, 'category': 'frontend', 'score': -0.8835113985702976}, {'position': 3, 'category': 'datascience', 'score': -1.5341846830091472}, {'position': 4, 'category': 'backend', 'score': -2.088686966401746}]",,2,357,857,cloud,revision,False,False,True
2e24d8fd-cb2b-4cab-b508-57f343fc6069,358,2026-08-06T03:16:41.521+00:00,str,the infrastructure sovereignty framework: 5 rules for owning your stack the infrastructure sovereignty framework: 5 rules for owning your stack i run 6 ai-powered businesses on a single 40/month vultr vps. my monthly saas bill is 127. compare. vultr vps monthly vultr vps monthly,279,44,True,Inferencia completada.,aceptada,cloud,frontend,1.2111671944218223,-1.2988023859018125,2.509969580323635,Alta,33,Predicción automática,False,True,[],"[{'position': 1, 'category': 'cloud', 'score': 1.2111671944218223}, {'position': 2, 'category': 'frontend', 'score': -1.2988023859018125}, {'position': 3, 'category': 'datascience', 'score': -1.3268318030037942}, {'position': 4, 'category': 'backend', 'score': -1.381206919968951}]",,2,358,858,cloud,aceptada,False,False,False
2e24d8fd-cb2b-4cab-b508-57f343fc6069,359,2026-08-06T03:16:41.521+00:00,str,your pipeline is 13.0h behind: catching travel sentiment leads with pulsebit your pipeline is 13.0h behind: catching travel sentiment leads with pulsebit your pipeline is 13.0h behind: catching travel sentiment leads with pulsebit just. 13.0h 13.0h,248,36,True,Inferencia completada.,aceptada,datascience,frontend,1.3742105983217745,-1.421893544816834,2.7961041431386082,Alta,24,Predicción automática,False,True,[],"[{'position': 1, 'category': 'datascience', 'score': 1.3742105983217745}, {'position': 2, 'category': 'frontend', 'score': -1.421893544816834}, {'position': 3, 'category': 'backend', 'score': -1.7317555974201682}, {'position': 4, 'category': 'cloud', 'score': -1.7577939849986715}]",,2,359,859,datascience,aceptada,False,False,False
2e24d8fd-cb2b-4cab-b508-57f343fc6069,360,2026-08-06T03:16:41.521+00:00,str,"we rented the mainframe back we rented the mainframe back on wednesday june 10 google s gemini stopped answering world-wide. it threw error 1076 and error. google wednesday, june 10 gemini google wednesday, june 10 gemini",221,36,True,Inferencia completada.,aceptada,cloud,backend,0.2908100241451762,-0.8694168274980235,1.1602268516431997,Media,16,Predicción automática con monitoreo,False,True,[],"[{'position': 1, 'category': 'cloud', 'score': 0.2908100241451762}, {'position': 2, 'category': 'backend', 'score': -0.8694168274980235}, {'position': 3, 'category': 'datascience', 'score': -0.8832276635046601}, {'position': 4, 'category': 'frontend', 'score': -0.9476934747939466}]",,2,360,860,cloud,aceptada,False,False,False
2e24d8fd-cb2b-4cab-b508-57f343fc6069,361,2026-08-06T03:16:41.521+00:00,str,fixing a double-send bug taught me idempotency keys aren t enough fixing a double-send bug taught me idempotency keys aren t enough a reader comment on my last article did more code review than i expected from a dev.to comment. dev.to dev.to,241,42,True,Inferencia completada.,revision,backend,datascience,0.14241057465333373,-0.22690763401060854,0.36931820866394227,Baja,36,Revisión humana recomendada,True,True,['El margen de decisión es reducido.'],"[{'position': 1, 'category': 'backend', 'score': 0.14241057465333373}, {'position': 2, 'category': 'datascience', 'score': -0.22690763401060854}, {'position': 3, 'category': 'cloud', 'score': -1.3461597345080591}, {'position': 4, 'category': 'frontend', 'score': -1.54168057064971}]",,2,361,861,backend,revision,False,True,False
2e24d8fd-cb2b-4cab-b508-57f343fc6069,362,2026-08-06T03:16:41.521+00:00,str,kubernetes: correos utiles para alertas nocturnas kubernetes: correos utiles para alertas nocturnas guia practica para mejorar y validar correos de alerta nocturna en kubernetes sin ruido ambiguedad ni pasos manuales frágiles. para mejorar kubernetes guia practica correos de alerta nocturna para mejorar kubernetes guia practica correos de alerta nocturna,356,49,True,Inferencia completada.,aceptada,cloud,backend,1.2403853072707336,-1.0646041924903167,2.3049894997610503,Alta,20,Predicción automática,False,True,[],"[{'position': 1, 'category': 'cloud', 'score': 1.2403853072707336}, {'position': 2, 'category': 'backend', 'score': -1.0646041924903167}, {'position': 3, 'category': 'datascience', 'score': -1.2033430031173769}, {'position': 4, 'category': 'frontend', 'score': -1.2809879523011478}]",,2,362,862,cloud,aceptada,False,False,False
2e24d8fd-cb2b-4cab-b508-57f343fc6069,363,2026-08-06T03:16:41.521+00:00,str,framework-agnostic frontend patterns: building portable components with web standards framework-agnostic frontend patterns: building portable components with web standards framework-agnostic frontend patterns: building portable components with web standards,257,27,True,Inferencia completada.,revision,frontend,datascience,2.8014501372711873,-1.7207895387315615,4.522239676002749,Muy alta,12,Revisión humana recomendada,True,True,['Cobertura reducida del vocabulario.'],"[{'position': 1, 'category': 'frontend', 'score': 2.8014501372711873}, {'position': 2, 'category': 'datascience', 'score': -1.7207895387315615}, {'position': 3, 'category': 'cloud', 'score': -2.122610512452332}, {'position': 4, 'category': 'backend', 'score': -2.271678784075658}]",,2,363,863,frontend,revision,False,False,True
2e24d8fd-cb2b-4cab-b508-57f343fc6069,364,2026-08-06T03:16:41.521+00:00,str,building knn from scratch because import sklearn feels like cheating building knn from scratch because import sklearn feels like cheating building k-nearest neighbors knn from scratch let s be real: in a production machine. k-nearest neighbors knn k-nearest neighbors knn,271,40,True,Inferencia completada.,revision,frontend,datascience,-0.08830684787920151,-0.09829283075147799,0.009985982872276478,Crítica,21,Revisión humana prioritaria,True,True,['Las dos categorías principales tienen puntuaciones muy cercanas.'],"[{'position': 1, 'category': 'frontend', 'score': -0.08830684787920151}, {'position': 2, 'category': 'datascience', 'score': -0.09829283075147799}, {'position': 3, 'category': 'backend', 'score': -1.119131454209573}, {'position': 4, 'category': 'cloud', 'score': -1.5281593968551723}]",,2,364,864,frontend,revision,False,True,False
2e24d8fd-cb2b-4cab-b508-57f343fc6069,365,2026-08-06T03:16:41.521+00:00,str,cloud migration strategies: the 6 rs cloud migration strategies: the 6 rs moving to the cloud isn t one decision it s a per-application decision and the 6 rs are the framework for making it. rehost replatform repurchase,219,38,True,Inferencia completada.,aceptada,cloud,frontend,1.9163771086072474,-1.5396232399517675,3.456000348559015,Muy alta,31,Predicción automática,False,True,[],"[{'position': 1, 'category': 'cloud', 'score': 1.9163771086072474}, {'position': 2, 'category': 'frontend', 'score': -1.5396232399517675}, {'position': 3, 'category': 'backend', 'score': -1.7898665042542312}, {'position': 4, 'category': 'datascience', 'score': -2.004890519967886}]",,2,365,865,cloud,aceptada,False,False,False
2e24d8fd-cb2b-4cab-b508-57f343fc6069,366,2026-08-06T03:16:41.521+00:00,str,sql isn t the problem. scientific data is. sql isn t the problem. scientific data is. we don t have a database problem. we have a scientific data problem. every day researchers every day every day,196,36,True,Inferencia completada.,aceptada,datascience,backend,1.553022278807056,0.33825542225128025,1.2147668565557757,Media,28,Predicción automática con monitoreo,False,True,[],"[{'position': 1, 'category': 'datascience', 'score': 1.553022278807056}, {'position': 2, 'category': 'backend', 'score': 0.33825542225128025}, {'position': 3, 'category': 'cloud', 'score': -2.0657219633249193}, {'position': 4, 'category': 'frontend', 'score': -2.3970052274347484}]",,2,366,866,datascience,aceptada,False,False,False
2e24d8fd-cb2b-4cab-b508-57f343fc6069,367,2026-08-06T03:16:41.521+00:00,str,enterprise backup architecture considerations 2026 enterprise backup architecture considerations 2026 enterprise backup architecture considerations 2026 planning your backup.,174,18,True,Inferencia completada.,revision,cloud,backend,0.7687867268724783,-0.6846486334040127,1.4534353602764911,Media,8,Revisión humana recomendada,True,True,['Cobertura reducida del vocabulario.'],"[{'position': 1, 'category': 'cloud', 'score': 0.7687867268724783}, {'position': 2, 'category': 'backend', 'score': -0.6846486334040127}, {'position': 3, 'category': 'datascience', 'score': -1.3258390333817367}, {'position': 4, 'category': 'frontend', 'score': -1.6644870614045542}]",,2,367,867,cloud,revision,False,False,True
2e24d8fd-cb2b-4cab-b508-57f343fc6069,368,2026-08-06T03:16:41.521+00:00,str,prepare application artifacts to be deployed to aws build a multi-environment serverless app prepare application artifacts to be deployed to aws build a multi-environment serverless app exam guide: developer-associate domain 3: deployment task 1: prepare application artifacts to. prepare application prepare application,320,42,True,Inferencia completada.,aceptada,cloud,frontend,1.7190971561265127,-1.3150227766903222,3.034119932816835,Alta,30,Predicción automática,False,True,[],"[{'position': 1, 'category': 'cloud', 'score': 1.7190971561265127}, {'position': 2, 'category': 'frontend', 'score': -1.3150227766903222}, {'position': 3, 'category': 'backend', 'score': -1.433710571758755}, {'position': 4, 'category': 'datascience', 'score': -2.543692113354225}]",,2,368,868,cloud,aceptada,False,False,False
2e24d8fd-cb2b-4cab-b508-57f343fc6069,369,2026-08-06T03:16:41.521+00:00,str,how i built a real-time sports stats tracker: over to you messi mbappe leads golden boot race for the ages how i built a real-time sports stats tracker: over to you messi mbappe leads golden boot race for the ages how i built a real-time sports stats tracker: over to you messi mbappe leads golden boot. golden boot... messi mbappe golden boot... messi mbappe,359,64,True,Inferencia completada.,aceptada,datascience,backend,1.110034810817893,-0.6663097229000357,1.7763445337179287,Media,27,Predicción automática con monitoreo,False,True,[],"[{'position': 1, 'category': 'datascience', 'score': 1.110034810817893}, {'position': 2, 'category': 'backend', 'score': -0.6663097229000357}, {'position': 3, 'category': 'cloud', 'score': -1.7616337804422564}, {'position': 4, 'category': 'frontend', 'score': -1.8490028204477698}]",,2,369,869,datascience,aceptada,False,False,False
2e24d8fd-cb2b-4cab-b508-57f343fc6069,370,2026-08-06T03:16:41.521+00:00,str,your pipeline is 11.0h behind: catching agriculture sentiment leads with pulsebit your pipeline is 11.0h behind: catching agriculture sentiment leads with pulsebit your pipeline is 11.0h behind: catching agriculture sentiment leads with pulsebit we just uncovered. 11.0h 11.0h,276,38,True,Inferencia completada.,aceptada,datascience,frontend,1.26733551624364,-1.2283443331747794,2.495679849418419,Alta,28,Predicción automática,False,True,[],"[{'position': 1, 'category': 'datascience', 'score': 1.26733551624364}, {'position': 2, 'category': 'frontend', 'score': -1.2283443331747794}, {'position': 3, 'category': 'backend', 'score': -1.366092710030423}, {'position': 4, 'category': 'cloud', 'score': -1.7662156344197784}]",,2,370,870,datascience,aceptada,False,False,False
2e24d8fd-cb2b-4cab-b508-57f343fc6069,371,2026-08-06T03:16:41.521+00:00,str,why claude and gpt and every other llm can t build pixel-perfect ui and how to fix it why claude and gpt and every other llm can t build pixel-perfect ui and how to fix it if you ve ever handed an ai coding assistant a beautiful figma design and gotten back a ui that s. figma ui ai figma ui ai,294,62,True,Inferencia completada.,revision,frontend,backend,-0.1293335690596873,-0.6053677295954547,0.4760341605357674,Baja,49,Revisión humana recomendada,True,True,['El margen de decisión es reducido.'],"[{'position': 1, 'category': 'frontend', 'score': -0.1293335690596873}, {'position': 2, 'category': 'backend', 'score': -0.6053677295954547}, {'position': 3, 'category': 'datascience', 'score': -1.1444007448588556}, {'position': 4, 'category': 'cloud', 'score': -1.2431221361093703}]",,2,371,871,frontend,revision,False,True,False
2e24d8fd-cb2b-4cab-b508-57f343fc6069,372,2026-08-06T03:16:41.521+00:00,str,performance is an architectural decision not a last-minute fix performance is an architectural decision not a last-minute fix every engineering team wants a fast application. yet i ve seen the same pattern repeat across.,220,34,True,Inferencia completada.,aceptada,frontend,cloud,0.17756953949034548,-0.7795419728720377,0.9571115123623832,Media,33,Predicción automática con monitoreo,False,True,[],"[{'position': 1, 'category': 'frontend', 'score': 0.17756953949034548}, {'position': 2, 'category': 'cloud', 'score': -0.7795419728720377}, {'position': 3, 'category': 'datascience', 'score': -0.894090034144587}, {'position': 4, 'category': 'backend', 'score': -1.303534974567131}]",,2,372,872,frontend,aceptada,False,False,False
2e24d8fd-cb2b-4cab-b508-57f343fc6069,373,2026-08-06T03:16:41.521+00:00,str,ever wondered how data travels across the internet meet the osi model ever wondered how data travels across the internet meet the osi model the cloud isn t magic. it s networking happening at an incredible scale. in the first article of.,237,42,True,Inferencia completada.,revision,cloud,datascience,0.5204994505094424,-0.02222865773890237,0.5427281082483447,Baja,40,Revisión humana recomendada,True,True,['El margen de decisión es reducido.'],"[{'position': 1, 'category': 'cloud', 'score': 0.5204994505094424}, {'position': 2, 'category': 'datascience', 'score': -0.02222865773890237}, {'position': 3, 'category': 'backend', 'score': -1.3684481491730103}, {'position': 4, 'category': 'frontend', 'score': -1.8917257314430764}]",,2,373,873,cloud,revision,False,True,False
2e24d8fd-cb2b-4cab-b508-57f343fc6069,374,2026-08-06T03:16:41.521+00:00,str,i turned a public-domain government csv into a searchable index of every port and airport on earth i turned a public-domain government csv into a searchable index of every port and airport on earth for a side project i needed something that turned out to be weirdly hard to find: a free clean list.,298,54,True,Inferencia completada.,revision,datascience,cloud,-0.26328839671386195,-0.721770715349709,0.4584823186358471,Baja,42,Revisión humana recomendada,True,True,['El margen de decisión es reducido.'],"[{'position': 1, 'category': 'datascience', 'score': -0.26328839671386195}, {'position': 2, 'category': 'cloud', 'score': -0.721770715349709}, {'position': 3, 'category': 'backend', 'score': -0.7613866793556349}, {'position': 4, 'category': 'frontend', 'score': -0.7739983942493786}]",,2,374,874,datascience,revision,False,True,False
2e24d8fd-cb2b-4cab-b508-57f343fc6069,375,2026-08-06T03:16:41.521+00:00,str,support vector machines: maximum-margin classification support vector machines: maximum-margin classification adapted from an appendix of my ms thesis. support vector machine the support vector.,194,24,True,Inferencia completada.,aceptada,datascience,backend,1.355674520976792,-0.988593677251509,2.344268198228301,Alta,23,Predicción automática,False,True,[],"[{'position': 1, 'category': 'datascience', 'score': 1.355674520976792}, {'position': 2, 'category': 'backend', 'score': -0.988593677251509}, {'position': 3, 'category': 'cloud', 'score': -1.4362701622063172}, {'position': 4, 'category': 'frontend', 'score': -1.6455839641107537}]",,2,375,875,datascience,aceptada,False,False,False
2e24d8fd-cb2b-4cab-b508-57f343fc6069,376,2026-08-06T03:16:41.521+00:00,str,your pipeline is 10.9h behind: catching fashion sentiment leads with pulsebit your pipeline is 10.9h behind: catching fashion sentiment leads with pulsebit your pipeline is 10.9h behind: catching fashion sentiment leads with pulsebit on june 18 10.9h june 18 10.9h june 18,272,42,True,Inferencia completada.,aceptada,datascience,cloud,1.4577905352407945,-1.1509431420575846,2.608733677298379,Alta,25,Predicción automática,False,True,[],"[{'position': 1, 'category': 'datascience', 'score': 1.4577905352407945}, {'position': 2, 'category': 'cloud', 'score': -1.1509431420575846}, {'position': 3, 'category': 'frontend', 'score': -1.4197693729891219}, {'position': 4, 'category': 'backend', 'score': -1.845223970565446}]",,2,376,876,datascience,aceptada,False,False,False
2e24d8fd-cb2b-4cab-b508-57f343fc6069,377,2026-08-06T03:16:41.521+00:00,str,adding a warm up ceiling to publish.run: the fix that took two phases adding a warm up ceiling to publish.run: the fix that took two phases why did my warm up phase let posts slip past the ceiling that was already working for comments and.,239,45,True,Inferencia completada.,aceptada,backend,frontend,0.6652646652918007,-0.5355411898261742,1.200805855117975,Media,30,Predicción automática con monitoreo,False,True,[],"[{'position': 1, 'category': 'backend', 'score': 0.6652646652918007}, {'position': 2, 'category': 'frontend', 'score': -0.5355411898261742}, {'position': 3, 'category': 'datascience', 'score': -0.9871703158055132}, {'position': 4, 'category': 'cloud', 'score': -1.2880989776025435}]",,2,377,877,backend,aceptada,False,False,False
2e24d8fd-cb2b-4cab-b508-57f343fc6069,378,2026-08-06T03:16:41.521+00:00,str,your pipeline is 22.8h behind: catching software sentiment leads with pulsebit your pipeline is 22.8h behind: catching software sentiment leads with pulsebit your pipeline just missed a significant anomaly: a 24-hour momentum spike of +0.592 in software.,254,37,True,Inferencia completada.,aceptada,datascience,cloud,1.2819063262982358,-1.3505359158664176,2.6324422421646534,Alta,43,Predicción automática,False,True,[],"[{'position': 1, 'category': 'datascience', 'score': 1.2819063262982358}, {'position': 2, 'category': 'cloud', 'score': -1.3505359158664176}, {'position': 3, 'category': 'frontend', 'score': -1.3993163513500253}, {'position': 4, 'category': 'backend', 'score': -1.463375917264595}]",,2,378,878,datascience,aceptada,False,False,False
2e24d8fd-cb2b-4cab-b508-57f343fc6069,379,2026-08-06T03:16:41.521+00:00,str,how to rewrite a chinese-tenured faculty role for us data scientist jobs how to rewrite a chinese-tenured faculty role for us data scientist jobs learn the exact rules and a before/after example for rewriting a chinese-tenured faculty research role into a us industry data scientist resume. focus on impact metrics english job titles and ats-fr english chinese english chinese,376,59,True,Inferencia completada.,aceptada,datascience,backend,1.8239063154480712,-1.1144337665813135,2.938340082029385,Alta,42,Predicción automática,False,True,[],"[{'position': 1, 'category': 'datascience', 'score': 1.8239063154480712}, {'position': 2, 'category': 'backend', 'score': -1.1144337665813135}, {'position': 3, 'category': 'frontend', 'score': -1.4876141616080232}, {'position': 4, 'category': 'cloud', 'score': -1.7696804236656187}]",,2,379,879,datascience,aceptada,False,False,False
2e24d8fd-cb2b-4cab-b508-57f343fc6069,380,2026-08-06T03:16:41.521+00:00,str,terraform-how to prevent sensitive data from ending up in the .tfstate terraform-how to prevent sensitive data from ending up in the .tfstate tl dr by default terraform stores all secrets in plaintext within its state file. terraform terraform,243,38,True,Inferencia completada.,aceptada,cloud,datascience,0.5026606822549685,-0.6051962544836208,1.1078569367385893,Media,29,Predicción automática con monitoreo,False,True,[],"[{'position': 1, 'category': 'cloud', 'score': 0.5026606822549685}, {'position': 2, 'category': 'datascience', 'score': -0.6051962544836208}, {'position': 3, 'category': 'backend', 'score': -0.6188629278833401}, {'position': 4, 'category': 'frontend', 'score': -1.8616125846313825}]",,2,380,880,cloud,aceptada,False,False,False
2e24d8fd-cb2b-4cab-b508-57f343fc6069,381,2026-08-06T03:16:41.521+00:00,str,tailwind css: why it became my go-to style tailwind css: why it became my go-to style when i started learning css i wrote everything the traditional way: expressive class names css css,184,32,True,Inferencia completada.,aceptada,frontend,cloud,1.125673383354012,-1.203061041781539,2.328734425135551,Alta,27,Predicción automática,False,True,[],"[{'position': 1, 'category': 'frontend', 'score': 1.125673383354012}, {'position': 2, 'category': 'cloud', 'score': -1.203061041781539}, {'position': 3, 'category': 'backend', 'score': -1.390587851834424}, {'position': 4, 'category': 'datascience', 'score': -1.6776457835338827}]",,2,381,881,frontend,aceptada,False,False,False
2e24d8fd-cb2b-4cab-b508-57f343fc6069,382,2026-08-06T03:16:41.521+00:00,str,how autonomous ai agents are changing data science how autonomous ai agents are changing data science most data science teams do not struggle because their models are weak. they struggle because.,195,31,True,Inferencia completada.,aceptada,datascience,frontend,1.8453389074405075,-0.9241272205650204,2.769466128005528,Alta,27,Predicción automática,False,True,[],"[{'position': 1, 'category': 'datascience', 'score': 1.8453389074405075}, {'position': 2, 'category': 'frontend', 'score': -0.9241272205650204}, {'position': 3, 'category': 'cloud', 'score': -1.4341420692570734}, {'position': 4, 'category': 'backend', 'score': -2.1006129799905233}]",,2,382,882,datascience,aceptada,False,False,False
2e24d8fd-cb2b-4cab-b508-57f343fc6069,383,2026-08-06T03:16:41.521+00:00,str,cloud computing term paper pdf cloud computing term paper pdf top 10 best services for cloud computing term paper pdf 2026 guide introduction searching for a. best services pdf best services pdf,194,32,True,Inferencia completada.,aceptada,cloud,datascience,1.7499153407421426,-1.261738188475151,3.011653529217294,Alta,26,Predicción automática,False,True,[],"[{'position': 1, 'category': 'cloud', 'score': 1.7499153407421426}, {'position': 2, 'category': 'datascience', 'score': -1.261738188475151}, {'position': 3, 'category': 'frontend', 'score': -1.7050482616166884}, {'position': 4, 'category': 'backend', 'score': -1.7628948034925438}]",,2,383,883,cloud,aceptada,False,False,False
2e24d8fd-cb2b-4cab-b508-57f343fc6069,384,2026-08-06T03:16:41.521+00:00,str,recover deleted sharepoint site collections in dubai recover deleted sharepoint site collections in dubai the enterprise guide to recover deleted sharepoint site collections in dubai managing cloud data. the enterprise guide recover deleted sharepoint site collections dubai the enterprise guide recover deleted sharepoint site collections dubai,345,46,True,Inferencia completada.,revision,cloud,datascience,0.36074115170731635,-0.2892187467374524,0.6499598984447688,Baja,16,Revisión humana recomendada,True,True,['El margen de decisión es reducido.'],"[{'position': 1, 'category': 'cloud', 'score': 0.36074115170731635}, {'position': 2, 'category': 'datascience', 'score': -0.2892187467374524}, {'position': 3, 'category': 'frontend', 'score': -1.3626284781605693}, {'position': 4, 'category': 'backend', 'score': -1.5478056213930715}]",,2,384,884,cloud,revision,False,True,False
2e24d8fd-cb2b-4cab-b508-57f343fc6069,385,2026-08-06T03:16:41.521+00:00,str,designing with context modern css trends designing with context modern css trends css has evolved dramatically in recent years. what used to require heavy javascript libraries or. css javascript recent years css javascript recent years,235,35,True,Inferencia completada.,aceptada,frontend,cloud,1.8824439663838062,-1.5299628082639942,3.4124067746478004,Muy alta,27,Predicción automática,False,True,[],"[{'position': 1, 'category': 'frontend', 'score': 1.8824439663838062}, {'position': 2, 'category': 'cloud', 'score': -1.5299628082639942}, {'position': 3, 'category': 'datascience', 'score': -1.8007216712222252}, {'position': 4, 'category': 'backend', 'score': -1.9989081549502257}]",,2,385,885,frontend,aceptada,False,False,False
2e24d8fd-cb2b-4cab-b508-57f343fc6069,386,2026-08-06T03:16:41.521+00:00,str,lucide 1.0 launches with over 1 600 icons and brand icons removed for leaner builds lucide 1.0 launches with over 1 600 icons and brand icons removed for leaner builds lucide 1.0 debuts streamlining icon sets by removing brand logos and reducing bundle size for millions of projects. millions millions,301,50,True,Inferencia completada.,aceptada,frontend,datascience,0.8202570074860432,-0.7608388250490985,1.5810958325351416,Media,28,Predicción automática con monitoreo,False,True,[],"[{'position': 1, 'category': 'frontend', 'score': 0.8202570074860432}, {'position': 2, 'category': 'datascience', 'score': -0.7608388250490985}, {'position': 3, 'category': 'cloud', 'score': -0.881978828981883}, {'position': 4, 'category': 'backend', 'score': -1.565463258175094}]",,2,386,886,frontend,aceptada,False,False,False
2e24d8fd-cb2b-4cab-b508-57f343fc6069,387,2026-08-06T03:16:41.521+00:00,str,unlocking efficiency: a technical deep dive into n8n workflow automation unlocking efficiency: a technical deep dive into n8n workflow automation unlocking efficiency: a technical deep dive into n8n workflow automation in today s.,230,33,True,Inferencia completada.,revision,frontend,cloud,0.012994897241531467,-0.4788560089187286,0.49185090616026006,Baja,20,Revisión humana recomendada,True,True,['El margen de decisión es reducido.'],"[{'position': 1, 'category': 'frontend', 'score': 0.012994897241531467}, {'position': 2, 'category': 'cloud', 'score': -0.4788560089187286}, {'position': 3, 'category': 'datascience', 'score': -0.5366401401913866}, {'position': 4, 'category': 'backend', 'score': -1.4804484583747084}]",,2,387,887,frontend,revision,False,True,False
2e24d8fd-cb2b-4cab-b508-57f343fc6069,388,2026-08-06T03:16:41.521+00:00,str,mdn исходный код всего web. mdn исходный код всего web. я заглянул туда. там дохуя документации. дикий геморой мусорки. бесконечный склад который вгоняет.,154,23,True,Inferencia completada.,revision,frontend,datascience,2.124643326642017,-1.01424850247613,3.1388918291181467,Alta,1,Revisión humana recomendada,True,True,['Cobertura reducida del vocabulario.'],"[{'position': 1, 'category': 'frontend', 'score': 2.124643326642017}, {'position': 2, 'category': 'datascience', 'score': -1.01424850247613}, {'position': 3, 'category': 'cloud', 'score': -1.9272720417807214}, {'position': 4, 'category': 'backend', 'score': -2.359579078808998}]",,2,388,888,frontend,revision,False,False,True
2e24d8fd-cb2b-4cab-b508-57f343fc6069,389,2026-08-06T03:16:41.521+00:00,str,from crud apps to ai agents: how software development is changing in 2026 from crud apps to ai agents: how software development is changing in 2026 remember when full stack developer mostly meant you could wire up a database build some rest. rest rest,251,44,True,Inferencia completada.,revision,cloud,backend,-0.014480251244467057,-0.21312633881918241,0.19864608757471536,Crítica,42,Revisión humana prioritaria,True,True,['Las dos categorías principales tienen puntuaciones muy cercanas.'],"[{'position': 1, 'category': 'cloud', 'score': -0.014480251244467057}, {'position': 2, 'category': 'backend', 'score': -0.21312633881918241}, {'position': 3, 'category': 'frontend', 'score': -0.9028659039411486}, {'position': 4, 'category': 'datascience', 'score': -1.5807493033869262}]",,2,389,889,cloud,revision,False,True,False
2e24d8fd-cb2b-4cab-b508-57f343fc6069,390,2026-08-06T03:16:41.521+00:00,str,boost development efficiency: the power of simplicity in client-side tools boost development efficiency: the power of simplicity in client-side tools illustration of technical leaders analyzing development kpis and team efficiency# the power of.,245,33,True,Inferencia completada.,revision,frontend,datascience,-0.15330241092924307,-0.6116012884331107,0.4582988775038676,Baja,19,Revisión humana recomendada,True,True,['El margen de decisión es reducido.'],"[{'position': 1, 'category': 'frontend', 'score': -0.15330241092924307}, {'position': 2, 'category': 'datascience', 'score': -0.6116012884331107}, {'position': 3, 'category': 'cloud', 'score': -0.762160413165952}, {'position': 4, 'category': 'backend', 'score': -0.8094790866478255}]",,2,390,890,frontend,revision,False,True,False
2e24d8fd-cb2b-4cab-b508-57f343fc6069,391,2026-08-06T03:16:41.521+00:00,str,day 23: change config without a restart keep secrets out of git day 23: change config without a restart keep secrets out of git two days ago orderhub got a central config server. yesterday the services learned to load-balance. yesterday orderhub config server two days ago yesterday orderhub config server two days ago,318,53,True,Inferencia completada.,revision,backend,frontend,-0.022018321851956846,-0.6891142723435153,0.6670959504915585,Baja,29,Revisión humana recomendada,True,True,['El margen de decisión es reducido.'],"[{'position': 1, 'category': 'backend', 'score': -0.022018321851956846}, {'position': 2, 'category': 'frontend', 'score': -0.6891142723435153}, {'position': 3, 'category': 'cloud', 'score': -0.8592082989748748}, {'position': 4, 'category': 'datascience', 'score': -1.7537704841027488}]",,2,391,891,backend,revision,False,True,False
2e24d8fd-cb2b-4cab-b508-57f343fc6069,392,2026-08-06T03:16:41.521+00:00,str,my journey learning power bi: lessons beyond building dashboards week 4 my journey learning power bi: lessons beyond building dashboards week 4 for the last two weeks i embarked on a journey of learning how power bi works for for data. the last two weeks bi the last two weeks bi,279,51,True,Inferencia completada.,aceptada,datascience,frontend,1.0644833469851913,-1.240457804657271,2.3049411516424625,Alta,38,Predicción automática,False,True,[],"[{'position': 1, 'category': 'datascience', 'score': 1.0644833469851913}, {'position': 2, 'category': 'frontend', 'score': -1.240457804657271}, {'position': 3, 'category': 'cloud', 'score': -1.3806674035102966}, {'position': 4, 'category': 'backend', 'score': -1.6032256810339236}]",,2,392,892,datascience,aceptada,False,False,False
2e24d8fd-cb2b-4cab-b508-57f343fc6069,393,2026-08-06T03:16:41.521+00:00,str,unlocking the future: advanced concepts in retrieval-augmented generation rag unlocking the future: advanced concepts in retrieval-augmented generation rag unlocking the future: advanced concepts in retrieval-augmented generation rag the ai.,241,29,True,Inferencia completada.,revision,backend,frontend,-0.33763244263853287,-0.5409567080182527,0.20332426537971982,Crítica,12,Revisión humana prioritaria,True,True,"['Cobertura reducida del vocabulario.', 'Las dos categorías principales tienen puntuaciones muy cercanas.']","[{'position': 1, 'category': 'backend', 'score': -0.33763244263853287}, {'position': 2, 'category': 'frontend', 'score': -0.5409567080182527}, {'position': 3, 'category': 'datascience', 'score': -0.8112048260965222}, {'position': 4, 'category': 'cloud', 'score': -1.0375702016976283}]",,2,393,893,backend,revision,False,True,True
2e24d8fd-cb2b-4cab-b508-57f343fc6069,394,2026-08-06T03:16:41.521+00:00,str,junior python backend developer: building a standout portfolio to showcase skills and differentiate from competitors junior python backend developer: building a standout portfolio to showcase skills and differentiate from competitors introduction: the competitive edge for junior python backend developers in a job market.,322,43,True,Inferencia completada.,aceptada,backend,frontend,0.4190979840105177,-0.40571421560538395,0.8248121996159017,Media,32,Predicción automática con monitoreo,False,True,[],"[{'position': 1, 'category': 'backend', 'score': 0.4190979840105177}, {'position': 2, 'category': 'frontend', 'score': -0.40571421560538395}, {'position': 3, 'category': 'datascience', 'score': -0.5267428834387806}, {'position': 4, 'category': 'cloud', 'score': -2.2553832992979754}]",,2,394,894,backend,aceptada,False,False,False
2e24d8fd-cb2b-4cab-b508-57f343fc6069,395,2026-08-06T03:16:41.521+00:00,str,four eras of cloud security. same verb. four eras of cloud security. same verb. scott piper s twenty-year history of cloud security maps four eras foundational cspm cnapp ai. each era introduced new tools. every tool produces signals. no era introduced a tool that produces decisions. the verb changed from match to aggregate to score. the output never changed. cspm cnapp twenty-year scott piper's ai cspm cnapp twenty-year scott piper's ai,441,71,True,Inferencia completada.,aceptada,cloud,frontend,2.010548319086533,-1.2255033015223682,3.2360516206089014,Alta,39,Predicción automática,False,True,[],"[{'position': 1, 'category': 'cloud', 'score': 2.010548319086533}, {'position': 2, 'category': 'frontend', 'score': -1.2255033015223682}, {'position': 3, 'category': 'datascience', 'score': -1.6810595612116193}, {'position': 4, 'category': 'backend', 'score': -1.8947887648054356}]",,2,395,895,cloud,aceptada,False,False,False
2e24d8fd-cb2b-4cab-b508-57f343fc6069,396,2026-08-06T03:16:41.521+00:00,str,not every payment failure is your customer s fault not every payment failure is your customer s fault a customer adds products to their cart. they enter their card details. the bank has sufficient.,197,34,True,Inferencia completada.,aceptada,backend,cloud,0.9399947995550243,-0.9297841432013405,1.8697789427563647,Alta,27,Predicción automática,False,True,[],"[{'position': 1, 'category': 'backend', 'score': 0.9399947995550243}, {'position': 2, 'category': 'cloud', 'score': -0.9297841432013405}, {'position': 3, 'category': 'datascience', 'score': -0.9990690604509969}, {'position': 4, 'category': 'frontend', 'score': -1.5595079968282404}]",,2,396,896,backend,aceptada,False,False,False
2e24d8fd-cb2b-4cab-b508-57f343fc6069,397,2026-08-06T03:16:41.521+00:00,str,every tree and boosting formula for ml interviews. part 2: practice every tree and boosting formula for ml interviews. part 2: practice min_child_weight is not a sample count pruning importance biases calibration traps: the knobs you actually turn and where they bite.,268,42,True,Inferencia completada.,aceptada,datascience,backend,0.8484150616548587,-0.9368081090354714,1.78522317069033,Media,42,Predicción automática con monitoreo,False,True,[],"[{'position': 1, 'category': 'datascience', 'score': 0.8484150616548587}, {'position': 2, 'category': 'backend', 'score': -0.9368081090354714}, {'position': 3, 'category': 'frontend', 'score': -1.2065053329462434}, {'position': 4, 'category': 'cloud', 'score': -1.4154498805416889}]",,2,397,897,datascience,aceptada,False,False,False
2e24d8fd-cb2b-4cab-b508-57f343fc6069,398,2026-08-06T03:16:41.521+00:00,str,cloud certification roadmap 2026 aws azure gcp + free practice resources cloud certification roadmap 2026 aws azure gcp + free practice resources people ask me almost weekly: which cloud cert should i start with in 2026 and in what order almost weekly almost weekly,265,44,True,Inferencia completada.,aceptada,cloud,datascience,3.108926507399345,-1.413034788969266,4.521961296368611,Muy alta,33,Predicción automática,False,True,[],"[{'position': 1, 'category': 'cloud', 'score': 3.108926507399345}, {'position': 2, 'category': 'datascience', 'score': -1.413034788969266}, {'position': 3, 'category': 'backend', 'score': -2.2503376805659974}, {'position': 4, 'category': 'frontend', 'score': -2.6480297380776334}]",,2,398,898,cloud,aceptada,False,False,False
2e24d8fd-cb2b-4cab-b508-57f343fc6069,399,2026-08-06T03:16:41.521+00:00,str,boost boost announcing anza: a lightweight ui library that embraces the browser. ui ui,86,14,True,Inferencia completada.,revision,frontend,cloud,2.2345386051503406,-1.5553375740293491,3.7898761791796898,Muy alta,14,Revisión humana recomendada,True,True,['Cobertura reducida del vocabulario.'],"[{'position': 1, 'category': 'frontend', 'score': 2.2345386051503406}, {'position': 2, 'category': 'cloud', 'score': -1.5553375740293491}, {'position': 3, 'category': 'backend', 'score': -1.8013855911710777}, {'position': 4, 'category': 'datascience', 'score': -1.8371547440871456}]",,2,399,899,frontend,revision,False,False,True
2e24d8fd-cb2b-4cab-b508-57f343fc6069,400,2026-08-06T03:16:41.521+00:00,str,norway vs france: match prediction model analysis 2026-06-26 norway vs france: match prediction model analysis 2026-06-26 published: 2026-06-25 footballmoney.top norway vs france 世界杯 2026-06-26 2026-06-26 france 2026-06-25 norway 2026-06-26 france 2026-06-25 norway,265,32,True,Inferencia completada.,aceptada,datascience,cloud,1.7540189253534009,-1.3223426704437031,3.076361595797104,Alta,21,Predicción automática,False,True,[],"[{'position': 1, 'category': 'datascience', 'score': 1.7540189253534009}, {'position': 2, 'category': 'cloud', 'score': -1.3223426704437031}, {'position': 3, 'category': 'backend', 'score': -1.3755990431912268}, {'position': 4, 'category': 'frontend', 'score': -1.5536975653451823}]",,2,400,900,datascience,aceptada,False,False,False
2e24d8fd-cb2b-4cab-b508-57f343fc6069,401,2026-08-06T03:16:41.521+00:00,str,how to find and fix the 7 most common seo mistakes in your html how to find and fix the 7 most common seo mistakes in your html every developer writes html but most overlook critical seo details that silently hurt search.,221,42,True,Inferencia completada.,revision,backend,frontend,0.2851584133066857,-0.16292221840602866,0.44808063171271434,Baja,32,Revisión humana recomendada,True,True,['El margen de decisión es reducido.'],"[{'position': 1, 'category': 'backend', 'score': 0.2851584133066857}, {'position': 2, 'category': 'frontend', 'score': -0.16292221840602866}, {'position': 3, 'category': 'datascience', 'score': -0.6920903996053341}, {'position': 4, 'category': 'cloud', 'score': -1.8595720333576753}]",,2,401,901,backend,revision,False,True,False
2e24d8fd-cb2b-4cab-b508-57f343fc6069,402,2026-08-06T03:16:41.521+00:00,str,learning aws without an aws account: running s3 dynamodb and lambda locally learning aws without an aws account: running s3 dynamodb and lambda locally learning aws without an aws account: running s3 dynamodb and lambda locally image: local. lambda locally image: local lambda locally image: local,297,46,True,Inferencia completada.,aceptada,cloud,frontend,1.7202840439226725,-1.3732465506055935,3.093530594528266,Alta,17,Predicción automática,False,True,[],"[{'position': 1, 'category': 'cloud', 'score': 1.7202840439226725}, {'position': 2, 'category': 'frontend', 'score': -1.3732465506055935}, {'position': 3, 'category': 'datascience', 'score': -1.6284161218461488}, {'position': 4, 'category': 'backend', 'score': -1.8834479918765576}]",,2,402,902,cloud,aceptada,False,False,False
2e24d8fd-cb2b-4cab-b508-57f343fc6069,403,2026-08-06T03:16:41.521+00:00,str,http/2 and http/3: what they bring and how to leverage them http/2 and http/3: what they bring and how to leverage them http/2 and http/3: what they bring and how to leverage them http/2 and http/3 are major.,208,38,True,Inferencia completada.,revision,backend,datascience,-0.3582511822748767,-0.606925148847858,0.2486739665729813,Crítica,12,Revisión humana prioritaria,True,True,"['Cobertura reducida del vocabulario.', 'Las dos categorías principales tienen puntuaciones muy cercanas.']","[{'position': 1, 'category': 'backend', 'score': -0.3582511822748767}, {'position': 2, 'category': 'datascience', 'score': -0.606925148847858}, {'position': 3, 'category': 'frontend', 'score': -0.6857074325149861}, {'position': 4, 'category': 'cloud', 'score': -0.9459853947406339}]",,2,403,903,backend,revision,False,True,True
2e24d8fd-cb2b-4cab-b508-57f343fc6069,404,2026-08-06T03:16:41.521+00:00,str,you probably don t need event-driven architecture you probably don t need event-driven architecture you probably don t need event-driven architecture you re building a new feature. someone.,189,28,True,Inferencia completada.,revision,backend,frontend,0.10910395489107094,-0.03227564862726451,0.14137960351833545,Crítica,23,Revisión humana prioritaria,True,True,['Las dos categorías principales tienen puntuaciones muy cercanas.'],"[{'position': 1, 'category': 'backend', 'score': 0.10910395489107094}, {'position': 2, 'category': 'frontend', 'score': -0.03227564862726451}, {'position': 3, 'category': 'datascience', 'score': -0.9951855144229697}, {'position': 4, 'category': 'cloud', 'score': -1.9742370192816252}]",,2,404,904,backend,revision,False,True,False
2e24d8fd-cb2b-4cab-b508-57f343fc6069,405,2026-08-06T03:16:41.521+00:00,str,what is infrastructure as code a beginner s guide what is infrastructure as code a beginner s guide a plain-english beginner s guide to infrastructure as code iac : what it is the problem it solves how declarative tools like terraform work and how to start managing servers and cloud resources with code instead of clicks. terraform english infrastructure as code terraform english infrastructure as code,404,66,True,Inferencia completada.,aceptada,cloud,frontend,1.6027014899170817,-1.2508160055226423,2.853517495439724,Alta,53,Predicción automática,False,True,[],"[{'position': 1, 'category': 'cloud', 'score': 1.6027014899170817}, {'position': 2, 'category': 'frontend', 'score': -1.2508160055226423}, {'position': 3, 'category': 'datascience', 'score': -1.6737417369891356}, {'position': 4, 'category': 'backend', 'score': -2.0536172733063336}]",,2,405,905,cloud,aceptada,False,False,False
2e24d8fd-cb2b-4cab-b508-57f343fc6069,406,2026-08-06T03:16:41.521+00:00,str,amazon api gateway: rest vs http apis explained via the aws cli amazon api gateway: rest vs http apis explained via the aws cli build the same lambda-backed endpoint on both api gateway products from the terminal see exactly where the commands diverge and know which one to reach for next time. api gateway lambda api gateway lambda,332,58,True,Inferencia completada.,revision,backend,cloud,0.8659588277409355,0.8050795157927463,0.060879311948189185,Crítica,45,Revisión humana prioritaria,True,True,['Las dos categorías principales tienen puntuaciones muy cercanas.'],"[{'position': 1, 'category': 'backend', 'score': 0.8659588277409355}, {'position': 2, 'category': 'cloud', 'score': 0.8050795157927463}, {'position': 3, 'category': 'datascience', 'score': -2.1991824319967828}, {'position': 4, 'category': 'frontend', 'score': -2.3037637082095714}]",,2,406,906,backend,revision,False,True,False
2e24d8fd-cb2b-4cab-b508-57f343fc6069,407,2026-08-06T03:16:41.521+00:00,str,"aws daily digest june 15 2026 aws daily digest june 15 2026 aws daily digest june 15 2026 auto-generated groq llama 3.3 70b free groq llama 3.3 june 15, 2026 groq llama 3.3 june 15, 2026",186,36,True,Inferencia completada.,aceptada,cloud,backend,1.2458024004342367,-1.1250252972175734,2.3708276976518103,Alta,27,Predicción automática,False,True,[],"[{'position': 1, 'category': 'cloud', 'score': 1.2458024004342367}, {'position': 2, 'category': 'backend', 'score': -1.1250252972175734}, {'position': 3, 'category': 'frontend', 'score': -1.3697145277573974}, {'position': 4, 'category': 'datascience', 'score': -1.5782754956174938}]",,2,407,907,cloud,aceptada,False,False,False
2e24d8fd-cb2b-4cab-b508-57f343fc6069,408,2026-08-06T03:16:41.521+00:00,str,your pipeline is 12.7h behind: catching fashion sentiment leads with pulsebit your pipeline is 12.7h behind: catching fashion sentiment leads with pulsebit your pipeline is 12.7h behind: catching fashion sentiment leads with pulsebit we ve. 12.7h 12.7h,252,37,True,Inferencia completada.,aceptada,datascience,frontend,2.0869634892372244,-1.4411912170808443,3.5281547063180687,Muy alta,23,Predicción automática,False,True,[],"[{'position': 1, 'category': 'datascience', 'score': 2.0869634892372244}, {'position': 2, 'category': 'frontend', 'score': -1.4411912170808443}, {'position': 3, 'category': 'backend', 'score': -1.6041046761016187}, {'position': 4, 'category': 'cloud', 'score': -2.302673757715341}]",,2,408,908,datascience,aceptada,False,False,False
2e24d8fd-cb2b-4cab-b508-57f343fc6069,409,2026-08-06T03:16:41.521+00:00,str,geeknews frontend weekly deep dive-2026-07-06 geeknews frontend weekly deep dive-2026-07-06 geeknews 프론트엔드 이슈를 바탕으로 작성한 주간 브리핑 geeknews geeknews,144,19,True,Inferencia completada.,aceptada,frontend,datascience,1.3635959792487409,-1.0602095299137821,2.423805509162523,Alta,21,Predicción automática,False,True,[],"[{'position': 1, 'category': 'frontend', 'score': 1.3635959792487409}, {'position': 2, 'category': 'datascience', 'score': -1.0602095299137821}, {'position': 3, 'category': 'backend', 'score': -1.4089954222764192}, {'position': 4, 'category': 'cloud', 'score': -1.7915962420774485}]",,2,409,909,frontend,aceptada,False,False,False
2e24d8fd-cb2b-4cab-b508-57f343fc6069,410,2026-08-06T03:16:41.521+00:00,str,convert css to png free export gradients buttons and css art as images no screenshot convert css to png free export gradients buttons and css art as images no screenshot you built it in css a gradient a glassmorphism card a button with the perfect shadow maybe a. css css,271,50,True,Inferencia completada.,aceptada,frontend,cloud,2.2001693269444664,-1.2689310481161424,3.469100375060609,Muy alta,40,Predicción automática,False,True,[],"[{'position': 1, 'category': 'frontend', 'score': 2.2001693269444664}, {'position': 2, 'category': 'cloud', 'score': -1.2689310481161424}, {'position': 3, 'category': 'datascience', 'score': -1.740771484050207}, {'position': 4, 'category': 'backend', 'score': -2.3538415279356597}]",,2,410,910,frontend,aceptada,False,False,False
2e24d8fd-cb2b-4cab-b508-57f343fc6069,411,2026-08-06T03:16:41.521+00:00,str,mlops online course mlops training in ameerpet mlops online course mlops training in ameerpet master mlops with real-time projects and become industry-ready join #visualpath #mlopstraining. real-time become real-time become,223,29,True,Inferencia completada.,aceptada,cloud,frontend,0.438515567668169,-0.7065714059573953,1.1450869736255642,Media,21,Predicción automática con monitoreo,False,True,[],"[{'position': 1, 'category': 'cloud', 'score': 0.438515567668169}, {'position': 2, 'category': 'frontend', 'score': -0.7065714059573953}, {'position': 3, 'category': 'backend', 'score': -1.0466900999583306}, {'position': 4, 'category': 'datascience', 'score': -1.2492682069069636}]",,2,411,911,cloud,aceptada,False,False,False
2e24d8fd-cb2b-4cab-b508-57f343fc6069,412,2026-08-06T03:16:41.521+00:00,str,how to set up monitoring and observability that actually helps you sleep at night how to set up monitoring and observability that actually helps you sleep at night how to set up monitoring and observability that actually helps you sleep at night the goal. night night,267,46,True,Inferencia completada.,revision,cloud,frontend,-0.11302875266065604,-0.4564135845112497,0.34338483185059365,Baja,26,Revisión humana recomendada,True,True,['El margen de decisión es reducido.'],"[{'position': 1, 'category': 'cloud', 'score': -0.11302875266065604}, {'position': 2, 'category': 'frontend', 'score': -0.4564135845112497}, {'position': 3, 'category': 'backend', 'score': -0.8840723169729419}, {'position': 4, 'category': 'datascience', 'score': -1.71115853166897}]",,2,412,912,cloud,revision,False,True,False
2e24d8fd-cb2b-4cab-b508-57f343fc6069,413,2026-08-06T03:16:41.521+00:00,str,how to setup a firebase account for fcm notifications: a step-by-step guide how to setup a firebase account for fcm notifications: a step-by-step guide set up a firebase account for fcm push notifications step by step: project creation credentials and the settings you need before sending messages. firebase fcm firebase fcm,324,51,True,Inferencia completada.,revision,backend,frontend,-0.27132736790840983,-0.39898451682344915,0.12765714891503932,Crítica,37,Revisión humana prioritaria,True,True,['Las dos categorías principales tienen puntuaciones muy cercanas.'],"[{'position': 1, 'category': 'backend', 'score': -0.27132736790840983}, {'position': 2, 'category': 'frontend', 'score': -0.39898451682344915}, {'position': 3, 'category': 'cloud', 'score': -0.5946074676428068}, {'position': 4, 'category': 'datascience', 'score': -1.37567502824509}]",,2,413,913,backend,revision,False,True,False
2e24d8fd-cb2b-4cab-b508-57f343fc6069,414,2026-08-06T03:16:41.521+00:00,str,building multi-user scheduling systems: a technical guide building multi-user scheduling systems: a technical guide the challenge building scheduling systems that handle multiple users isn t trivial. you.,204,27,True,Inferencia completada.,revision,backend,frontend,-0.10180243588247617,-0.29990074076588336,0.19809830488340718,Crítica,22,Revisión humana prioritaria,True,True,['Las dos categorías principales tienen puntuaciones muy cercanas.'],"[{'position': 1, 'category': 'backend', 'score': -0.10180243588247617}, {'position': 2, 'category': 'frontend', 'score': -0.29990074076588336}, {'position': 3, 'category': 'datascience', 'score': -0.9127260780973567}, {'position': 4, 'category': 'cloud', 'score': -1.7099431732958497}]",,2,414,914,backend,revision,False,True,False
2e24d8fd-cb2b-4cab-b508-57f343fc6069,415,2026-08-06T03:16:41.521+00:00,str,your pipeline is 20.1h behind: catching climate sentiment leads with pulsebit your pipeline is 20.1h behind: catching climate sentiment leads with pulsebit your pipeline is 20.1h behind: catching climate sentiment leads with pulsebit we recently. 20.1h 20.1h,258,37,True,Inferencia completada.,aceptada,datascience,frontend,2.4451070967014203,-1.6587473861060342,4.103854482807455,Muy alta,23,Predicción automática,False,True,[],"[{'position': 1, 'category': 'datascience', 'score': 2.4451070967014203}, {'position': 2, 'category': 'frontend', 'score': -1.6587473861060342}, {'position': 3, 'category': 'backend', 'score': -1.8876100592155711}, {'position': 4, 'category': 'cloud', 'score': -2.3773211035836446}]",,2,415,915,datascience,aceptada,False,False,False
2e24d8fd-cb2b-4cab-b508-57f343fc6069,416,2026-08-06T03:16:41.521+00:00,str,your pipeline is 27.1h behind: catching renewable energy sentiment leads with pulsebit your pipeline is 27.1h behind: catching renewable energy sentiment leads with pulsebit your pipeline is 27.1h behind: catching renewable energy sentiment leads with pulsebit we. 27.1h 27.1h,276,39,True,Inferencia completada.,aceptada,datascience,frontend,1.5269463944207113,-1.424688123590537,2.9516345180112484,Alta,28,Predicción automática,False,True,[],"[{'position': 1, 'category': 'datascience', 'score': 1.5269463944207113}, {'position': 2, 'category': 'frontend', 'score': -1.424688123590537}, {'position': 3, 'category': 'backend', 'score': -1.4739275364888198}, {'position': 4, 'category': 'cloud', 'score': -1.586500394124065}]",,2,416,916,datascience,aceptada,False,False,False
