fold,indice_original,categoria_real,categoria_predicha,segunda_categoria,prediccion_correcta,puntuacion_ganadora,puntuacion_segunda,margen_decision,word_features_activas,char_features_activas,features_activas_total,estado_operacional,motivo_operacional
1,283,backend,backend,cloud,True,0.4565496207576981,-0.5947449409786401,1.0512945617363383,16,279,295,aceptada,Predicción con evidencia suficiente.
1,1170,cloud,cloud,datascience,True,1.153262209984256,-0.8215808404474733,1.9748430504317294,29,372,401,aceptada,Predicción con evidencia suficiente.
1,789,cloud,cloud,datascience,True,0.6608580627957478,-0.868704004452034,1.5295620672477819,28,277,305,aceptada,Predicción con evidencia suficiente.
1,1911,frontend,frontend,cloud,True,2.5127829560515442,-1.53569520189892,4.0484781579504645,29,390,419,aceptada,Predicción con evidencia suficiente.
1,3730,datascience,datascience,backend,True,1.168126846213951,-1.095473637376174,2.2636004835901247,20,258,278,aceptada,Predicción con evidencia suficiente.
1,3569,backend,backend,cloud,True,0.7644660530004829,-0.7096685272792277,1.4741345802797106,32,286,318,aceptada,Predicción con evidencia suficiente.
1,3995,frontend,frontend,cloud,True,0.022901032378807473,-0.24065689898768394,0.2635579313664914,28,346,374,revision,Margen de decisión reducido.
1,142,cloud,cloud,datascience,True,1.2238806616053886,-1.0799519519284992,2.3038326135338876,37,249,286,aceptada,Predicción con evidencia suficiente.
1,714,cloud,cloud,backend,True,0.16739565168649562,-0.8151314974757403,0.9825271491622359,25,353,378,aceptada,Predicción con evidencia suficiente.
1,2199,frontend,frontend,cloud,True,1.5509556888378013,-0.9872888794108821,2.5382445682486834,20,228,248,aceptada,Predicción con evidencia suficiente.
1,2707,datascience,datascience,frontend,True,1.1476213908340545,-0.9289180235422559,2.0765394143763105,20,268,288,aceptada,Predicción con evidencia suficiente.
1,4377,backend,backend,datascience,True,1.1442821810970445,-1.0081039696394554,2.1523861507364996,40,276,316,aceptada,Predicción con evidencia suficiente.
1,1640,frontend,backend,frontend,False,-0.15760375385392578,-0.30941339197159656,0.1518096381176708,23,284,307,revision,Margen de decisión reducido.
1,1569,frontend,frontend,cloud,True,0.8291204376433665,-0.5269771440970088,1.3560975817403753,16,177,193,aceptada,Predicción con evidencia suficiente.
1,1110,cloud,frontend,cloud,False,0.23900055976514822,-0.4373188845012535,0.6763194442664018,29,313,342,aceptada,Predicción con evidencia suficiente.
1,3455,cloud,cloud,backend,True,0.24095353091510263,-0.8187952987764113,1.059748829691514,25,306,331,aceptada,Predicción con evidencia suficiente.
1,3023,backend,backend,frontend,True,0.8721123134640721,-0.45041319065980717,1.3225255041238793,34,313,347,aceptada,Predicción con evidencia suficiente.
1,861,datascience,datascience,backend,True,0.8522549901333706,-0.6403103882569826,1.4925653783903532,24,288,312,aceptada,Predicción con evidencia suficiente.
1,3286,datascience,datascience,backend,True,1.371530078682074,-1.1766067158521039,2.548136794534178,26,229,255,aceptada,Predicción con evidencia suficiente.
1,3810,backend,backend,cloud,True,0.7540680848505864,-0.7856497692454473,1.5397178540960337,27,382,409,aceptada,Predicción con evidencia suficiente.
1,1960,backend,frontend,backend,False,0.005345098806852133,-0.41470373336455796,0.4200488321714101,39,362,401,revision,Margen de decisión reducido.
1,160,backend,backend,frontend,True,0.49262507085987883,-0.7609227496676825,1.2535478205275612,18,243,261,aceptada,Predicción con evidencia suficiente.
1,4193,backend,backend,datascience,True,0.6460178718449542,-0.1380639577373387,0.7840818295822929,36,349,385,aceptada,Predicción con evidencia suficiente.
1,2678,backend,cloud,frontend,False,0.8215530301744974,-0.28112530351881415,1.1026783336933117,47,486,533,aceptada,Predicción con evidencia suficiente.
1,2056,backend,backend,cloud,True,0.5336482272499053,-0.36508145580791646,0.8987296830578217,30,249,279,aceptada,Predicción con evidencia suficiente.
1,3316,frontend,frontend,datascience,True,1.827112210457311,-1.1414503469385264,2.9685625573958374,31,283,314,aceptada,Predicción con evidencia suficiente.
1,4469,cloud,cloud,backend,True,1.1947539515054193,-1.0482040659747236,2.242958017480143,22,248,270,aceptada,Predicción con evidencia suficiente.
1,4023,datascience,datascience,frontend,True,0.671297426634066,-0.2727715964077232,0.9440690230417892,22,394,416,aceptada,Predicción con evidencia suficiente.
1,491,frontend,frontend,backend,True,0.1715084617833742,-0.5576858943280778,0.729194356111452,14,215,229,aceptada,Predicción con evidencia suficiente.
1,3127,datascience,frontend,cloud,False,-0.22308549321653967,-0.31546151701916536,0.09237602380262569,9,204,213,revision,Margen de decisión reducido.
1,892,cloud,cloud,backend,True,0.1568617108069471,-0.6929230512117956,0.8497847620187428,26,194,220,aceptada,Predicción con evidencia suficiente.
1,726,datascience,datascience,frontend,True,0.6535935062223585,-0.8111642351574745,1.464757741379833,27,238,265,aceptada,Predicción con evidencia suficiente.
1,620,cloud,cloud,frontend,True,1.308481655945422,-0.84743955475878,2.155921210704202,48,335,383,aceptada,Predicción con evidencia suficiente.
1,2632,frontend,frontend,backend,True,0.9015691679193281,-0.35743150095075304,1.259000668870081,34,331,365,aceptada,Predicción con evidencia suficiente.
1,3836,datascience,datascience,backend,True,0.1526044189343746,-0.43145473649808475,0.5840591554324593,35,387,422,revision,Margen de decisión reducido.
1,428,backend,backend,cloud,True,0.20460330023923512,-0.5542425471270775,0.7588458473663127,25,318,343,aceptada,Predicción con evidencia suficiente.
1,2455,cloud,cloud,datascience,True,1.3817101784823644,-1.1629088594705794,2.544619037952944,19,172,191,aceptada,Predicción con evidencia suficiente.
1,1448,datascience,datascience,backend,True,1.7483616079567645,-1.3101902399526129,3.0585518479093774,29,206,235,aceptada,Predicción con evidencia suficiente.
1,429,cloud,cloud,backend,True,2.242143019882522,-1.8058777992012849,4.048020819083806,16,205,221,aceptada,Predicción con evidencia suficiente.
1,1212,cloud,cloud,frontend,True,1.21499652112821,-1.220442437486043,2.4354389586142533,25,156,181,aceptada,Predicción con evidencia suficiente.
1,2966,frontend,frontend,cloud,True,1.7860150878368406,-1.2801266230878094,3.06614171092465,28,287,315,aceptada,Predicción con evidencia suficiente.
1,1720,frontend,frontend,cloud,True,1.5365984113738884,-1.0641253799611814,2.60072379133507,17,192,209,aceptada,Predicción con evidencia suficiente.
1,100,frontend,frontend,backend,True,0.997104167329782,-0.9554505250297475,1.9525546923595294,14,206,220,aceptada,Predicción con evidencia suficiente.
1,975,datascience,datascience,backend,True,-0.010701561392427283,-0.31556122899292893,0.30485966760050165,31,406,437,revision,Margen de decisión reducido.
1,1406,frontend,backend,cloud,False,0.5834681675692316,-0.9425837054537698,1.5260518730230013,31,260,291,aceptada,Predicción con evidencia suficiente.
1,1064,datascience,datascience,frontend,True,0.7956076526979811,-0.7527642510526361,1.5483719037506172,28,268,296,aceptada,Predicción con evidencia suficiente.
1,2145,frontend,frontend,backend,True,1.0680678358982136,-0.9761086481572622,2.044176484055476,8,166,174,revision,Cobertura reducida de características.
1,2269,cloud,cloud,frontend,True,1.2524269389582279,-1.2172808087506173,2.469707747708845,26,157,183,aceptada,Predicción con evidencia suficiente.
1,2237,backend,backend,frontend,True,0.9088868798182069,-0.7649028444745789,1.673789724292786,36,239,275,aceptada,Predicción con evidencia suficiente.
1,2329,frontend,frontend,cloud,True,1.7173019661764262,-1.37077494340332,3.0880769095797462,5,143,148,revision,Cobertura reducida de características.
1,1945,cloud,cloud,backend,True,1.0150322526305446,-1.009226238508332,2.024258491138877,38,269,307,aceptada,Predicción con evidencia suficiente.
1,3762,backend,datascience,cloud,False,-0.4130607328897199,-0.44535382573714805,0.03229309284742815,31,364,395,revision,Margen de decisión reducido.
1,3352,datascience,datascience,backend,True,0.41084370023468,-0.431990727961019,0.842834428195699,5,260,265,aceptada,Predicción con evidencia suficiente.
1,602,datascience,datascience,cloud,True,1.0495145829245125,-0.8537043088229791,1.9032188917474917,33,312,345,aceptada,Predicción con evidencia suficiente.
1,1543,frontend,frontend,backend,True,0.7581877590671844,-0.3256390902858162,1.0838268493530006,12,208,220,aceptada,Predicción con evidencia suficiente.
1,312,cloud,cloud,datascience,True,2.1653733360622076,-1.531529119541196,3.6969024556034036,38,246,284,aceptada,Predicción con evidencia suficiente.
1,995,datascience,frontend,backend,False,-0.10380583663603635,-0.15752248049497442,0.05371664385893807,20,445,465,revision,Margen de decisión reducido.
1,2908,datascience,datascience,backend,True,0.08048129602360532,-0.4731202492921111,0.5536015453157164,22,297,319,revision,Margen de decisión reducido.
1,158,backend,backend,cloud,True,0.9937686830833387,-0.8178810496304006,1.8116497327137393,23,269,292,aceptada,Predicción con evidencia suficiente.
1,339,frontend,frontend,backend,True,1.6179710288008915,-1.0352109871024857,2.6531820159033774,12,185,197,aceptada,Predicción con evidencia suficiente.
1,4154,frontend,frontend,backend,True,0.5653659056850341,-0.560707321296326,1.12607322698136,7,114,121,revision,Cobertura reducida de características.
1,1961,cloud,frontend,backend,False,0.025291361217122832,-0.46709988322610596,0.4923912444432288,18,379,397,revision,Margen de decisión reducido.
1,3408,cloud,cloud,frontend,True,0.2602849165374479,0.0456497721041324,0.2146351444333155,25,310,335,revision,Margen de decisión reducido.
1,1888,frontend,backend,cloud,False,0.4645627881166702,-0.6249228227963287,1.089485610912999,16,195,211,aceptada,Predicción con evidencia suficiente.
1,698,datascience,frontend,datascience,False,-0.2511054585320334,-0.5069324612124588,0.2558270026804254,40,316,356,revision,Margen de decisión reducido.
1,3479,cloud,cloud,frontend,True,0.4732579923379844,-0.44900453066444845,0.9222625230024328,31,377,408,aceptada,Predicción con evidencia suficiente.
1,1021,backend,datascience,backend,False,-0.25701223047533417,-0.25736901043256,0.0003567799572258279,32,344,376,revision,Margen de decisión reducido.
1,1743,frontend,frontend,cloud,True,1.2708289001852056,-1.2578210885368777,2.5286499887220835,32,306,338,aceptada,Predicción con evidencia suficiente.
1,1734,datascience,datascience,backend,True,0.9004175724118794,-0.780899667920657,1.6813172403325365,26,197,223,aceptada,Predicción con evidencia suficiente.
1,1263,datascience,backend,datascience,False,0.42290565249726775,-0.57772036416745,1.0006260166647176,31,314,345,aceptada,Predicción con evidencia suficiente.
1,244,datascience,datascience,frontend,True,0.20921162714919406,-0.550406376307885,0.7596180034570791,29,351,380,aceptada,Predicción con evidencia suficiente.
1,2422,cloud,cloud,backend,True,0.9435335013483596,-0.5975595729141006,1.5410930742624602,26,339,365,aceptada,Predicción con evidencia suficiente.
1,165,frontend,frontend,backend,True,1.7387948370662658,-1.207061660377849,2.945856497444115,11,227,238,aceptada,Predicción con evidencia suficiente.
1,248,frontend,frontend,backend,True,0.851339917760539,-1.025794890836929,1.877134808597468,11,212,223,aceptada,Predicción con evidencia suficiente.
1,903,cloud,datascience,cloud,False,-0.17898582265867258,-0.4621924041169322,0.2832065814582596,27,307,334,revision,Margen de decisión reducido.
1,2972,datascience,datascience,backend,True,1.5317273154072675,-1.3923364789648114,2.9240637943720786,21,255,276,aceptada,Predicción con evidencia suficiente.
1,3065,datascience,frontend,cloud,False,-0.2502221326041134,-0.597811583197666,0.3475894505935526,26,393,419,revision,Margen de decisión reducido.
1,2074,datascience,datascience,frontend,True,0.5420214068645294,-0.6281456633177251,1.1701670701822544,23,282,305,aceptada,Predicción con evidencia suficiente.
1,3807,cloud,cloud,backend,True,0.5212296753842397,-0.2802089350569103,0.80143861044115,21,295,316,aceptada,Predicción con evidencia suficiente.
1,2067,frontend,backend,frontend,False,0.15084261243581787,-0.31239218050005935,0.4632347929358772,26,288,314,revision,Margen de decisión reducido.
1,2731,backend,frontend,backend,False,0.24129742708817492,-0.2851786302441063,0.5264760573322812,40,454,494,revision,Margen de decisión reducido.
1,1974,frontend,frontend,backend,True,1.1722766013352108,0.28025628954215,0.8920203117930608,16,166,182,aceptada,Predicción con evidencia suficiente.
1,1688,frontend,backend,frontend,False,0.3638358402299343,-0.031075137998283098,0.3949109782282174,10,198,208,revision,Margen de decisión reducido.
1,1201,cloud,cloud,datascience,True,0.24320546934698883,-0.6001524627595201,0.8433579321065089,29,320,349,aceptada,Predicción con evidencia suficiente.
1,2416,datascience,datascience,frontend,True,0.5433474615670383,-0.8372559230998287,1.380603384666867,26,359,385,aceptada,Predicción con evidencia suficiente.
1,4354,frontend,backend,frontend,False,0.058952526326261245,-0.10530367043876349,0.16425619676502473,35,337,372,revision,Margen de decisión reducido.
1,1323,datascience,datascience,frontend,True,1.671508852106801,-1.2776486776752192,2.94915752978202,23,221,244,aceptada,Predicción con evidencia suficiente.
1,1306,datascience,datascience,backend,True,1.2988988344815158,-1.2719167027419305,2.5708155372234462,25,258,283,aceptada,Predicción con evidencia suficiente.
1,2312,frontend,frontend,backend,True,0.6850500022377888,-0.8187370158665881,1.5037870181043769,21,408,429,aceptada,Predicción con evidencia suficiente.
1,1827,frontend,datascience,frontend,False,-0.20733206149855576,-0.28868214825842076,0.08135008675986499,17,171,188,revision,Margen de decisión reducido.
1,2733,backend,backend,frontend,True,0.41078192575672545,-0.5676891462289454,0.9784710719856708,28,269,297,aceptada,Predicción con evidencia suficiente.
1,4232,backend,backend,datascience,True,1.9887081985721338,-1.7010814887115706,3.6897896872837044,39,298,337,aceptada,Predicción con evidencia suficiente.
1,686,backend,backend,cloud,True,0.014789325108388818,-0.6570110519020339,0.6718003770104227,12,194,206,aceptada,Predicción con evidencia suficiente.
1,884,datascience,datascience,frontend,True,1.2071957292460849,-1.1563763168295043,2.363572046075589,33,317,350,aceptada,Predicción con evidencia suficiente.
1,856,cloud,cloud,backend,True,1.2319882829053919,-0.9601465205870933,2.1921348034924852,32,235,267,aceptada,Predicción con evidencia suficiente.
1,2851,datascience,datascience,backend,True,1.603236938507139,-1.2943909206020652,2.897627859109204,21,211,232,aceptada,Predicción con evidencia suficiente.
1,3670,frontend,backend,frontend,False,0.074531011645115,0.06652160127331469,0.008009410371800307,11,196,207,revision,Margen de decisión reducido.
1,963,cloud,cloud,frontend,True,2.5475174945491483,-0.9380470257398317,3.48556452028898,35,262,297,aceptada,Predicción con evidencia suficiente.
1,3689,backend,backend,frontend,True,0.7271387510028836,-0.20738447012314282,0.9345232211260264,37,344,381,aceptada,Predicción con evidencia suficiente.
1,2836,frontend,frontend,cloud,True,1.2468172751080666,-1.3168600644078563,2.563677339515923,46,370,416,aceptada,Predicción con evidencia suficiente.
1,934,frontend,frontend,datascience,True,0.9897671556608414,-1.0594725738017425,2.0492397294625837,7,192,199,aceptada,Predicción con evidencia suficiente.
1,2808,frontend,frontend,datascience,True,1.034480649842632,-0.7803697986277512,1.8148504484703833,32,253,285,aceptada,Predicción con evidencia suficiente.
1,1807,backend,backend,cloud,True,0.522166440154436,-0.5610047807261049,1.083171220880541,38,496,534,aceptada,Predicción con evidencia suficiente.
1,1675,backend,backend,frontend,True,0.2401712775451803,0.04417282247062532,0.195998455074555,39,339,378,revision,Margen de decisión reducido.
1,717,cloud,cloud,frontend,True,0.24806364345917753,-0.6530736022765581,0.9011372457357356,25,247,272,aceptada,Predicción con evidencia suficiente.
1,3942,cloud,cloud,frontend,True,1.7143914671992682,-1.1587635311933675,2.8731549983926357,15,175,190,aceptada,Predicción con evidencia suficiente.
1,3206,backend,backend,frontend,True,0.2440858005844001,-0.5655018962294365,0.8095876968138366,33,355,388,aceptada,Predicción con evidencia suficiente.
1,2190,frontend,frontend,cloud,True,0.5777418864166558,-0.6970111278432722,1.274753014259928,13,175,188,aceptada,Predicción con evidencia suficiente.
1,4231,datascience,datascience,cloud,True,1.8925810293254672,-1.374417232376831,3.266998261702298,27,276,303,aceptada,Predicción con evidencia suficiente.
1,287,cloud,cloud,backend,True,0.3808279115056531,-0.345389680478118,0.7262175919837711,17,266,283,aceptada,Predicción con evidencia suficiente.
1,1818,frontend,frontend,datascience,True,1.764870516683217,-1.319572130470645,3.084442647153862,34,295,329,aceptada,Predicción con evidencia suficiente.
1,1268,backend,backend,frontend,True,1.7604664115728133,-1.0162140416669305,2.7766804532397438,21,192,213,aceptada,Predicción con evidencia suficiente.
1,1255,backend,backend,frontend,True,0.7826406030565046,-0.9887964082109493,1.7714370112674538,25,324,349,aceptada,Predicción con evidencia suficiente.
1,2196,cloud,cloud,datascience,True,1.3319814477261,-1.2383298834357777,2.5703113311618777,9,134,143,revision,Cobertura reducida de características.
1,2249,frontend,frontend,cloud,True,0.630611116637042,-0.5864669480362252,1.217078064673267,37,263,300,aceptada,Predicción con evidencia suficiente.
1,4353,cloud,cloud,backend,True,-0.20336037843410948,-0.4031455678260476,0.19978518939193812,21,384,405,revision,Margen de decisión reducido.
1,1621,datascience,datascience,frontend,True,1.4692356465798304,-1.1669647896903774,2.636200436270208,27,223,250,aceptada,Predicción con evidencia suficiente.
1,506,frontend,backend,frontend,False,0.5071523779084354,-0.4492055743578204,0.9563579522662558,11,340,351,aceptada,Predicción con evidencia suficiente.
1,978,datascience,backend,frontend,False,-0.151925766819066,-0.5785092110379859,0.4265834442189199,12,257,269,revision,Margen de decisión reducido.
1,730,datascience,cloud,datascience,False,0.8217539148548066,0.2324306826368222,0.5893232322179844,36,354,390,revision,Margen de decisión reducido.
1,2724,backend,backend,datascience,True,2.2345837302868174,-1.546034419156297,3.7806181494431144,39,311,350,aceptada,Predicción con evidencia suficiente.
1,5,backend,backend,frontend,True,-0.13296050863196218,-0.47227912200129163,0.33931861336932945,26,293,319,revision,Margen de decisión reducido.
1,3089,datascience,datascience,frontend,True,1.4064728272696696,-1.1937322451554908,2.6002050724251604,20,266,286,aceptada,Predicción con evidencia suficiente.
1,3303,frontend,frontend,cloud,True,0.6618357030400218,-0.8467973151209851,1.508633018161007,29,354,383,aceptada,Predicción con evidencia suficiente.
1,4523,cloud,cloud,backend,True,1.1889519169608338,-1.0420583089651565,2.2310102259259903,27,194,221,aceptada,Predicción con evidencia suficiente.
1,3357,datascience,backend,frontend,False,-0.07145638890081307,-0.3105641398270252,0.23910775092621211,22,306,328,revision,Margen de decisión reducido.
1,1700,cloud,cloud,frontend,True,1.2079534890568708,-1.0201397544478243,2.228093243504695,54,640,694,aceptada,Predicción con evidencia suficiente.
1,1380,frontend,frontend,backend,True,2.2070821774762193,-0.9432238456565567,3.150306023132776,14,274,288,aceptada,Predicción con evidencia suficiente.
1,2023,cloud,cloud,frontend,True,0.7288111481221679,-1.03870256344908,1.7675137115712478,28,222,250,aceptada,Predicción con evidencia suficiente.
1,1035,backend,backend,datascience,True,1.4730528444401942,-0.9422713448725869,2.415324189312781,35,349,384,aceptada,Predicción con evidencia suficiente.
1,3256,datascience,datascience,cloud,True,0.09085184208798613,-0.5888736649807129,0.679725507068699,20,274,294,aceptada,Predicción con evidencia suficiente.
1,130,frontend,frontend,backend,True,1.514260616457287,-0.9378270475519528,2.4520876640092397,22,312,334,aceptada,Predicción con evidencia suficiente.
1,3275,frontend,frontend,backend,True,0.7410406690521474,-0.8656474536956857,1.6066881227478331,29,327,356,aceptada,Predicción con evidencia suficiente.
1,621,frontend,frontend,backend,True,0.7536453548157112,-0.9927014317102167,1.746346786525928,29,270,299,aceptada,Predicción con evidencia suficiente.
1,4260,cloud,cloud,frontend,True,0.34791827321410984,-0.41513788895725023,0.7630561621713601,21,294,315,aceptada,Predicción con evidencia suficiente.
1,256,frontend,frontend,cloud,True,0.4643131491687079,-0.8899802252368243,1.354293374405532,14,183,197,aceptada,Predicción con evidencia suficiente.
1,2644,cloud,cloud,frontend,True,1.3437004238447514,-1.399389392917769,2.74308981676252,22,385,407,aceptada,Predicción con evidencia suficiente.
1,1243,datascience,datascience,cloud,True,0.7008043375548557,-0.4980887851294893,1.198893122684345,22,275,297,aceptada,Predicción con evidencia suficiente.
1,3594,cloud,cloud,backend,True,0.7685282940372818,-1.0613014709756543,1.8298297650129363,30,299,329,aceptada,Predicción con evidencia suficiente.
1,252,backend,backend,cloud,True,0.39530315263536087,-0.6005855987137004,0.9958887513490613,34,391,425,aceptada,Predicción con evidencia suficiente.
1,481,frontend,frontend,datascience,True,1.270533791045114,-1.1357631848960072,2.406296975941121,26,291,317,aceptada,Predicción con evidencia suficiente.
1,1195,datascience,datascience,frontend,True,1.1222221862407236,-1.1898446132015679,2.3120667994422917,26,212,238,aceptada,Predicción con evidencia suficiente.
1,2863,cloud,cloud,backend,True,0.8465506630408216,-0.590701929814689,1.4372525928555107,23,227,250,aceptada,Predicción con evidencia suficiente.
1,1099,backend,backend,frontend,True,0.4321603769923702,-0.7005881806932984,1.1327485576856686,29,302,331,aceptada,Predicción con evidencia suficiente.
1,4546,frontend,frontend,datascience,True,3.1118193863336012,-1.7804146619574597,4.892234048291061,13,180,193,aceptada,Predicción con evidencia suficiente.
1,2577,cloud,cloud,datascience,True,1.6103068113544654,-1.247151093481813,2.8574579048362785,51,259,310,aceptada,Predicción con evidencia suficiente.
1,4203,cloud,cloud,backend,True,0.1398619918279066,-0.5762028796584695,0.7160648714863761,31,371,402,aceptada,Predicción con evidencia suficiente.
1,4547,backend,backend,frontend,True,0.722774816741652,-0.7195461999378444,1.4423210166794964,31,365,396,aceptada,Predicción con evidencia suficiente.
1,2709,datascience,backend,datascience,False,0.042072399669198624,-0.8066107667702411,0.8486831664394398,20,239,259,aceptada,Predicción con evidencia suficiente.
1,914,backend,backend,frontend,True,1.3716592029149477,-1.0065517532000285,2.3782109561149762,22,274,296,aceptada,Predicción con evidencia suficiente.
1,2385,frontend,backend,frontend,False,0.2674851254978169,-0.028533945958383655,0.29601907145620054,32,242,274,revision,Margen de decisión reducido.
1,2829,backend,backend,frontend,True,1.6005573254135124,-1.1939410877045207,2.794498413118033,24,217,241,aceptada,Predicción con evidencia suficiente.
1,690,cloud,cloud,datascience,True,0.0750010866498797,-0.052005859596508164,0.12700694624638786,28,325,353,revision,Margen de decisión reducido.
1,1321,datascience,datascience,cloud,True,0.6627629091789221,-0.931487435259283,1.5942503444382052,28,352,380,aceptada,Predicción con evidencia suficiente.
1,786,cloud,cloud,frontend,True,1.254806919738515,-1.2122342047661985,2.4670411245047132,29,162,191,aceptada,Predicción con evidencia suficiente.
1,1901,backend,backend,cloud,True,1.0620048195467726,-0.9915673028999465,2.0535721224467194,23,318,341,aceptada,Predicción con evidencia suficiente.
1,197,datascience,datascience,frontend,True,1.1871212636241495,-1.2406825228453822,2.4278037864695317,39,359,398,aceptada,Predicción con evidencia suficiente.
1,437,cloud,cloud,frontend,True,1.3187914757290367,-0.8058722884065189,2.1246637641355557,26,297,323,aceptada,Predicción con evidencia suficiente.
1,4424,datascience,datascience,frontend,True,1.1104677926870719,-1.1122310729308227,2.2226988656178945,24,212,236,aceptada,Predicción con evidencia suficiente.
1,229,cloud,backend,cloud,False,0.13389199662803764,0.009424272195391992,0.12446772443264564,27,297,324,revision,Margen de decisión reducido.
1,2848,backend,backend,cloud,True,0.8706884051377518,-0.7410731112518295,1.6117615163895813,24,401,425,aceptada,Predicción con evidencia suficiente.
1,1385,frontend,frontend,cloud,True,0.7377050323048335,-0.8056175450578802,1.5433225773627137,28,209,237,aceptada,Predicción con evidencia suficiente.
1,966,datascience,datascience,backend,True,1.5804483720182203,-1.3627765646923993,2.9432249367106196,21,255,276,aceptada,Predicción con evidencia suficiente.
1,496,backend,backend,cloud,True,0.3342293986625956,-0.7924421956907225,1.126671594353318,19,202,221,aceptada,Predicción con evidencia suficiente.
1,1382,frontend,frontend,backend,True,2.010853923033281,-1.293944965306431,3.304798888339712,33,363,396,aceptada,Predicción con evidencia suficiente.
1,447,frontend,frontend,backend,True,1.0185394692159724,-1.0802738821116464,2.098813351327619,21,299,320,aceptada,Predicción con evidencia suficiente.
1,3648,backend,backend,datascience,True,0.20067730044152043,-0.5378782043345746,0.738555504776095,25,257,282,aceptada,Predicción con evidencia suficiente.
1,2061,datascience,datascience,frontend,True,1.5254459075864548,-1.2881781942317572,2.813624101818212,37,330,367,aceptada,Predicción con evidencia suficiente.
1,2783,datascience,datascience,backend,True,1.4513961843689938,-1.2361741908460346,2.6875703752150284,39,369,408,aceptada,Predicción con evidencia suficiente.
1,1550,frontend,frontend,backend,True,-0.14701068575258505,-0.39861228025036016,0.2516015944977751,15,164,179,revision,Margen de decisión reducido.
1,3446,backend,backend,cloud,True,1.0463889582946089,-0.4400328099786224,1.4864217682732312,7,175,182,aceptada,Predicción con evidencia suficiente.
1,1279,frontend,frontend,backend,True,2.9265051368891255,-2.001848239486301,4.928353376375426,14,193,207,aceptada,Predicción con evidencia suficiente.
1,1584,backend,backend,frontend,True,0.7740929356348766,-0.7547686757431877,1.5288616113780642,34,238,272,aceptada,Predicción con evidencia suficiente.
1,4331,backend,frontend,backend,False,-0.010896049378366135,-0.28710110194674526,0.27620505256837913,14,217,231,revision,Margen de decisión reducido.
1,3792,datascience,datascience,backend,True,-0.003872982159330185,-0.44243443481727446,0.4385614526579443,30,262,292,revision,Margen de decisión reducido.
1,102,backend,backend,frontend,True,0.8083341309277609,-0.598229297109268,1.4065634280370287,19,216,235,aceptada,Predicción con evidencia suficiente.
1,3661,datascience,datascience,backend,True,1.8156192170427756,-1.2304418207123464,3.046061037755122,37,447,484,aceptada,Predicción con evidencia suficiente.
1,3872,frontend,frontend,datascience,True,0.4970622540799985,-0.6564484077860032,1.1535106618660018,15,192,207,aceptada,Predicción con evidencia suficiente.
1,3124,frontend,frontend,backend,True,1.112879511763819,-1.247974838623293,2.360854350387112,30,246,276,aceptada,Predicción con evidencia suficiente.
1,1663,frontend,frontend,backend,True,0.413855536532605,-0.45365749615089723,0.8675130326835022,37,395,432,aceptada,Predicción con evidencia suficiente.
1,2290,cloud,cloud,backend,True,0.22613527829425573,-0.3039369650834351,0.5300722433776908,25,417,442,revision,Margen de decisión reducido.
1,237,datascience,datascience,frontend,True,0.6256608908142606,-0.7904428423165057,1.4161037331307664,23,214,237,aceptada,Predicción con evidencia suficiente.
1,1335,backend,backend,frontend,True,-0.06795617376497087,-0.46987611144715846,0.4019199376821876,22,190,212,revision,Margen de decisión reducido.
1,2755,cloud,backend,cloud,False,-0.1238038155940977,-0.46856984109915867,0.34476602550506097,23,469,492,revision,Margen de decisión reducido.
1,4508,cloud,datascience,cloud,False,0.284863639781317,-0.6729630600915328,0.9578266998728499,15,189,204,aceptada,Predicción con evidencia suficiente.
1,8,frontend,cloud,frontend,False,-0.2796577328596226,-0.4403498886854389,0.1606921558258163,16,203,219,revision,Margen de decisión reducido.
1,2309,cloud,cloud,backend,True,0.4442489938677755,-0.786741473475487,1.2309904673432626,10,233,243,aceptada,Predicción con evidencia suficiente.
1,2463,datascience,datascience,frontend,True,1.6838716785131718,-1.018788237605625,2.7026599161187965,34,292,326,aceptada,Predicción con evidencia suficiente.
1,2256,backend,backend,datascience,True,0.3159230891567383,-0.5996371194820638,0.915560208638802,22,244,266,aceptada,Predicción con evidencia suficiente.
1,4219,backend,cloud,frontend,False,0.838890621947966,-1.043782457711146,1.8826730796591122,17,222,239,aceptada,Predicción con evidencia suficiente.
1,1963,cloud,cloud,backend,True,0.5332334354220799,-0.6402256746226449,1.1734591100447247,24,272,296,aceptada,Predicción con evidencia suficiente.
1,495,backend,backend,frontend,True,0.1460174745912317,-0.3292548793342486,0.4752723539254803,28,226,254,revision,Margen de decisión reducido.
1,3301,frontend,frontend,backend,True,-0.19139700614822325,-0.2157767087676934,0.024379702619470145,31,262,293,revision,Margen de decisión reducido.
1,687,datascience,backend,cloud,False,-0.10738728941510112,-0.5015064851965594,0.39411919578145826,26,245,271,revision,Margen de decisión reducido.
1,3450,frontend,frontend,cloud,True,0.7150159203068283,-0.8761861393461836,1.5912020596530119,37,525,562,aceptada,Predicción con evidencia suficiente.
1,330,backend,backend,datascience,True,0.08012019524305503,-0.32885332499498754,0.40897352023804256,25,224,249,revision,Margen de decisión reducido.
1,243,datascience,datascience,backend,True,1.2642530261247975,-1.192961559369133,2.4572145854939302,35,312,347,aceptada,Predicción con evidencia suficiente.
1,3398,backend,backend,frontend,True,1.5026845957857091,-1.1392197223057072,2.6419043180914166,42,315,357,aceptada,Predicción con evidencia suficiente.
1,3261,datascience,datascience,backend,True,1.3855960531565281,-1.1999585069199632,2.585554560076491,25,313,338,aceptada,Predicción con evidencia suficiente.
1,1199,frontend,frontend,datascience,True,1.3221125953259678,-1.2631476273078406,2.585260222633808,17,214,231,aceptada,Predicción con evidencia suficiente.
1,908,datascience,datascience,cloud,True,0.9285837258543904,-0.7414726697386806,1.670056395593071,28,260,288,aceptada,Predicción con evidencia suficiente.
1,2234,backend,backend,cloud,True,0.10424478608886523,-0.6544847119762163,0.7587294980650815,27,287,314,aceptada,Predicción con evidencia suficiente.
1,2976,backend,cloud,frontend,False,0.4421572390730043,-0.47260422542025127,0.9147614644932556,23,386,409,aceptada,Predicción con evidencia suficiente.
1,3700,cloud,cloud,backend,True,2.6410840142600556,-1.7610813135932646,4.40216532785332,25,294,319,aceptada,Predicción con evidencia suficiente.
1,1829,cloud,cloud,frontend,True,-0.0959144154150865,-0.8662849811299634,0.7703705657148769,14,216,230,aceptada,Predicción con evidencia suficiente.
1,4348,backend,frontend,backend,False,-0.06657886336070687,-0.29789599766014424,0.23131713429943737,19,159,178,revision,Margen de decisión reducido.
1,1087,datascience,datascience,frontend,True,1.0007174370614904,-0.9959509999459315,1.996668437007422,14,209,223,aceptada,Predicción con evidencia suficiente.
1,1301,backend,backend,frontend,True,0.1514461863365757,-0.5357472954380283,0.687193481774604,26,322,348,aceptada,Predicción con evidencia suficiente.
1,234,backend,backend,cloud,True,0.31840599944746517,-0.6618105603564844,0.9802165598039496,22,225,247,aceptada,Predicción con evidencia suficiente.
1,68,frontend,frontend,backend,True,0.2579791567917621,-0.11082587640069719,0.3688050331924593,32,361,393,revision,Margen de decisión reducido.
1,1328,backend,backend,frontend,True,1.4251362135676175,-0.9553056284906238,2.380441842058241,40,301,341,aceptada,Predicción con evidencia suficiente.
1,2811,datascience,datascience,backend,True,0.9587502072259425,-0.9686704823857877,1.92742068961173,32,330,362,aceptada,Predicción con evidencia suficiente.
1,4491,cloud,cloud,frontend,True,1.2127069038082907,-1.2194915827455302,2.432198486553821,25,156,181,aceptada,Predicción con evidencia suficiente.
1,2923,frontend,backend,cloud,False,-0.18309579323489622,-0.33369832085478557,0.15060252761988935,0,112,112,revision,Margen de decisión reducido.
1,2562,frontend,frontend,cloud,True,1.3942688230642937,-1.3024442975210526,2.696713120585346,15,192,207,aceptada,Predicción con evidencia suficiente.
1,4285,frontend,frontend,cloud,True,0.1881136919650423,-0.7395862002873296,0.9276998922523718,43,283,326,aceptada,Predicción con evidencia suficiente.
1,613,backend,backend,frontend,True,0.5120495018607744,-0.9497942557951577,1.4618437576559322,32,308,340,aceptada,Predicción con evidencia suficiente.
1,3279,backend,backend,datascience,True,0.5145639257076654,-0.6455981542484113,1.1601620799560766,43,389,432,aceptada,Predicción con evidencia suficiente.
1,2683,frontend,frontend,cloud,True,1.7918897334376196,-0.9760170807868149,2.7679068142244345,16,269,285,aceptada,Predicción con evidencia suficiente.
1,4365,frontend,frontend,datascience,True,1.5565714232024712,-1.0966006228571012,2.6531720460595727,31,376,407,aceptada,Predicción con evidencia suficiente.
1,2492,backend,backend,frontend,True,0.7796374873318356,-0.4205655166506035,1.200203003982439,30,342,372,aceptada,Predicción con evidencia suficiente.
1,1966,backend,backend,frontend,True,1.423316339944225,-0.9125047254289896,2.3358210653732145,28,369,397,aceptada,Predicción con evidencia suficiente.
1,715,datascience,frontend,datascience,False,-0.2884291326131995,-0.3827944744434624,0.09436534183026285,30,288,318,revision,Margen de decisión reducido.
1,4468,cloud,cloud,backend,True,0.5549873993005648,-0.48783902571619087,1.0428264250167558,36,280,316,aceptada,Predicción con evidencia suficiente.
1,413,backend,backend,frontend,True,0.22510648653661247,-0.48431420662634694,0.7094206931629594,33,322,355,aceptada,Predicción con evidencia suficiente.
1,1166,frontend,frontend,cloud,True,0.5191677193845796,-0.6807876756885748,1.1999553950731543,33,321,354,aceptada,Predicción con evidencia suficiente.
1,4521,datascience,datascience,frontend,True,1.2552054043366154,-0.4136349639935705,1.668840368330186,39,477,516,aceptada,Predicción con evidencia suficiente.
1,2152,cloud,cloud,backend,True,-0.28666646902992576,-0.3133528197961088,0.02668635076618303,20,194,214,revision,Margen de decisión reducido.
1,1392,frontend,frontend,backend,True,0.7481200735258484,-0.9228684727653205,1.6709885462911689,32,354,386,aceptada,Predicción con evidencia suficiente.
1,1847,datascience,datascience,frontend,True,0.9841335230793314,-0.4344898443423153,1.4186233674216466,21,204,225,aceptada,Predicción con evidencia suficiente.
1,2622,cloud,cloud,datascience,True,1.6106738275794403,-1.3536468699647568,2.9643206975441974,32,441,473,aceptada,Predicción con evidencia suficiente.
1,849,frontend,frontend,backend,True,0.5500513483300489,-0.16798429533125148,0.7180356436613003,15,126,141,revision,Cobertura reducida de características.
1,2618,frontend,frontend,backend,True,0.02967816716859184,-0.5270515719944104,0.5567297391630023,18,251,269,revision,Margen de decisión reducido.
1,3519,cloud,cloud,datascience,True,2.2850114166048927,-1.532540334950858,3.817551751555751,32,227,259,aceptada,Predicción con evidencia suficiente.
1,1031,backend,backend,frontend,True,2.5049781749355047,-1.6864694979113157,4.19144767284682,39,288,327,aceptada,Predicción con evidencia suficiente.
1,410,backend,backend,frontend,True,1.5606578394369772,-0.8228431320288633,2.3835009714658404,28,303,331,aceptada,Predicción con evidencia suficiente.
1,3431,frontend,frontend,backend,True,1.9690278456813195,-1.2114763107539477,3.1805041564352674,25,316,341,aceptada,Predicción con evidencia suficiente.
1,3957,cloud,cloud,backend,True,0.5889400965047843,-0.7997594811858645,1.3886995776906488,22,298,320,aceptada,Predicción con evidencia suficiente.
1,3575,backend,backend,frontend,True,-0.18190917573441867,-0.3021915714832299,0.12028239574881122,18,334,352,revision,Margen de decisión reducido.
1,928,cloud,cloud,frontend,True,1.4135927020927763,-1.2604614958179052,2.6740541979106816,25,157,182,aceptada,Predicción con evidencia suficiente.
1,4327,cloud,cloud,datascience,True,1.1597614007899852,-1.089837285476713,2.2495986862666983,34,244,278,aceptada,Predicción con evidencia suficiente.
1,3524,cloud,cloud,frontend,True,1.2723632887092453,-1.2515752962602054,2.523938584969451,24,154,178,revision,Cobertura reducida de características.
1,424,datascience,backend,datascience,False,-0.052384071166305946,-0.37644314325060746,0.3240590720843015,34,311,345,revision,Margen de decisión reducido.
1,2100,datascience,datascience,frontend,True,1.0398760750807807,-1.0831441523516865,2.123020227432467,17,263,280,aceptada,Predicción con evidencia suficiente.
1,4280,backend,backend,frontend,True,1.1149903239502743,-1.0117873363777594,2.1267776603280337,35,231,266,aceptada,Predicción con evidencia suficiente.
1,2231,cloud,backend,frontend,False,-0.4249780769438772,-0.4630674405536771,0.03808936360979992,3,2,5,revision,Margen de decisión reducido.
1,1968,cloud,datascience,cloud,False,0.2595191971595364,-0.37870736648472625,0.6382265636442627,23,268,291,revision,Margen de decisión reducido.
1,3578,cloud,cloud,frontend,True,0.459529067707786,-0.8292400509343313,1.2887691186421173,31,320,351,aceptada,Predicción con evidencia suficiente.
1,1119,datascience,datascience,backend,True,1.14542395265146,-1.3658353739324074,2.5112593265838674,26,237,263,aceptada,Predicción con evidencia suficiente.
1,1190,cloud,cloud,frontend,True,2.553109579656986,-1.5044979671713028,4.057607546828288,42,250,292,aceptada,Predicción con evidencia suficiente.
1,1487,datascience,datascience,frontend,True,1.6004598013981113,-1.4206572524511607,3.021117053849272,37,362,399,aceptada,Predicción con evidencia suficiente.
1,4173,cloud,cloud,datascience,True,0.5319245474553448,-0.7904290752155448,1.3223536226708896,30,327,357,aceptada,Predicción con evidencia suficiente.
1,4273,datascience,datascience,cloud,True,1.5235661459659324,-1.123781781087745,2.6473479270536773,36,369,405,aceptada,Predicción con evidencia suficiente.
1,1733,frontend,frontend,datascience,True,0.8368892209644543,-0.8059088667210833,1.6427980876855375,29,383,412,aceptada,Predicción con evidencia suficiente.
1,2941,cloud,cloud,datascience,True,0.40122277882208046,-0.561670719633364,0.9628934984554445,31,299,330,aceptada,Predicción con evidencia suficiente.
1,3168,backend,backend,frontend,True,0.32227980005292045,-0.29267165706945975,0.6149514571223802,27,321,348,revision,Margen de decisión reducido.
1,4487,backend,backend,frontend,True,0.6850686966576817,-0.5927682477213766,1.2778369443790583,32,296,328,aceptada,Predicción con evidencia suficiente.
1,1581,backend,frontend,cloud,False,0.22453244174843068,-0.295820017059261,0.5203524588076917,13,158,171,revision,Margen de decisión reducido.
1,378,datascience,datascience,backend,True,0.2146963735497026,0.05858944008504019,0.15610693346466242,31,312,343,revision,Margen de decisión reducido.
1,2286,frontend,frontend,backend,True,1.1494008377175517,-1.015419001554581,2.1648198392721327,8,149,157,revision,Cobertura reducida de características.
1,4563,frontend,frontend,backend,True,1.2134295616914628,-1.129226368862283,2.3426559305537458,17,214,231,aceptada,Predicción con evidencia suficiente.
1,1055,cloud,backend,frontend,False,-0.07772685147919356,-0.6825563911265247,0.6048295396473311,34,313,347,revision,Margen de decisión reducido.
1,865,cloud,cloud,datascience,True,0.8145604376652166,-0.6900127244139148,1.5045731620791314,35,312,347,aceptada,Predicción con evidencia suficiente.
1,3202,cloud,cloud,backend,True,1.941745915535503,-1.2118377575176797,3.1535836730531828,37,282,319,aceptada,Predicción con evidencia suficiente.
1,3024,datascience,datascience,frontend,True,1.0514077561960247,-1.0444043646416001,2.095812120837625,35,353,388,aceptada,Predicción con evidencia suficiente.
1,3580,frontend,frontend,cloud,True,0.8493641464676058,-0.9480725717884296,1.7974367182560353,8,161,169,revision,Cobertura reducida de características.
1,3292,datascience,datascience,frontend,True,1.574322236639274,-1.3310593328398366,2.9053815694791103,23,220,243,aceptada,Predicción con evidencia suficiente.
1,3576,datascience,cloud,datascience,False,-0.05702061016642923,-0.08570469541723624,0.028684085250807012,27,367,394,revision,Margen de decisión reducido.
1,4085,cloud,backend,frontend,False,-0.06719873682966981,-0.46286689488406335,0.39566815805439354,20,362,382,revision,Margen de decisión reducido.
1,1969,backend,backend,datascience,True,0.08864871376669603,-0.36784810813302493,0.45649682189972096,23,236,259,revision,Margen de decisión reducido.
1,532,frontend,frontend,cloud,True,1.1886791049404264,-1.0509628962063466,2.2396420011467733,20,307,327,aceptada,Predicción con evidencia suficiente.
1,3736,cloud,cloud,frontend,True,1.240862094390328,-1.187540207620935,2.428402302011263,27,160,187,aceptada,Predicción con evidencia suficiente.
1,4479,backend,backend,datascience,True,-0.051874225687316367,-0.35352074508636633,0.30164651939904996,26,209,235,revision,Margen de decisión reducido.
1,1762,frontend,frontend,datascience,True,0.4401077812690595,-0.48059839868225845,0.9207061799513179,20,242,262,aceptada,Predicción con evidencia suficiente.
1,1116,frontend,frontend,datascience,True,0.34223837757728126,-0.828635556404439,1.1708739339817202,21,266,287,aceptada,Predicción con evidencia suficiente.
1,1183,cloud,cloud,datascience,True,0.8482922589473739,-0.7960792454756095,1.6443715044229834,34,338,372,aceptada,Predicción con evidencia suficiente.
1,3581,backend,backend,datascience,True,1.0212948170820337,-1.091456418562116,2.11275123564415,22,285,307,aceptada,Predicción con evidencia suficiente.
1,2153,frontend,frontend,backend,True,0.5990141341256694,-0.6879864084244455,1.287000542550115,34,249,283,aceptada,Predicción con evidencia suficiente.
1,198,cloud,cloud,frontend,True,0.5477694929196574,-0.8383887032238115,1.386158196143469,33,276,309,aceptada,Predicción con evidencia suficiente.
1,440,frontend,frontend,backend,True,0.4321701867439566,-0.3013110538737158,0.7334812406176724,18,270,288,aceptada,Predicción con evidencia suficiente.
1,2506,datascience,datascience,cloud,True,1.2472853200918235,-0.7279080675836396,1.975193387675463,32,313,345,aceptada,Predicción con evidencia suficiente.
1,2005,frontend,backend,frontend,False,0.3539373231113728,-0.38694644266450057,0.7408837657758733,19,328,347,aceptada,Predicción con evidencia suficiente.
1,308,backend,backend,cloud,True,0.09470012194996091,-0.7933479391274303,0.8880480610773912,21,253,274,aceptada,Predicción con evidencia suficiente.
1,3605,datascience,datascience,backend,True,1.7892643170410492,-1.3687508388961698,3.158015155937219,23,215,238,aceptada,Predicción con evidencia suficiente.
1,3609,cloud,cloud,backend,True,-0.3874798885733359,-0.5263067424567041,0.13882685388336818,26,249,275,revision,Margen de decisión reducido.
1,2705,cloud,cloud,datascience,True,1.0171405111863678,-1.1266606896037452,2.1438012007901133,14,139,153,revision,Cobertura reducida de características.
1,3817,frontend,frontend,backend,True,0.6125200672923067,-0.7672938503943866,1.3798139176866933,22,161,183,aceptada,Predicción con evidencia suficiente.
1,4113,cloud,datascience,cloud,False,-0.10719141087496864,-0.5023366496606995,0.3951452387857308,27,190,217,revision,Margen de decisión reducido.
1,2672,cloud,backend,frontend,False,-0.21428778527559433,-0.240287130727736,0.025999345452141664,21,311,332,revision,Margen de decisión reducido.
1,983,datascience,datascience,frontend,True,1.3859863670068147,-1.2807554110049852,2.6667417780118,24,235,259,aceptada,Predicción con evidencia suficiente.
1,1907,datascience,datascience,backend,True,0.14001731925267602,-0.7486771612032183,0.8886944804558943,34,318,352,aceptada,Predicción con evidencia suficiente.
1,3121,datascience,datascience,frontend,True,0.8415944828718874,-0.6223791755922075,1.463973658464095,32,245,277,aceptada,Predicción con evidencia suficiente.
1,4509,backend,backend,frontend,True,1.2973256140389489,-1.0710540044926855,2.3683796185316344,18,220,238,aceptada,Predicción con evidencia suficiente.
1,1052,frontend,frontend,cloud,True,2.503631663676546,-1.3210458500481268,3.824677513724673,12,159,171,revision,Cobertura reducida de características.
1,4359,datascience,datascience,cloud,True,1.5751262492527194,-1.0817275001823619,2.656853749435081,43,409,452,aceptada,Predicción con evidencia suficiente.
1,2330,datascience,datascience,backend,True,1.8608211583791898,-1.4441589883493007,3.3049801467284903,23,202,225,aceptada,Predicción con evidencia suficiente.
1,2782,backend,cloud,frontend,False,-0.10243663684712256,-0.4835774631439458,0.3811408262968232,4,201,205,revision,Margen de decisión reducido.
1,941,cloud,cloud,frontend,True,0.1540895093570268,-0.552639186604347,0.7067286959613738,25,188,213,aceptada,Predicción con evidencia suficiente.
1,1896,backend,frontend,datascience,False,-0.4504983000166201,-0.5314363112799874,0.08093801126336725,34,385,419,revision,Margen de decisión reducido.
1,1742,datascience,datascience,frontend,True,1.3672391039885268,-1.1794225736419346,2.5466616776304614,26,221,247,aceptada,Predicción con evidencia suficiente.
1,2534,datascience,datascience,frontend,True,1.477123346417022,-1.1156944722929918,2.5928178187100137,20,259,279,aceptada,Predicción con evidencia suficiente.
1,362,frontend,frontend,cloud,True,0.4239149982279893,0.029573262122714605,0.3943417361052747,17,234,251,revision,Margen de decisión reducido.
1,1533,datascience,datascience,backend,True,1.3090790728458868,-1.4155805639072228,2.7246596367531097,33,362,395,aceptada,Predicción con evidencia suficiente.
1,4289,datascience,frontend,datascience,False,-0.06988665011686371,-0.20381459734683105,0.13392794722996734,19,358,377,revision,Margen de decisión reducido.
1,2793,cloud,cloud,backend,True,0.252584243192961,-0.41945622266626303,0.6720404658592241,20,216,236,aceptada,Predicción con evidencia suficiente.
1,4385,frontend,frontend,backend,True,0.4712355524452396,-0.5656781832131883,1.036913735658428,30,244,274,aceptada,Predicción con evidencia suficiente.
1,720,backend,backend,cloud,True,1.3780143073455884,-1.0598052289999984,2.437819536345587,31,359,390,aceptada,Predicción con evidencia suficiente.
1,827,datascience,datascience,frontend,True,0.7421745771800615,-0.8720061404639107,1.6141807176439722,36,353,389,aceptada,Predicción con evidencia suficiente.
1,844,cloud,backend,datascience,False,-0.04059442873881902,-0.2298618914260233,0.1892674626872043,24,277,301,revision,Margen de decisión reducido.
1,2631,cloud,cloud,frontend,True,0.28086995363609135,-0.6243866182117355,0.9052565718478268,30,351,381,aceptada,Predicción con evidencia suficiente.
1,523,frontend,frontend,backend,True,1.0296991912723958,-0.9832263177366716,2.0129255090090674,26,262,288,aceptada,Predicción con evidencia suficiente.
1,2003,backend,backend,cloud,True,1.1005005498649103,-0.8580867044110515,1.9585872542759617,37,393,430,aceptada,Predicción con evidencia suficiente.
1,1786,frontend,frontend,backend,True,2.092136436628116,-1.3871528451616575,3.4792892817897734,16,277,293,aceptada,Predicción con evidencia suficiente.
1,3485,cloud,cloud,datascience,True,1.1755488832407228,-0.7024565735132512,1.8780054567539741,36,327,363,aceptada,Predicción con evidencia suficiente.
1,4060,cloud,cloud,frontend,True,1.808581480599583,-1.1032261512495327,2.9118076318491157,27,324,351,aceptada,Predicción con evidencia suficiente.
1,3758,frontend,frontend,cloud,True,1.8551604079480117,-1.4592763364885504,3.314436744436562,35,296,331,aceptada,Predicción con evidencia suficiente.
1,2557,cloud,cloud,frontend,True,0.20116045709260677,-0.7301550400389565,0.9313154971315633,24,235,259,aceptada,Predicción con evidencia suficiente.
1,301,backend,backend,datascience,True,1.6871372557148443,-1.2060459998729627,2.893183255587807,24,263,287,aceptada,Predicción con evidencia suficiente.
1,2008,backend,backend,frontend,True,0.7973644481116703,-0.698954787133232,1.4963192352449024,26,270,296,aceptada,Predicción con evidencia suficiente.
1,1949,cloud,cloud,frontend,True,1.979708963106205,-1.5693184634238477,3.5490274265300528,15,201,216,aceptada,Predicción con evidencia suficiente.
1,3457,frontend,cloud,frontend,False,-0.00883583774517005,-0.11495746781904873,0.10612163007387868,9,193,202,revision,Margen de decisión reducido.
1,993,frontend,frontend,datascience,True,1.6335260888700942,-1.2775412781772288,2.9110673670473233,24,224,248,aceptada,Predicción con evidencia suficiente.
1,891,datascience,datascience,frontend,True,1.1211909957925803,-0.9388831623033401,2.0600741580959205,27,332,359,aceptada,Predicción con evidencia suficiente.
1,2988,backend,frontend,backend,False,0.11132659411794205,-0.19934061429055205,0.3106672084084941,35,339,374,revision,Margen de decisión reducido.
1,805,datascience,datascience,frontend,True,1.3933090707920068,-1.3342253690548151,2.727534439846822,25,223,248,aceptada,Predicción con evidencia suficiente.
1,4341,datascience,datascience,cloud,True,-0.1058308475340819,-0.284884354881059,0.17905350734697711,10,207,217,revision,Margen de decisión reducido.
1,4543,cloud,cloud,frontend,True,0.5322297665218286,-1.0735916573670212,1.60582142388885,25,258,283,aceptada,Predicción con evidencia suficiente.
1,4026,datascience,datascience,cloud,True,2.0731859484453707,-1.4156364313807939,3.4888223798261646,29,302,331,aceptada,Predicción con evidencia suficiente.
1,3528,cloud,cloud,frontend,True,0.8932571815626905,-0.718704589748403,1.6119617713110936,34,368,402,aceptada,Predicción con evidencia suficiente.
1,4029,backend,backend,datascience,True,0.8924486006039675,-0.9857976745673158,1.8782462751712834,32,347,379,aceptada,Predicción con evidencia suficiente.
1,268,frontend,backend,frontend,False,0.5595551517995435,-0.36726787578277675,0.9268230275823203,31,303,334,aceptada,Predicción con evidencia suficiente.
1,3625,frontend,frontend,cloud,True,0.4062825212160085,-0.780353708911107,1.1866362301271156,31,452,483,aceptada,Predicción con evidencia suficiente.
1,285,frontend,frontend,cloud,True,1.2315981468164963,-1.0812535475597196,2.312851694376216,14,165,179,aceptada,Predicción con evidencia suficiente.
1,2752,datascience,datascience,backend,True,1.6790553200425258,-1.3290043628462231,3.008059682888749,23,207,230,aceptada,Predicción con evidencia suficiente.
1,3753,frontend,frontend,backend,True,0.7965172690528639,-0.2572742628338615,1.0537915318867255,14,251,265,aceptada,Predicción con evidencia suficiente.
1,3562,backend,backend,cloud,True,0.8063318940702665,-0.6085200080680719,1.4148519021383383,24,263,287,aceptada,Predicción con evidencia suficiente.
1,1123,datascience,datascience,cloud,True,0.9793629401316458,-0.5808709419214917,1.5602338820531374,32,302,334,aceptada,Predicción con evidencia suficiente.
1,1895,datascience,datascience,backend,True,0.47802757659168094,-0.4730765545746988,0.9511041311663797,23,239,262,aceptada,Predicción con evidencia suficiente.
1,2014,cloud,cloud,backend,True,0.6971696755168869,-0.8990257064098157,1.5961953819267025,10,129,139,revision,Cobertura reducida de características.
1,1432,cloud,cloud,backend,True,1.2600800615307008,-0.9368876415470697,2.1969677030777706,13,198,211,aceptada,Predicción con evidencia suficiente.
1,688,cloud,cloud,frontend,True,0.13196945318080033,-0.38703094310031416,0.5190003962811145,29,293,322,revision,Margen de decisión reducido.
1,1496,frontend,frontend,cloud,True,0.40421865509473,-0.8432318710073716,1.2474505261021016,33,235,268,aceptada,Predicción con evidencia suficiente.
1,4558,cloud,backend,cloud,False,0.27277999952066356,-0.3165204912875229,0.5893004908081865,15,225,240,revision,Margen de decisión reducido.
1,2844,cloud,cloud,datascience,True,1.5336614538751832,-0.9096157370658563,2.4432771909410396,35,313,348,aceptada,Predicción con evidencia suficiente.
1,1695,frontend,cloud,backend,False,-0.3628644427717603,-0.5451443484302643,0.182279905658504,13,184,197,revision,Margen de decisión reducido.
1,310,cloud,cloud,frontend,True,1.2412876041461045,-1.1413008661573487,2.382588470303453,23,155,178,revision,Cobertura reducida de características.
1,2877,datascience,datascience,backend,True,1.16801615651773,-1.0127015543863653,2.180717710904095,44,335,379,aceptada,Predicción con evidencia suficiente.
1,2794,datascience,frontend,backend,False,-0.2523215439251728,-0.42859953660199174,0.17627799267681893,20,336,356,revision,Margen de decisión reducido.
1,3960,frontend,frontend,cloud,True,0.9732155431445804,-0.9703397605807338,1.9435553037253142,21,270,291,aceptada,Predicción con evidencia suficiente.
1,4123,frontend,backend,frontend,False,0.11617098264660597,-0.27300426509664627,0.38917524774325224,35,298,333,revision,Margen de decisión reducido.
1,551,datascience,datascience,frontend,True,0.864892788480306,-0.9276248332894605,1.7925176217697665,26,365,391,aceptada,Predicción con evidencia suficiente.
1,74,backend,cloud,backend,False,0.06831658651669836,-0.02720795897274475,0.09552454548944311,33,285,318,revision,Margen de decisión reducido.
1,153,cloud,cloud,datascience,True,2.460564781320958,-1.5237535236703965,3.9843183049913544,33,237,270,aceptada,Predicción con evidencia suficiente.
1,3985,datascience,backend,frontend,False,0.0010725165361529232,-0.7966873704200259,0.7977598869561788,26,316,342,aceptada,Predicción con evidencia suficiente.
1,2055,cloud,cloud,frontend,True,0.7864360843703347,-0.25253763643618116,1.038973720806516,16,188,204,aceptada,Predicción con evidencia suficiente.
1,1719,frontend,frontend,backend,True,0.888372691837761,-0.9815309761152157,1.8699036679529768,25,357,382,aceptada,Predicción con evidencia suficiente.
1,2510,frontend,frontend,datascience,True,1.0666289395583801,-1.0346055028242713,2.1012344423826512,30,310,340,aceptada,Predicción con evidencia suficiente.
1,3410,cloud,cloud,backend,True,0.1399321571745079,-0.5465739633341555,0.6865061205086634,35,298,333,aceptada,Predicción con evidencia suficiente.
1,2357,cloud,cloud,backend,True,0.6298958285061712,-1.000517530063176,1.630413358569347,26,264,290,aceptada,Predicción con evidencia suficiente.
1,1265,backend,backend,frontend,True,1.1556715050235988,-0.7964189185560602,1.952090423579659,27,298,325,aceptada,Predicción con evidencia suficiente.
1,2069,backend,backend,frontend,True,-0.154603032495791,-0.4011743521664699,0.2465713196706789,27,321,348,revision,Margen de decisión reducido.
1,830,cloud,cloud,backend,True,0.14466547293843168,-0.8140887908007547,0.9587542637391864,35,321,356,aceptada,Predicción con evidencia suficiente.
1,1523,datascience,datascience,cloud,True,1.332904447756884,-1.144159341399829,2.477063789156713,28,332,360,aceptada,Predicción con evidencia suficiente.
1,753,frontend,cloud,frontend,False,0.42301292850291905,-0.10269055897037171,0.5257034874732908,16,193,209,revision,Margen de decisión reducido.
1,3645,datascience,datascience,cloud,True,0.5970291592310665,-0.6857551055523763,1.2827842647834427,33,383,416,aceptada,Predicción con evidencia suficiente.
1,762,cloud,cloud,datascience,True,1.4599576416836686,-0.5529476768825262,2.0129053185661947,53,571,624,aceptada,Predicción con evidencia suficiente.
1,791,frontend,frontend,backend,True,0.7336846983658676,-0.26273958216771937,0.996424280533587,7,209,216,aceptada,Predicción con evidencia suficiente.
1,3331,datascience,datascience,backend,True,1.2120045482477146,-1.091918436225396,2.3039229844731106,25,281,306,aceptada,Predicción con evidencia suficiente.
1,4136,frontend,frontend,backend,True,0.22045416072367152,0.07594722196375736,0.14450693875991416,15,166,181,revision,Margen de decisión reducido.
1,3938,backend,cloud,frontend,False,-0.13953624649318241,-0.40429478655932105,0.26475854006613864,31,332,363,revision,Margen de decisión reducido.
1,2216,cloud,backend,frontend,False,-0.09475793347828143,-0.5443441860535667,0.4495862525752853,27,281,308,revision,Margen de decisión reducido.
1,785,frontend,frontend,cloud,True,1.0699233023419066,-0.3490996774786095,1.419022979820516,13,185,198,aceptada,Predicción con evidencia suficiente.
1,1023,backend,cloud,backend,False,-0.06882502549397229,-0.5367488611374538,0.4679238356434815,25,326,351,revision,Margen de decisión reducido.
1,2638,datascience,datascience,backend,True,1.3112848397804635,-1.1955541910835574,2.506839030864021,17,263,280,aceptada,Predicción con evidencia suficiente.
1,3530,frontend,backend,frontend,False,-0.09190381022209115,-0.3049304712675538,0.21302666104546264,29,373,402,revision,Margen de decisión reducido.
1,868,cloud,cloud,frontend,True,0.30531372465653417,-0.5079972782075283,0.8133110028640624,26,329,355,aceptada,Predicción con evidencia suficiente.
1,3040,cloud,cloud,backend,True,0.47693924056996007,-0.08753450806864738,0.5644737486386074,37,326,363,revision,Margen de decisión reducido.
1,955,datascience,datascience,cloud,True,1.9048746779353753,-1.1445092898508475,3.049383967786223,33,280,313,aceptada,Predicción con evidencia suficiente.
1,327,backend,backend,cloud,True,0.9326282012728179,-0.8302694843139947,1.7628976855868126,16,254,270,aceptada,Predicción con evidencia suficiente.
1,1462,cloud,cloud,backend,True,0.3060556637473949,-0.41170273481523817,0.717758398562633,34,572,606,aceptada,Predicción con evidencia suficiente.
1,4551,datascience,datascience,cloud,True,2.0720021525455143,-1.5167489360062616,3.588751088551776,23,407,430,aceptada,Predicción con evidencia suficiente.
1,942,cloud,cloud,datascience,True,2.277480053211038,-1.4116318041250309,3.689111857336069,21,384,405,aceptada,Predicción con evidencia suficiente.
1,2730,backend,backend,datascience,True,0.2897951019909236,-0.46680667466549325,0.7566017766564168,38,309,347,aceptada,Predicción con evidencia suficiente.
1,1606,cloud,cloud,backend,True,0.9900379856688465,-1.0059416973976822,1.9959796830665288,29,211,240,aceptada,Predicción con evidencia suficiente.
1,1396,backend,backend,frontend,True,0.4956829173666769,-0.6657058877167926,1.1613888050834695,32,241,273,aceptada,Predicción con evidencia suficiente.
1,2960,cloud,cloud,datascience,True,0.7707917018957496,-0.7322803369395376,1.5030720388352874,24,260,284,aceptada,Predicción con evidencia suficiente.
1,2239,backend,backend,datascience,True,0.44057221794906043,-0.6677626466009513,1.1083348645500117,7,134,141,revision,Cobertura reducida de características.
1,886,backend,backend,cloud,True,1.1935774588396684,-0.9230336329578306,2.116611091797499,10,278,288,aceptada,Predicción con evidencia suficiente.
1,475,backend,frontend,datascience,False,-0.25659630270610967,-0.6616824477832712,0.40508614507716156,28,248,276,revision,Margen de decisión reducido.
1,3205,cloud,cloud,datascience,True,0.17688018217877488,-0.7675673673969373,0.9444475495757122,22,266,288,aceptada,Predicción con evidencia suficiente.
1,2118,frontend,frontend,cloud,True,0.29583919952038595,-0.10213321169346479,0.39797241121385074,31,289,320,revision,Margen de decisión reducido.
1,2890,frontend,frontend,cloud,True,1.2947482409617528,-1.2086603923142727,2.5034086332760257,29,336,365,aceptada,Predicción con evidencia suficiente.
1,2839,backend,backend,frontend,True,1.2846803967977487,-1.2925027791115897,2.5771831759093384,38,294,332,aceptada,Predicción con evidencia suficiente.
1,788,frontend,frontend,backend,True,1.677246738650161,-1.2916112447748866,2.968857983425048,13,199,212,aceptada,Predicción con evidencia suficiente.
1,1718,cloud,backend,cloud,False,-0.4265143907540445,-0.5410835064436247,0.11456911568958017,15,191,206,revision,Margen de decisión reducido.
1,1976,datascience,datascience,frontend,True,1.1684246422722895,-0.9694958310450316,2.137920473317321,31,294,325,aceptada,Predicción con evidencia suficiente.
1,4133,backend,backend,frontend,True,1.4242808005279333,-1.1706657241149632,2.5949465246428964,42,304,346,aceptada,Predicción con evidencia suficiente.
1,4258,cloud,cloud,backend,True,1.027517732974351,-0.9359493075194536,1.9634670404938046,33,250,283,aceptada,Predicción con evidencia suficiente.
1,2789,backend,backend,datascience,True,0.4022695573901599,-0.7630883233610003,1.1653578807511602,44,328,372,aceptada,Predicción con evidencia suficiente.
1,342,datascience,datascience,backend,True,1.3054877336916917,-1.144164326700928,2.4496520603926197,22,295,317,aceptada,Predicción con evidencia suficiente.
1,852,cloud,datascience,cloud,False,-0.3372164136563116,-0.5118404822733053,0.17462406861699364,24,284,308,revision,Margen de decisión reducido.
1,4416,backend,backend,frontend,True,0.3363522055493279,-0.43196449297871176,0.7683166985280396,37,316,353,aceptada,Predicción con evidencia suficiente.
1,1075,backend,backend,cloud,True,1.0851117674574469,-1.0093513022356353,2.094463069693082,18,300,318,aceptada,Predicción con evidencia suficiente.
1,1262,cloud,cloud,frontend,True,0.23122748303077223,-0.8047696905590122,1.0359971735897844,21,340,361,aceptada,Predicción con evidencia suficiente.
1,3092,frontend,frontend,backend,True,2.0240516119184653,-1.3786856582364249,3.40273727015489,30,281,311,aceptada,Predicción con evidencia suficiente.
1,1965,frontend,frontend,datascience,True,1.336739711868354,-0.8627623220693313,2.1995020339376854,29,272,301,aceptada,Predicción con evidencia suficiente.
1,3943,cloud,cloud,frontend,True,1.702544654009213,-0.5787643672666903,2.2813090212759035,32,253,285,aceptada,Predicción con evidencia suficiente.
1,1745,datascience,datascience,frontend,True,2.4107909662895497,-1.5030312301139832,3.913822196403533,19,215,234,aceptada,Predicción con evidencia suficiente.
1,721,datascience,datascience,backend,True,1.6617200319951326,-1.0521918929713745,2.7139119249665073,32,373,405,aceptada,Predicción con evidencia suficiente.
1,1957,datascience,datascience,backend,True,0.8829581614980836,-1.0558387478043696,1.9387969093024533,67,486,553,aceptada,Predicción con evidencia suficiente.
1,4281,backend,backend,frontend,True,0.32884565886664185,-0.6021637087934215,0.9310093676600634,7,123,130,revision,Cobertura reducida de características.
1,265,frontend,frontend,backend,True,0.7145552282141181,-0.25345455114492343,0.9680097793590415,31,223,254,aceptada,Predicción con evidencia suficiente.
1,3627,datascience,backend,datascience,False,-0.024640113588240253,-0.49980478691276364,0.4751646733245234,27,342,369,revision,Margen de decisión reducido.
1,4134,frontend,frontend,backend,True,0.44650458733020904,-0.8072214255360926,1.2537260128663017,12,181,193,aceptada,Predicción con evidencia suficiente.
1,3832,backend,frontend,backend,False,0.1779958806251674,-0.24239612993240817,0.4203920105575756,23,356,379,revision,Margen de decisión reducido.
1,157,cloud,cloud,datascience,True,0.10424233591963439,-0.8715583421116173,0.9758006780312517,38,272,310,aceptada,Predicción con evidencia suficiente.
1,2502,cloud,cloud,datascience,True,1.5379860655976723,-0.004866997668034112,1.5428530632657065,19,269,288,aceptada,Predicción con evidencia suficiente.
1,80,datascience,datascience,frontend,True,1.3302618231598768,-1.2728746353798714,2.6031364585397485,26,227,253,aceptada,Predicción con evidencia suficiente.
1,2661,cloud,cloud,frontend,True,0.2158911136165379,-0.010990647701348555,0.22688176131788645,32,399,431,revision,Margen de decisión reducido.
1,3734,frontend,frontend,backend,True,0.34036272347070895,-0.8232948315843911,1.1636575550551,13,122,135,revision,Cobertura reducida de características.
1,4252,cloud,cloud,frontend,True,1.517045038111403,-1.178453541315496,2.695498579426899,26,324,350,aceptada,Predicción con evidencia suficiente.
1,4527,datascience,datascience,frontend,True,1.400630894647715,-1.190223184500895,2.59085407914861,23,213,236,aceptada,Predicción con evidencia suficiente.
1,1197,datascience,datascience,frontend,True,1.8550821751469861,-1.4099992854872705,3.2650814606342564,25,221,246,aceptada,Predicción con evidencia suficiente.
1,3409,cloud,datascience,cloud,False,0.607705054736312,-0.13701549727279383,0.7447205520091058,21,257,278,aceptada,Predicción con evidencia suficiente.
1,2603,frontend,frontend,backend,True,0.5216317658682222,-0.5745186173133201,1.0961503831815422,31,249,280,aceptada,Predicción con evidencia suficiente.
1,3287,frontend,frontend,cloud,True,1.7722450512691912,-1.0295286564008408,2.8017737076700318,23,389,412,aceptada,Predicción con evidencia suficiente.
1,3397,backend,cloud,backend,False,0.10673120772549982,-0.3445657392023022,0.45129694692780203,22,327,349,revision,Margen de decisión reducido.
1,2204,frontend,frontend,cloud,True,1.9979775240060202,-1.4835275045511462,3.4815050285571667,21,184,205,aceptada,Predicción con evidencia suficiente.
1,2115,datascience,backend,datascience,False,-0.2857840669925784,-0.4822289027857153,0.19644483579313687,31,339,370,revision,Margen de decisión reducido.
1,3169,cloud,backend,cloud,False,0.42998846131455093,0.35317789669303445,0.07681056462151648,27,278,305,revision,Margen de decisión reducido.
1,1130,cloud,cloud,datascience,True,0.792492906898982,-1.025299983042723,1.817792889941705,28,193,221,aceptada,Predicción con evidencia suficiente.
1,4496,datascience,datascience,backend,True,0.8663312235635717,-0.567136423110993,1.4334676466745648,28,348,376,aceptada,Predicción con evidencia suficiente.
1,4472,cloud,cloud,datascience,True,2.8159042766058366,-1.3561591871201355,4.172063463725972,32,270,302,aceptada,Predicción con evidencia suficiente.
1,3705,backend,backend,frontend,True,1.4014250817652174,-0.9493760763890742,2.3508011581542916,19,389,408,aceptada,Predicción con evidencia suficiente.
1,1930,datascience,datascience,cloud,True,1.656317096557133,-1.0046105061435173,2.6609276027006503,29,278,307,aceptada,Predicción con evidencia suficiente.
1,1103,backend,backend,frontend,True,0.5787669998162789,-0.3969263622507559,0.9756933620670347,36,320,356,aceptada,Predicción con evidencia suficiente.
1,3319,backend,backend,frontend,True,0.5240519911434657,-0.6373697266526687,1.1614217177961343,37,329,366,aceptada,Predicción con evidencia suficiente.
1,71,backend,backend,cloud,True,0.9107681644338038,-0.9434972833434954,1.854265447777299,25,283,308,aceptada,Predicción con evidencia suficiente.
1,2493,datascience,backend,datascience,False,0.5253469998919235,-0.20411498762441505,0.7294619875163385,15,308,323,aceptada,Predicción con evidencia suficiente.
1,450,cloud,cloud,backend,True,0.2923790560546832,-0.05258510955842022,0.3449641656131034,21,235,256,revision,Margen de decisión reducido.
1,3171,backend,backend,frontend,True,1.2525663767115267,-0.9705627576288235,2.22312913434035,35,259,294,aceptada,Predicción con evidencia suficiente.
1,1250,cloud,cloud,backend,True,0.4302510927433124,-0.46716977258348147,0.8974208653267939,29,358,387,aceptada,Predicción con evidencia suficiente.
1,2285,backend,backend,frontend,True,0.6071551358675612,-0.4555847800081725,1.0627399158757336,15,231,246,aceptada,Predicción con evidencia suficiente.
1,2157,frontend,frontend,backend,True,0.7024479422219312,-1.1929970993401349,1.895445041562066,29,280,309,aceptada,Predicción con evidencia suficiente.
1,1464,frontend,frontend,datascience,True,0.13095445726540772,-0.489301218013228,0.6202556752786357,24,293,317,revision,Margen de decisión reducido.
1,2901,frontend,frontend,datascience,True,0.8123702730089488,-0.9146909443883454,1.7270612173972943,36,314,350,aceptada,Predicción con evidencia suficiente.
1,2059,datascience,datascience,frontend,True,1.5804835818150718,-0.9909655690816147,2.5714491508966866,18,225,243,aceptada,Predicción con evidencia suficiente.
1,525,datascience,datascience,backend,True,1.202954206907053,-1.0021815103182854,2.205135717225338,30,246,276,aceptada,Predicción con evidencia suficiente.
1,3945,frontend,frontend,backend,True,0.9833507028552564,-0.5648860462020577,1.5482367490573141,24,371,395,aceptada,Predicción con evidencia suficiente.
1,2294,frontend,frontend,datascience,True,1.0276683986383128,-0.728589070966235,1.7562574696045479,21,227,248,aceptada,Predicción con evidencia suficiente.
1,4031,frontend,frontend,datascience,True,2.2607748963115517,-1.6266475063785466,3.887422402690098,12,206,218,aceptada,Predicción con evidencia suficiente.
1,2414,cloud,cloud,frontend,True,1.0928247102765547,-1.0819906666757666,2.1748153769523215,25,156,181,aceptada,Predicción con evidencia suficiente.
1,1876,cloud,cloud,backend,True,0.9879137922145708,-0.817174850109164,1.8050886423237347,24,176,200,aceptada,Predicción con evidencia suficiente.
1,3539,frontend,frontend,backend,True,1.008156917375047,-0.7409672412114767,1.7491241585865238,29,285,314,aceptada,Predicción con evidencia suficiente.
1,469,frontend,frontend,datascience,True,0.8030326660617362,-0.941373457085379,1.7444061231471153,13,265,278,aceptada,Predicción con evidencia suficiente.
1,3781,cloud,cloud,frontend,True,1.2405732838212855,-0.8523883000258498,2.0929615838471354,37,410,447,aceptada,Predicción con evidencia suficiente.
1,3508,cloud,cloud,frontend,True,0.6237511981639571,-0.8931803895059174,1.5169315876698746,34,406,440,aceptada,Predicción con evidencia suficiente.
1,1603,cloud,cloud,datascience,True,0.8967714984072576,-0.6375781924201896,1.5343496908274472,40,515,555,aceptada,Predicción con evidencia suficiente.
1,343,frontend,backend,datascience,False,0.5781405627272082,-0.38210305117288046,0.9602436139000886,29,331,360,aceptada,Predicción con evidencia suficiente.
1,338,cloud,cloud,backend,True,0.8720481833017827,-0.957508263201697,1.8295564465034797,19,238,257,aceptada,Predicción con evidencia suficiente.
1,2924,backend,backend,cloud,True,0.8037503820402522,-0.4701180819471503,1.2738684639874025,20,300,320,aceptada,Predicción con evidencia suficiente.
1,642,cloud,cloud,backend,True,0.9150021893169161,-1.0269565951689164,1.9419587844858324,22,377,399,aceptada,Predicción con evidencia suficiente.
1,465,backend,datascience,backend,False,0.19827160218788598,-0.11531210906430134,0.3135837112521873,36,312,348,revision,Margen de decisión reducido.
1,1447,backend,backend,cloud,True,0.8062128564637109,-0.8645362876213337,1.6707491440850446,35,366,401,aceptada,Predicción con evidencia suficiente.
1,3278,backend,backend,datascience,True,0.8014788058367516,-0.6617634708557973,1.463242276692549,34,352,386,aceptada,Predicción con evidencia suficiente.
1,2629,datascience,datascience,frontend,True,0.7029520247186339,-0.909456740089634,1.612408764808268,38,335,373,aceptada,Predicción con evidencia suficiente.
1,2394,datascience,datascience,frontend,True,1.5439173939816162,-1.3108522449906863,2.8547696389723027,28,222,250,aceptada,Predicción con evidencia suficiente.
1,3109,backend,backend,cloud,True,1.2426538175658024,-1.2108689417638052,2.4535227593296076,27,245,272,aceptada,Predicción con evidencia suficiente.
1,2880,frontend,frontend,backend,True,1.021364888239751,-0.9575586816262708,1.978923569866022,36,357,393,aceptada,Predicción con evidencia suficiente.
1,2429,cloud,cloud,frontend,True,1.76376268328023,-1.2004674386760077,2.9642301219562377,14,164,178,revision,Cobertura reducida de características.
1,986,backend,backend,datascience,True,-0.2456169672500529,-0.6002114544324645,0.3545944871824116,23,282,305,revision,Margen de decisión reducido.
1,1680,backend,backend,datascience,True,0.712374135011249,-0.6900428565748455,1.4024169915860947,20,304,324,aceptada,Predicción con evidencia suficiente.
1,3557,backend,frontend,cloud,False,0.29992374674914646,-0.6855664127611257,0.9854901595102722,9,148,157,revision,Cobertura reducida de características.
1,3056,frontend,cloud,frontend,False,0.2984960947480838,-0.37248831451081515,0.670984409258899,18,224,242,aceptada,Predicción con evidencia suficiente.
1,2753,backend,backend,cloud,True,-0.27283402445329097,-0.6120060244257003,0.3391719999724093,29,258,287,revision,Margen de decisión reducido.
1,1779,backend,backend,cloud,True,0.6709611376169976,-0.404479247232279,1.0754403848492766,18,297,315,aceptada,Predicción con evidencia suficiente.
1,1654,datascience,datascience,backend,True,1.3482492401431116,-1.1813243648291873,2.529573604972299,26,224,250,aceptada,Predicción con evidencia suficiente.
1,1572,backend,backend,frontend,True,1.9472831983311942,-0.7682819146807959,2.71556511301199,36,288,324,aceptada,Predicción con evidencia suficiente.
1,2840,datascience,cloud,datascience,False,-0.2719070762641449,-0.5508656127641356,0.2789585364999907,30,255,285,revision,Margen de decisión reducido.
1,3107,datascience,datascience,backend,True,1.4833607066951364,-1.0400863615199603,2.5234470682150967,33,345,378,aceptada,Predicción con evidencia suficiente.
1,1564,cloud,cloud,frontend,True,2.8100936079272842,-1.901510052448048,4.711603660375332,13,154,167,revision,Cobertura reducida de características.
1,392,frontend,backend,frontend,False,-0.036109913591581555,-0.4503828943682683,0.41427298077668673,19,307,326,revision,Margen de decisión reducido.
1,4186,frontend,frontend,backend,True,0.7463776451682242,-1.0373187955785772,1.7836964407468014,10,139,149,revision,Cobertura reducida de características.
1,1516,frontend,frontend,backend,True,0.879966785746896,-0.8126851122631786,1.6926518980100747,25,319,344,aceptada,Predicción con evidencia suficiente.
1,3493,datascience,datascience,backend,True,0.21328334765352486,-0.7538147680516385,0.9670981157051634,11,232,243,aceptada,Predicción con evidencia suficiente.
1,3978,datascience,datascience,cloud,True,1.5828776690934,-1.079806247567912,2.662683916661312,32,324,356,aceptada,Predicción con evidencia suficiente.
1,2295,backend,backend,datascience,True,2.299768445124201,-1.364591651214702,3.664360096338903,30,382,412,aceptada,Predicción con evidencia suficiente.
1,1679,frontend,frontend,cloud,True,0.20051036316543303,-0.4584520004547767,0.6589623636202098,24,224,248,aceptada,Predicción con evidencia suficiente.
1,3436,datascience,datascience,backend,True,-0.24277443435109314,-0.33623958272747995,0.09346514837638681,15,269,284,revision,Margen de decisión reducido.
1,3445,backend,frontend,backend,False,0.08567062130056124,-0.09897776853625295,0.1846483898368142,15,251,266,revision,Margen de decisión reducido.
1,633,datascience,datascience,frontend,True,1.3243926222755111,-1.2275109221059552,2.5519035443814664,27,211,238,aceptada,Predicción con evidencia suficiente.
1,2400,backend,backend,datascience,True,2.17878531047087,-1.194200829168549,3.372986139639419,28,378,406,aceptada,Predicción con evidencia suficiente.
1,3351,frontend,frontend,backend,True,0.8984243346414278,-0.9433368968497018,1.8417612314911296,12,138,150,revision,Cobertura reducida de características.
1,406,cloud,cloud,backend,True,1.2371300937413277,-0.7510755327515272,1.9882056264928547,29,286,315,aceptada,Predicción con evidencia suficiente.
1,3187,datascience,backend,frontend,False,-0.18102268565420487,-0.42944484889613416,0.24842216324192928,24,260,284,revision,Margen de decisión reducido.
1,4582,backend,backend,frontend,True,1.035350092826285,-0.9074559604713336,1.9428060532976188,36,233,269,aceptada,Predicción con evidencia suficiente.
1,1808,cloud,cloud,frontend,True,0.3494505335160233,-0.2799497400841092,0.6294002736001325,20,306,326,revision,Margen de decisión reducido.
1,3543,cloud,backend,frontend,False,-0.33264731153815424,-0.4908119121940867,0.15816460065593246,32,311,343,revision,Margen de decisión reducido.
1,3429,backend,frontend,cloud,False,-0.2960192861231757,-0.4022333098958569,0.10621402377268124,27,554,581,revision,Margen de decisión reducido.
1,991,datascience,datascience,backend,True,2.025529894442371,-1.205888344835311,3.231418239277682,30,266,296,aceptada,Predicción con evidencia suficiente.
1,2107,backend,backend,datascience,True,0.6641107776096286,-0.9155716878133222,1.5796824654229509,23,194,217,aceptada,Predicción con evidencia suficiente.
1,3637,frontend,datascience,frontend,False,0.26321024587072095,-0.3073779837966907,0.5705882296674116,11,221,232,revision,Margen de decisión reducido.
1,1222,cloud,cloud,frontend,True,1.2245768080403332,-1.2365447614662646,2.4611215695065978,25,154,179,aceptada,Predicción con evidencia suficiente.
1,2336,cloud,cloud,frontend,True,1.437374595558167,-1.260783312591067,2.698157908149234,28,335,363,aceptada,Predicción con evidencia suficiente.
1,3418,backend,cloud,backend,False,-0.14843031441952204,-0.32313399425969935,0.17470367984017732,5,22,27,revision,Margen de decisión reducido.
1,2791,frontend,backend,frontend,False,0.12253459314726711,-0.3835449552562601,0.5060795484035272,26,267,293,revision,Margen de decisión reducido.
1,1758,cloud,cloud,backend,True,1.09019867563301,-0.7303812772443888,1.8205799528773987,12,275,287,aceptada,Predicción con evidencia suficiente.
1,2099,backend,backend,datascience,True,0.4767999080213786,-0.28029043516099295,0.7570903431823716,29,247,276,aceptada,Predicción con evidencia suficiente.
1,1653,cloud,cloud,datascience,True,0.56276452169641,-0.4771463807584987,1.0399109024549087,29,285,314,aceptada,Predicción con evidencia suficiente.
1,4243,frontend,cloud,frontend,False,-0.36096230939546364,-0.5170152719670977,0.1560529625716341,27,353,380,revision,Margen de decisión reducido.
1,1898,backend,backend,datascience,True,2.745844711120506,-1.3374321648551244,4.08327687597563,32,351,383,aceptada,Predicción con evidencia suficiente.
1,3749,backend,backend,datascience,True,1.848309880564146,-1.1450432471549785,2.9933531277191245,34,349,383,aceptada,Predicción con evidencia suficiente.
1,1681,frontend,frontend,backend,True,0.633565072411205,-0.34483235901040454,0.9783974314216095,24,253,277,aceptada,Predicción con evidencia suficiente.
1,2398,backend,backend,cloud,True,0.6738656813468037,-0.8931641885811685,1.567029869927972,22,168,190,aceptada,Predicción con evidencia suficiente.
1,2617,datascience,datascience,frontend,True,1.57706522120951,-1.3776738731761662,2.954739094385676,26,209,235,aceptada,Predicción con evidencia suficiente.
1,927,backend,backend,frontend,True,0.9269755485233723,-0.9478062592105108,1.874781807733883,29,389,418,aceptada,Predicción con evidencia suficiente.
1,4324,cloud,cloud,backend,True,1.0012707984247942,-1.0368220792669427,2.038092877691737,38,351,389,aceptada,Predicción con evidencia suficiente.
1,2159,cloud,cloud,backend,True,0.5465431119135985,-0.6648089843435532,1.2113520962571518,24,261,285,aceptada,Predicción con evidencia suficiente.
1,72,backend,frontend,backend,False,0.01871360563437502,-0.23479683521840855,0.25351044085278357,18,273,291,revision,Margen de decisión reducido.
1,2998,backend,backend,frontend,True,1.3382846556090384,-0.3025587842546579,1.6408434398636964,30,424,454,aceptada,Predicción con evidencia suficiente.
1,1326,frontend,frontend,cloud,True,0.9034799887042235,-0.974130152239642,1.8776101409438657,29,224,253,aceptada,Predicción con evidencia suficiente.
1,664,datascience,datascience,frontend,True,0.4489341470809408,-0.5296791443972582,0.978613291478199,8,198,206,aceptada,Predicción con evidencia suficiente.
1,937,backend,backend,cloud,True,0.13207063522290752,-0.4107568780875379,0.5428275133104454,21,258,279,revision,Margen de decisión reducido.
1,972,datascience,datascience,frontend,True,1.1570635990698408,-0.9278604402571065,2.084924039326947,17,210,227,aceptada,Predicción con evidencia suficiente.
1,1117,datascience,datascience,frontend,True,0.47110090670993576,-0.5658524391309379,1.0369533458408737,26,314,340,aceptada,Predicción con evidencia suficiente.
1,741,frontend,frontend,cloud,True,0.17402829489510263,-0.5732871303277531,0.7473154252228558,27,257,284,aceptada,Predicción con evidencia suficiente.
1,2716,frontend,frontend,cloud,True,0.7139097023711423,-0.8629542979606122,1.5768640003317544,41,312,353,aceptada,Predicción con evidencia suficiente.
1,1133,frontend,frontend,cloud,True,2.4546617072005077,-1.6246767733247416,4.07933848052525,22,161,183,aceptada,Predicción con evidencia suficiente.
1,3144,frontend,frontend,cloud,True,1.3668151297914302,-1.1681331401737798,2.53494826996521,11,145,156,revision,Cobertura reducida de características.
1,399,cloud,cloud,backend,True,1.4642958583948307,-1.0533496038702186,2.5176454622650493,24,229,253,aceptada,Predicción con evidencia suficiente.
1,1689,datascience,datascience,backend,True,1.0167859692066101,-0.5641884313525412,1.5809744005591513,21,260,281,aceptada,Predicción con evidencia suficiente.
1,3919,datascience,frontend,datascience,False,0.11102780243874688,-0.5263009850680453,0.6373287875067922,35,320,355,revision,Margen de decisión reducido.
1,3751,backend,backend,frontend,True,0.2945982348712025,-0.42408676357532155,0.718684998446524,22,199,221,aceptada,Predicción con evidencia suficiente.
1,4446,datascience,frontend,cloud,False,-0.46083211838418736,-0.4886507903109242,0.027818671926736815,26,261,287,revision,Margen de decisión reducido.
1,2072,backend,cloud,frontend,False,-0.18505268601766223,-0.3281342289983346,0.14308154298067238,19,238,257,revision,Margen de decisión reducido.
1,2112,backend,backend,datascience,True,1.8768700283860706,-1.264256701803164,3.1411267301892347,35,393,428,aceptada,Predicción con evidencia suficiente.
1,748,backend,backend,frontend,True,0.4920338556653533,-0.7780021528627492,1.2700360085281024,40,322,362,aceptada,Predicción con evidencia suficiente.
1,3175,backend,backend,datascience,True,2.132343770362883,-1.67994695795564,3.812290728318523,35,280,315,aceptada,Predicción con evidencia suficiente.
1,2893,cloud,cloud,datascience,True,-0.08626335892140058,-0.34734218180190335,0.26107882288050277,30,328,358,revision,Margen de decisión reducido.
1,1997,cloud,cloud,frontend,True,-0.17674215724261566,-0.5886063172487352,0.4118641600061196,17,228,245,revision,Margen de decisión reducido.
1,1121,frontend,frontend,datascience,True,1.3970265513550615,-1.24722199383989,2.6442485451949516,24,254,278,aceptada,Predicción con evidencia suficiente.
1,1741,backend,backend,cloud,True,0.8653308057435233,-0.5739397894944445,1.4392705952379679,9,296,305,aceptada,Predicción con evidencia suficiente.
1,3433,backend,backend,frontend,True,-0.003487790890635334,-0.4037294083764258,0.40024161748579046,28,296,324,revision,Margen de decisión reducido.
1,1854,backend,backend,frontend,True,-0.13512382339849516,-0.31781745695763436,0.1826936335591392,24,329,353,revision,Margen de decisión reducido.
1,2592,backend,backend,datascience,True,-0.1933234882266428,-0.5860430470749249,0.39271955884828214,36,385,421,revision,Margen de decisión reducido.
1,3488,datascience,datascience,frontend,True,1.1529813454964062,-1.1078748318060119,2.260856177302418,20,277,297,aceptada,Predicción con evidencia suficiente.
1,2531,datascience,datascience,backend,True,1.3633020939821008,-1.3562139482218405,2.7195160422039413,24,156,180,aceptada,Predicción con evidencia suficiente.
1,1520,cloud,cloud,backend,True,0.2514521767511546,-0.11645187074423557,0.3679040474953902,45,313,358,revision,Margen de decisión reducido.
1,3848,frontend,frontend,datascience,True,0.8996498275766758,-0.5889371437247393,1.488586971301415,18,214,232,aceptada,Predicción con evidencia suficiente.
1,4497,cloud,cloud,backend,True,0.6296914374756776,-0.8667788149702281,1.4964702524459057,14,302,316,aceptada,Predicción con evidencia suficiente.
1,3229,frontend,frontend,datascience,True,3.997505295757203,-2.0327178468771634,6.030223142634366,14,185,199,aceptada,Predicción con evidencia suficiente.
1,1763,frontend,frontend,backend,True,0.09093048019345962,-0.24437358483079064,0.33530406502425025,11,167,178,revision,Margen de decisión reducido.
1,1095,datascience,datascience,backend,True,1.9315710568561446,-1.2175417651311644,3.149112821987309,26,224,250,aceptada,Predicción con evidencia suficiente.
1,1610,datascience,backend,cloud,False,0.36227562893001186,-0.002256064575016592,0.36453169350502845,7,87,94,revision,Margen de decisión reducido.
1,3894,frontend,frontend,cloud,True,1.0669275557077238,-0.45381596466933954,1.5207435203770634,27,228,255,aceptada,Predicción con evidencia suficiente.
1,2795,cloud,cloud,frontend,True,1.309200822014986,-1.2084582176034213,2.5176590396184073,24,155,179,aceptada,Predicción con evidencia suficiente.
1,3388,backend,backend,cloud,True,0.048579530862173814,-0.5254058110433699,0.5739853419055437,16,137,153,revision,Margen de decisión reducido.
1,3213,cloud,cloud,frontend,True,1.192513052620495,-1.1504244690535699,2.342937521674065,29,308,337,aceptada,Predicción con evidencia suficiente.
1,713,cloud,cloud,frontend,True,1.9078912237193433,-1.4928603097724278,3.4007515334917713,28,457,485,aceptada,Predicción con evidencia suficiente.
1,2737,frontend,backend,frontend,False,1.4962971893067585,-0.618478042801202,2.1147752321079603,22,175,197,aceptada,Predicción con evidencia suficiente.
1,560,datascience,datascience,cloud,True,1.8044924917121987,-1.360891681374071,3.1653841730862697,19,210,229,aceptada,Predicción con evidencia suficiente.
1,3824,datascience,datascience,backend,True,0.36736261975954265,-0.6460812486403781,1.0134438683999207,27,380,407,aceptada,Predicción con evidencia suficiente.
1,2610,datascience,datascience,backend,True,0.5567287014168719,-0.39891301626917336,0.9556417176860452,23,320,343,aceptada,Predicción con evidencia suficiente.
1,2423,backend,frontend,backend,False,-0.18111080611897146,-0.5045332314145203,0.3234224252955489,13,145,158,revision,Margen de decisión reducido.
1,3387,frontend,frontend,datascience,True,2.3202031425278733,-1.5684039654645818,3.8886071079924553,26,259,285,aceptada,Predicción con evidencia suficiente.
1,850,frontend,frontend,datascience,True,1.5521624619778263,-1.3081664114044793,2.8603288733823056,22,324,346,aceptada,Predicción con evidencia suficiente.
1,3764,datascience,datascience,frontend,True,-0.008350550233833687,-0.6038829282402569,0.5955323780064232,30,414,444,revision,Margen de decisión reducido.
1,2913,backend,backend,cloud,True,0.8808413828364879,-0.637533440177894,1.518374823014382,21,302,323,aceptada,Predicción con evidencia suficiente.
1,2734,backend,backend,cloud,True,0.8998490946492735,-0.24629445072693723,1.1461435453762108,3,183,186,aceptada,Predicción con evidencia suficiente.
1,2212,datascience,datascience,backend,True,0.8029021724606361,-0.6997302125377883,1.5026323849984244,15,169,184,aceptada,Predicción con evidencia suficiente.
1,796,frontend,frontend,cloud,True,0.5736017759362624,-0.9284372881442008,1.502039064080463,23,222,245,aceptada,Predicción con evidencia suficiente.
1,269,cloud,cloud,datascience,True,1.214151512726398,-1.1877663104293101,2.401917823155708,24,157,181,aceptada,Predicción con evidencia suficiente.
1,2106,backend,backend,datascience,True,0.2702653159263806,-0.17301485869434086,0.44328017462072145,17,182,199,revision,Margen de decisión reducido.
1,1191,backend,backend,frontend,True,1.0625000679679673,-1.007804950928301,2.070305018896268,9,294,303,aceptada,Predicción con evidencia suficiente.
1,867,backend,frontend,backend,False,0.4192310226361692,-0.40076337151343217,0.8199943941496013,30,323,353,aceptada,Predicción con evidencia suficiente.
1,610,backend,backend,cloud,True,1.1121274755970822,-0.6012813901220055,1.7134088657190878,15,274,289,aceptada,Predicción con evidencia suficiente.
1,2573,datascience,datascience,backend,True,1.300888737258029,-1.275940489975619,2.576829227233648,24,258,282,aceptada,Predicción con evidencia suficiente.
1,2570,backend,backend,frontend,True,1.705788076652194,-0.9748613069537058,2.6806493836058998,35,305,340,aceptada,Predicción con evidencia suficiente.
1,2884,datascience,datascience,frontend,True,0.5694458450082743,-0.6992165287186393,1.2686623737269136,16,222,238,aceptada,Predicción con evidencia suficiente.
1,2615,datascience,datascience,frontend,True,1.5653396661300576,-1.3085179840973247,2.8738576502273823,27,233,260,aceptada,Predicción con evidencia suficiente.
1,1057,backend,datascience,cloud,False,0.3464593450399026,-0.38618225405444345,0.732641599094346,31,303,334,aceptada,Predicción con evidencia suficiente.
1,593,backend,backend,frontend,True,1.3782277226809598,-0.5647436224969395,1.9429713451778994,45,455,500,aceptada,Predicción con evidencia suficiente.
1,1444,datascience,backend,datascience,False,0.04394012534040703,-0.5194526104673787,0.5633927358077857,12,204,216,revision,Margen de decisión reducido.
1,1875,frontend,frontend,backend,True,1.0145146792591324,-0.9369870734115242,1.9515017526706566,34,254,288,aceptada,Predicción con evidencia suficiente.
1,4464,frontend,frontend,backend,True,0.5219282828224715,-0.2681729822239878,0.7901012650464593,47,281,328,aceptada,Predicción con evidencia suficiente.
1,700,backend,cloud,backend,False,-0.007707640044412045,-0.3024152373488919,0.2947075973044799,16,349,365,revision,Margen de decisión reducido.
1,1869,backend,backend,datascience,True,1.6685025712867523,-1.1548447180765502,2.8233472893633023,35,331,366,aceptada,Predicción con evidencia suficiente.
1,1072,frontend,frontend,backend,True,0.5822170924655511,-0.8970404348551612,1.4792575273207123,14,181,195,aceptada,Predicción con evidencia suficiente.
1,2383,datascience,datascience,cloud,True,1.357011524770681,-1.0279232131703906,2.3849347379410717,19,215,234,aceptada,Predicción con evidencia suficiente.
1,981,backend,backend,datascience,True,0.29003780322313244,-0.3138946355992842,0.6039324388224167,31,364,395,revision,Margen de decisión reducido.
1,671,frontend,frontend,cloud,True,0.9259030762228373,-0.6923914802579124,1.6182945564807496,25,200,225,aceptada,Predicción con evidencia suficiente.
1,1175,cloud,cloud,datascience,True,1.1497994140513037,-1.104224505239431,2.2540239192907348,23,223,246,aceptada,Predicción con evidencia suficiente.
1,245,datascience,datascience,backend,True,1.400352431174524,-0.6931693363384759,2.093521767513,25,250,275,aceptada,Predicción con evidencia suficiente.
1,1337,datascience,datascience,backend,True,1.5615930064781072,-1.3164706947394484,2.8780637012175556,23,222,245,aceptada,Predicción con evidencia suficiente.
1,529,cloud,backend,cloud,False,-0.4331239171606399,-0.4347776672103681,0.0016537500497281754,20,287,307,revision,Margen de decisión reducido.
1,1,cloud,cloud,frontend,True,1.5107197979134397,-1.007497604723953,2.5182174026373927,19,155,174,revision,Cobertura reducida de características.
1,3652,cloud,cloud,backend,True,0.43431780911167717,-0.7355857957848194,1.1699036048964966,30,363,393,aceptada,Predicción con evidencia suficiente.
1,1759,backend,backend,frontend,True,-0.23082872191707404,-0.4370471155861855,0.20621839366911143,40,325,365,revision,Margen de decisión reducido.
1,486,datascience,datascience,frontend,True,1.2257541485840293,-1.1509034175004076,2.376657566084437,26,229,255,aceptada,Predicción con evidencia suficiente.
1,3190,datascience,datascience,backend,True,1.8460671102587454,-1.3292757372976407,3.175342847556386,23,205,228,aceptada,Predicción con evidencia suficiente.
1,3174,backend,backend,frontend,True,0.33393804428027785,-0.5408949429497996,0.8748329872300774,19,309,328,aceptada,Predicción con evidencia suficiente.
1,1154,cloud,cloud,datascience,True,0.8216813789775618,-0.8382220099434479,1.6599033889210095,28,359,387,aceptada,Predicción con evidencia suficiente.
1,4265,frontend,frontend,backend,True,2.062281788869716,-1.4031801842166578,3.4654619730863736,29,365,394,aceptada,Predicción con evidencia suficiente.
1,2122,datascience,datascience,cloud,True,1.0435714273521657,-0.6905595354166735,1.7341309627688393,42,422,464,aceptada,Predicción con evidencia suficiente.
1,773,frontend,frontend,cloud,True,0.379717183799542,-0.6828180013923401,1.062535185191882,26,351,377,aceptada,Predicción con evidencia suficiente.
1,52,backend,backend,cloud,True,0.7248836662359807,-0.827764016025368,1.5526476822613486,24,371,395,aceptada,Predicción con evidencia suficiente.
1,2494,backend,backend,frontend,True,0.27027221788757794,-0.3727847491167032,0.6430569670042812,38,294,332,revision,Margen de decisión reducido.
1,652,cloud,cloud,frontend,True,0.34500981768830574,-0.3193717782670435,0.6643815959553492,14,158,172,revision,Cobertura reducida de características.
1,140,datascience,datascience,cloud,True,-0.3191241454546391,-0.4376780989822717,0.11855395352763265,36,326,362,revision,Margen de decisión reducido.
1,409,frontend,frontend,cloud,True,-0.27891867161389644,-0.4504102592435116,0.17149158762961514,18,130,148,revision,Margen de decisión reducido.
1,2878,frontend,frontend,datascience,True,1.1944698246129808,-0.6669936644659947,1.8614634890789756,18,322,340,aceptada,Predicción con evidencia suficiente.
1,794,datascience,datascience,frontend,True,2.021875416002802,-1.3799561956690396,3.4018316116718417,19,214,233,aceptada,Predicción con evidencia suficiente.
1,1886,cloud,cloud,backend,True,0.7666905452661251,-0.7557862343994443,1.5224767796655694,33,310,343,aceptada,Predicción con evidencia suficiente.
1,1357,backend,backend,frontend,True,-0.24994840321588557,-0.6648189516529364,0.4148705484370508,21,376,397,revision,Margen de decisión reducido.
1,1239,frontend,frontend,backend,True,0.5385672086911764,-0.49092598329145465,1.0294931919826311,27,280,307,aceptada,Predicción con evidencia suficiente.
1,2354,frontend,backend,frontend,False,-0.31640733056072357,-0.41069070035390054,0.09428336979317697,15,168,183,revision,Margen de decisión reducido.
1,1364,backend,backend,cloud,True,0.9588275364646482,-0.5678866043888641,1.5267141408535123,33,316,349,aceptada,Predicción con evidencia suficiente.
1,1593,backend,frontend,datascience,False,-0.15697299128128522,-0.47064143988123297,0.31366844859994775,33,397,430,revision,Margen de decisión reducido.
1,1553,cloud,cloud,datascience,True,0.9337110624473556,-0.9185547475610077,1.8522658100083633,28,342,370,aceptada,Predicción con evidencia suficiente.
1,2488,cloud,cloud,frontend,True,1.0199913107530554,-0.9463834783234285,1.9663747890764838,27,156,183,aceptada,Predicción con evidencia suficiente.
1,4158,backend,backend,datascience,True,1.8765029939206066,-1.346860362916316,3.2233633568369227,34,428,462,aceptada,Predicción con evidencia suficiente.
1,66,cloud,cloud,backend,True,2.451065477632176,-1.5679456430540784,4.019011120686255,16,217,233,aceptada,Predicción con evidencia suficiente.
1,749,backend,backend,frontend,True,1.633906899898038,-0.97876916669768,2.612676066595718,28,288,316,aceptada,Predicción con evidencia suficiente.
1,644,cloud,cloud,frontend,True,1.5309038264303325,-0.9614935410586107,2.4923973674889432,23,276,299,aceptada,Predicción con evidencia suficiente.
1,4316,datascience,datascience,frontend,True,1.5317264026760142,-1.0046827345645075,2.536409137240522,25,272,297,aceptada,Predicción con evidencia suficiente.
1,4212,datascience,frontend,datascience,False,0.944320998966746,-0.6873161675623588,1.6316371665291047,19,315,334,aceptada,Predicción con evidencia suficiente.
1,3657,backend,backend,cloud,True,1.498472909375796,-0.9610007119932225,2.4594736213690185,21,333,354,aceptada,Predicción con evidencia suficiente.
1,41,backend,backend,datascience,True,0.12784333917364754,-0.1321888653393829,0.26003220451303044,27,324,351,revision,Margen de decisión reducido.
1,488,frontend,frontend,backend,True,-0.018647326437890244,-0.3923678401767153,0.37372051373882503,34,356,390,revision,Margen de decisión reducido.
1,2806,frontend,backend,cloud,False,0.18404298498637195,-0.6390888823290691,0.8231318673154411,18,215,233,aceptada,Predicción con evidencia suficiente.
1,2039,backend,backend,frontend,True,-0.35931475485814385,-0.4553289915885854,0.09601423673044157,29,187,216,revision,Margen de decisión reducido.
1,3504,datascience,datascience,backend,True,1.2217376498238615,-1.2292478405762606,2.450985490400122,44,337,381,aceptada,Predicción con evidencia suficiente.
1,1091,datascience,datascience,cloud,True,0.4459641783505476,-0.7602055170590895,1.206169695409637,19,224,243,aceptada,Predicción con evidencia suficiente.
1,1754,frontend,frontend,cloud,True,1.1025216666781121,-1.1793738479898062,2.2818955146679185,24,166,190,aceptada,Predicción con evidencia suficiente.
1,1246,frontend,frontend,cloud,True,1.6440262618779453,-1.4285945460415934,3.072620807919539,13,134,147,revision,Cobertura reducida de características.
1,1425,cloud,cloud,frontend,True,1.7571170352261887,-1.184247612464343,2.9413646476905315,20,274,294,aceptada,Predicción con evidencia suficiente.
1,379,cloud,backend,datascience,False,-0.0032618510410092894,-0.11262785047144941,0.10936599943044012,30,332,362,revision,Margen de decisión reducido.
1,1944,datascience,datascience,frontend,True,1.7865685212068612,-1.4242155799546576,3.2107841011615186,26,202,228,aceptada,Predicción con evidencia suficiente.
1,3668,cloud,cloud,frontend,True,1.293407959418074,-1.387418338657987,2.6808262980760613,31,255,286,aceptada,Predicción con evidencia suficiente.
1,4050,backend,backend,frontend,True,1.3781879905419379,-1.3869952515845834,2.765183242126521,46,334,380,aceptada,Predicción con evidencia suficiente.
1,1033,cloud,cloud,frontend,True,-0.0017622800599819133,-0.6924009992298367,0.6906387191698548,30,350,380,aceptada,Predicción con evidencia suficiente.
1,57,cloud,datascience,cloud,False,0.1613949353825065,-0.356403984361942,0.5177989197444485,46,283,329,revision,Margen de decisión reducido.
1,3019,cloud,cloud,frontend,True,1.7325004615451784,-1.3064474633411933,3.0389479248863718,23,292,315,aceptada,Predicción con evidencia suficiente.
1,2486,cloud,cloud,frontend,True,0.24479455015989027,-0.455985954975728,0.7007805051356183,30,336,366,aceptada,Predicción con evidencia suficiente.
1,835,backend,backend,cloud,True,0.48770747051323526,-0.37300289586867263,0.8607103663819079,21,348,369,aceptada,Predicción con evidencia suficiente.
1,1219,backend,backend,datascience,True,0.7657796315630782,-0.9352414609409878,1.701021092504066,28,300,328,aceptada,Predicción con evidencia suficiente.
1,3811,frontend,frontend,datascience,True,1.0300874972501797,-0.6155365141485536,1.6456240113987333,32,353,385,aceptada,Predicción con evidencia suficiente.
1,1218,datascience,datascience,backend,True,1.5320464618066185,-1.2597568041249618,2.7918032659315806,23,225,248,aceptada,Predicción con evidencia suficiente.
1,2066,frontend,frontend,backend,True,0.6985057943058586,-0.6353543449574409,1.3338601392632996,7,127,134,revision,Cobertura reducida de características.
1,393,frontend,backend,frontend,False,0.4402872119253468,-0.42552833508681664,0.8658155470121635,28,264,292,aceptada,Predicción con evidencia suficiente.
1,4322,frontend,frontend,backend,True,0.8439200510091434,-0.8186872571355076,1.662607308144651,13,271,284,aceptada,Predicción con evidencia suficiente.
1,2822,cloud,datascience,backend,False,-0.12193633461642661,-0.26823030565944916,0.14629397104302255,32,296,328,revision,Margen de decisión reducido.
1,2146,datascience,datascience,frontend,True,1.755000520736377,-1.2957151068442934,3.0507156275806704,23,221,244,aceptada,Predicción con evidencia suficiente.
1,3798,datascience,datascience,frontend,True,0.44388360014645845,-0.8358957976577245,1.279779397804183,27,310,337,aceptada,Predicción con evidencia suficiente.
1,622,datascience,datascience,frontend,True,1.431214242152492,-1.291836384729784,2.723050626882276,23,202,225,aceptada,Predicción con evidencia suficiente.
1,4505,frontend,frontend,cloud,True,1.733279356149976,-0.9036608099638865,2.6369401661138623,37,415,452,aceptada,Predicción con evidencia suficiente.
1,1275,frontend,frontend,cloud,True,0.6890408657876378,-0.8261029392732951,1.515143805060933,13,194,207,aceptada,Predicción con evidencia suficiente.
1,2860,frontend,frontend,backend,True,0.07514975346744862,-0.035287204202899214,0.11043695767034784,32,238,270,revision,Margen de decisión reducido.
1,4522,datascience,datascience,backend,True,1.9143576494503973,-0.8722456771222973,2.7866033265726946,30,238,268,aceptada,Predicción con evidencia suficiente.
1,361,frontend,frontend,backend,True,0.039823157812158116,-0.29828783823379806,0.3381109960459562,29,275,304,revision,Margen de decisión reducido.
1,4205,backend,backend,frontend,True,0.5263723889292055,0.34571469488995754,0.18065769403924792,26,231,257,revision,Margen de decisión reducido.
1,4035,frontend,cloud,frontend,False,-0.18069607259580078,-0.41552224034741314,0.23482616775161236,16,198,214,revision,Margen de decisión reducido.
1,2288,frontend,backend,cloud,False,-0.12224598564862332,-0.5360771990068489,0.4138312133582256,3,271,274,revision,Margen de decisión reducido.
1,3163,frontend,frontend,cloud,True,1.3934981528965629,-0.9743286174570555,2.367826770353618,14,174,188,aceptada,Predicción con evidencia suficiente.
1,4215,cloud,cloud,datascience,True,0.9932505995217572,-0.9507493750687507,1.9439999745905079,30,302,332,aceptada,Predicción con evidencia suficiente.
1,1691,datascience,datascience,frontend,True,1.6623949250149126,-1.2897595355978342,2.952154460612747,23,221,244,aceptada,Predicción con evidencia suficiente.
1,1936,frontend,frontend,backend,True,0.7720403606169646,-0.835986516408522,1.6080268770254866,38,278,316,aceptada,Predicción con evidencia suficiente.
1,1850,cloud,cloud,backend,True,1.2849191868089669,-1.2382122737963508,2.5231314606053177,26,294,320,aceptada,Predicción con evidencia suficiente.
1,4137,cloud,cloud,datascience,True,0.6551445460148376,-0.5734679668159398,1.2286125128307774,12,170,182,aceptada,Predicción con evidencia suficiente.
1,3606,frontend,frontend,cloud,True,1.1090111466939647,-1.147623268961437,2.2566344156554017,23,230,253,aceptada,Predicción con evidencia suficiente.
1,383,frontend,frontend,backend,True,0.002772873994064229,-0.22647480051226954,0.22924767450633377,13,122,135,revision,Margen de decisión reducido.
1,3914,cloud,cloud,backend,True,2.446416712154967,-1.5006526077074702,3.9470693198624374,24,250,274,aceptada,Predicción con evidencia suficiente.
1,691,backend,cloud,datascience,False,0.4937591210875968,-0.14758250678648555,0.6413416278740823,23,325,348,revision,Margen de decisión reducido.
1,2584,cloud,cloud,datascience,True,0.7412408136863023,-0.4626843630363715,1.2039251767226737,15,169,184,aceptada,Predicción con evidencia suficiente.
1,3195,backend,backend,cloud,True,-0.19804793828147926,-0.5468569040903142,0.3488089658088349,31,407,438,revision,Margen de decisión reducido.
1,2916,backend,backend,datascience,True,0.839037698297879,-0.7652112980334453,1.6042489963313242,25,284,309,aceptada,Predicción con evidencia suficiente.
1,3401,backend,backend,frontend,True,0.01620237322844298,0.002009002861300846,0.014193370367142133,22,290,312,revision,Margen de decisión reducido.
1,3123,datascience,datascience,backend,True,0.06034837123069514,-0.7753848341628555,0.8357332053935507,26,327,353,aceptada,Predicción con evidencia suficiente.
1,2530,frontend,frontend,cloud,True,0.35711087098130223,-0.9019675350223846,1.2590784060036868,23,270,293,aceptada,Predicción con evidencia suficiente.
1,3927,cloud,cloud,backend,True,1.1472429782549693,-0.5649243943796061,1.7121673726345754,35,400,435,aceptada,Predicción con evidencia suficiente.
1,3302,frontend,backend,frontend,False,0.12524331010359935,-0.22762284879574782,0.35286615889934714,33,244,277,revision,Margen de decisión reducido.
1,3310,backend,datascience,backend,False,0.19564355116085552,-0.3526819685106646,0.5483255196715201,14,311,325,revision,Margen de decisión reducido.
1,4180,datascience,datascience,frontend,True,1.1004252043129457,-1.0436907641846318,2.1441159684975775,21,278,299,aceptada,Predicción con evidencia suficiente.
1,4374,datascience,datascience,frontend,True,0.5033779533561383,-0.5112176396754688,1.0145955930316073,39,291,330,aceptada,Predicción con evidencia suficiente.
1,1000,backend,backend,cloud,True,0.9365033433182958,-1.0165570961924866,1.9530604395107822,23,336,359,aceptada,Predicción con evidencia suficiente.
1,3684,frontend,frontend,backend,True,0.5278072454152298,-0.19339701865373904,0.7212042640689689,39,376,415,aceptada,Predicción con evidencia suficiente.
1,3227,cloud,cloud,datascience,True,0.9478781873356835,-0.731832698787796,1.6797108861234795,27,369,396,aceptada,Predicción con evidencia suficiente.
1,3650,frontend,frontend,backend,True,0.9164103975637743,-0.7834172593105506,1.699827656874325,27,336,363,aceptada,Predicción con evidencia suficiente.
1,2845,backend,backend,frontend,True,0.3919198067909243,-0.7512936170535478,1.1432134238444722,28,306,334,aceptada,Predicción con evidencia suficiente.
1,4524,datascience,datascience,frontend,True,1.3055621774275483,-1.1541404332383447,2.459702610665893,22,265,287,aceptada,Predicción con evidencia suficiente.
1,246,frontend,frontend,cloud,True,2.026757753623258,-1.162464171257839,3.189221924881097,36,423,459,aceptada,Predicción con evidencia suficiente.
1,4016,cloud,datascience,cloud,False,-0.06098538121966934,-0.48881489420568924,0.4278295129860199,23,337,360,revision,Margen de decisión reducido.
1,4051,frontend,frontend,datascience,True,1.260965714120808,-1.154499674859259,2.415465388980067,14,167,181,aceptada,Predicción con evidencia suficiente.
1,3350,datascience,datascience,backend,True,0.8750150182408313,-0.5945292395997618,1.469544257840593,26,205,231,aceptada,Predicción con evidencia suficiente.
1,3901,datascience,datascience,backend,True,1.5437524027493263,-1.3287981588754492,2.8725505616247755,26,225,251,aceptada,Predicción con evidencia suficiente.
1,3294,frontend,frontend,cloud,True,1.5500257578531036,-0.798824162798247,2.3488499206513507,25,361,386,aceptada,Predicción con evidencia suficiente.
1,4179,backend,cloud,backend,False,0.028719349322070764,-0.7021679136174915,0.7308872629395623,28,277,305,aceptada,Predicción con evidencia suficiente.
1,484,datascience,datascience,backend,True,0.06906818446203966,-0.5282802071825009,0.5973483916445406,30,378,408,revision,Margen de decisión reducido.
1,3196,backend,backend,cloud,True,1.5046796092867738,-1.0573922407645926,2.5620718500513666,28,248,276,aceptada,Predicción con evidencia suficiente.
1,200,frontend,frontend,backend,True,0.1829450087969211,-0.6522671693970941,0.8352121781940152,33,226,259,aceptada,Predicción con evidencia suficiente.
1,225,datascience,cloud,datascience,False,0.6484683540483897,-0.7023723920129957,1.3508407460613854,22,201,223,aceptada,Predicción con evidencia suficiente.
1,4008,backend,frontend,backend,False,0.019910519282677952,-0.40116271234571976,0.4210732316283977,27,315,342,revision,Margen de decisión reducido.
1,2409,datascience,datascience,frontend,True,1.4927742721754447,-1.165405957653038,2.6581802298284827,19,282,301,aceptada,Predicción con evidencia suficiente.
1,1289,backend,backend,frontend,True,0.30558684953997817,-0.5916588433084331,0.8972456928484113,22,287,309,aceptada,Predicción con evidencia suficiente.
1,3129,frontend,frontend,backend,True,0.8150712014031525,-0.6677014879071783,1.4827726893103308,18,297,315,aceptada,Predicción con evidencia suficiente.
1,3128,cloud,cloud,frontend,True,0.4794832493927025,-0.7742283960576637,1.253711645450366,13,184,197,aceptada,Predicción con evidencia suficiente.
1,3236,datascience,datascience,frontend,True,0.9959741334898812,-0.977183614879744,1.9731577483696252,18,132,150,revision,Cobertura reducida de características.
1,1490,cloud,cloud,backend,True,1.3142474836474989,-1.1270720841210222,2.441319567768521,33,218,251,aceptada,Predicción con evidencia suficiente.
1,1557,cloud,cloud,backend,True,1.3015099478894685,-1.1596353764487382,2.4611453243382067,37,372,409,aceptada,Predicción con evidencia suficiente.
1,4336,backend,backend,frontend,True,0.9898790420102833,-0.914246312787335,1.9041253547976185,30,321,351,aceptada,Predicción con evidencia suficiente.
1,1158,backend,backend,frontend,True,-0.30098746388083913,-0.44978294255711726,0.14879547867627813,23,150,173,revision,Margen de decisión reducido.
1,1353,backend,backend,frontend,True,0.42509494314237284,-0.3883262454199248,0.8134211885622976,48,311,359,aceptada,Predicción con evidencia suficiente.
1,1697,backend,backend,frontend,True,2.0474374076210196,-1.6053507280459272,3.6527881356669467,34,387,421,aceptada,Predicción con evidencia suficiente.
1,1580,backend,backend,cloud,True,0.6732044809463441,-0.6508757551344182,1.3240802360807624,17,272,289,aceptada,Predicción con evidencia suficiente.
1,4083,datascience,datascience,backend,True,1.6265372965740452,-1.2508128892383281,2.8773501858123733,23,224,247,aceptada,Predicción con evidencia suficiente.
1,1878,cloud,cloud,frontend,True,1.7100221915777674,-1.1667865622442712,2.8768087538220386,22,392,414,aceptada,Predicción con evidencia suficiente.
1,4396,frontend,frontend,cloud,True,1.7854098664690758,-1.0646470492473232,2.850056915716399,55,594,649,aceptada,Predicción con evidencia suficiente.
1,3332,cloud,cloud,backend,True,0.4516831300771872,-0.6380260676157754,1.0897091976929625,24,305,329,aceptada,Predicción con evidencia suficiente.
1,3849,backend,frontend,backend,False,-0.38827193879640176,-0.42141593882696826,0.0331440000305665,30,198,228,revision,Margen de decisión reducido.
1,4063,cloud,cloud,frontend,True,1.120106929838371,-1.0177662633670437,2.1378731932054147,25,320,345,aceptada,Predicción con evidencia suficiente.
1,4343,cloud,cloud,backend,True,1.4436135765151086,-0.795345010904326,2.2389585874194347,54,481,535,aceptada,Predicción con evidencia suficiente.
1,3683,datascience,datascience,frontend,True,0.9625396314255922,-1.0661175264462293,2.0286571578718213,22,276,298,aceptada,Predicción con evidencia suficiente.
1,3314,frontend,frontend,cloud,True,0.8098369025632997,-0.8111054206337448,1.6209423231970446,12,207,219,aceptada,Predicción con evidencia suficiente.
1,180,cloud,cloud,datascience,True,0.52498925534922,-1.0110836537096985,1.5360729090589187,25,334,359,aceptada,Predicción con evidencia suficiente.
1,3425,cloud,backend,cloud,False,0.5626585998933399,-0.23073230512484405,0.793390905018184,28,311,339,aceptada,Predicción con evidencia suficiente.
1,1782,cloud,cloud,datascience,True,1.1252430592077611,-1.1502578066479812,2.2755008658557423,27,374,401,aceptada,Predicción con evidencia suficiente.
1,1019,datascience,datascience,backend,True,1.2516078239505988,-1.0519545392984233,2.3035623632490223,22,212,234,aceptada,Predicción con evidencia suficiente.
1,1531,datascience,datascience,cloud,True,1.5185324173963681,-1.4228888334235243,2.9414212508198925,36,383,419,aceptada,Predicción con evidencia suficiente.
1,747,cloud,cloud,datascience,True,1.276720788301636,-0.9049384439249057,2.181659232226542,11,162,173,revision,Cobertura reducida de características.
1,2920,datascience,datascience,frontend,True,0.7149707429242745,-0.6286740443568648,1.3436447872811392,42,341,383,aceptada,Predicción con evidencia suficiente.
1,1723,datascience,datascience,frontend,True,1.2953311945979427,-1.1984971703645,2.4938283649624426,24,219,243,aceptada,Predicción con evidencia suficiente.
1,3671,frontend,frontend,cloud,True,1.232348118297795,-0.8964344555974069,2.1287825738952018,39,313,352,aceptada,Predicción con evidencia suficiente.
1,3441,datascience,datascience,frontend,True,1.5081493152558432,-1.5054553353621303,3.0136046506179737,23,229,252,aceptada,Predicción con evidencia suficiente.
1,994,frontend,frontend,backend,True,0.5811772088921235,-0.24271819719644433,0.8238954060885679,24,254,278,aceptada,Predicción con evidencia suficiente.
2,1524,cloud,cloud,datascience,True,0.6864530920483202,-0.8397233168952674,1.5261764089435874,25,181,206,aceptada,Predicción con evidencia suficiente.
2,1914,cloud,cloud,frontend,True,0.10817991341142719,-0.4914262641711792,0.5996061775826064,23,343,366,revision,Margen de decisión reducido.
2,1830,cloud,cloud,backend,True,0.19852085273235864,-0.7537578549896965,0.9522787077220551,11,241,252,aceptada,Predicción con evidencia suficiente.
2,1913,backend,cloud,backend,False,-0.0976815819525827,-0.4139901552931224,0.3163085733405397,25,404,429,revision,Margen de decisión reducido.
2,2236,frontend,frontend,backend,True,0.348192730787218,-0.471055588310088,0.819248319097306,8,189,197,aceptada,Predicción con evidencia suficiente.
2,1889,backend,backend,datascience,True,1.2810194524295218,-0.6329989487871556,1.9140184012166772,21,291,312,aceptada,Predicción con evidencia suficiente.
2,2978,datascience,datascience,cloud,True,0.2860884312738321,-0.3369136976904072,0.6230021289642393,28,240,268,revision,Margen de decisión reducido.
2,4168,cloud,cloud,backend,True,0.7976029671944506,-1.0448875605251937,1.8424905277196442,34,252,286,aceptada,Predicción con evidencia suficiente.
2,3162,cloud,cloud,backend,True,1.0705840313634978,-1.1666996192889318,2.2372836506524294,31,168,199,aceptada,Predicción con evidencia suficiente.
2,778,cloud,cloud,backend,True,0.552802280759903,-0.5090902940200599,1.061892574779963,33,293,326,aceptada,Predicción con evidencia suficiente.
2,1795,datascience,datascience,frontend,True,1.6826560629091716,-1.3908562537258415,3.0735123166350133,23,233,256,aceptada,Predicción con evidencia suficiente.
2,205,backend,frontend,backend,False,-0.30349642901392093,-0.4349128381482394,0.13141640913431846,4,297,301,revision,Margen de decisión reducido.
2,189,backend,backend,frontend,True,0.6620979247401779,-1.006108736559428,1.6682066612996058,33,372,405,aceptada,Predicción con evidencia suficiente.
2,3733,frontend,frontend,datascience,True,0.7951362193762995,-0.9699832048482881,1.7651194242245878,19,251,270,aceptada,Predicción con evidencia suficiente.
2,2273,backend,backend,frontend,True,0.9787697818867538,-0.7214576158501139,1.7002273977368678,37,369,406,aceptada,Predicción con evidencia suficiente.
2,3692,backend,backend,cloud,True,1.4104614867414844,-1.2262838899856079,2.6367453767270925,25,276,301,aceptada,Predicción con evidencia suficiente.
2,1611,backend,frontend,backend,False,0.10457767910955554,-0.31845013370320474,0.42302781281276025,26,176,202,revision,Margen de decisión reducido.
2,4515,datascience,datascience,cloud,True,0.966779167150934,-0.6538882645641737,1.6206674317151077,26,205,231,aceptada,Predicción con evidencia suficiente.
2,4463,frontend,frontend,backend,True,2.4594913492381982,-1.4631729974245755,3.9226643466627737,16,260,276,aceptada,Predicción con evidencia suficiente.
2,659,cloud,cloud,frontend,True,0.010724951415557515,-0.5750194355135344,0.5857443869290919,11,199,210,revision,Margen de decisión reducido.
2,1474,cloud,cloud,datascience,True,0.8536156730190955,-0.7885306847112197,1.642146357730315,31,316,347,aceptada,Predicción con evidencia suficiente.
2,2248,cloud,cloud,backend,True,-0.1584709685576683,-0.2806711702145917,0.12220020165692341,22,405,427,revision,Margen de decisión reducido.
2,1436,frontend,frontend,cloud,True,1.212505725883964,-1.173745699977585,2.3862514258615493,28,377,405,aceptada,Predicción con evidencia suficiente.
2,3732,cloud,cloud,datascience,True,1.7974808457717137,-1.2550214211949646,3.0525022669666786,30,390,420,aceptada,Predicción con evidencia suficiente.
2,2079,cloud,cloud,datascience,True,0.0714208419553608,-0.6544666365500711,0.7258874785054319,24,238,262,aceptada,Predicción con evidencia suficiente.
2,1086,datascience,datascience,backend,True,1.6262397886999855,-1.3762053486664074,3.0024451373663927,23,207,230,aceptada,Predicción con evidencia suficiente.
2,2150,datascience,datascience,backend,True,1.723393887254684,-1.4004291767146837,3.1238230639693674,27,225,252,aceptada,Predicción con evidencia suficiente.
2,260,frontend,backend,cloud,False,0.7584562342800856,-0.6923352599203875,1.4507914942004732,23,181,204,aceptada,Predicción con evidencia suficiente.
2,3495,backend,backend,datascience,True,-0.0043026600552050764,-0.573990712134806,0.5696880520796009,23,356,379,revision,Margen de decisión reducido.
2,3381,frontend,backend,frontend,False,-0.08345415951897373,-0.40979812088162804,0.3263439613626543,24,269,293,revision,Margen de decisión reducido.
2,3642,frontend,backend,cloud,False,0.8091907505898241,-0.808878549610619,1.6180693002004432,18,392,410,aceptada,Predicción con evidencia suficiente.
2,1345,backend,backend,datascience,True,0.4647414538779746,-0.6345976434904547,1.0993390973684294,19,306,325,aceptada,Predicción con evidencia suficiente.
2,4394,datascience,datascience,frontend,True,1.7732486214695486,-1.537504990177541,3.3107536116470895,22,204,226,aceptada,Predicción con evidencia suficiente.
2,4449,cloud,cloud,frontend,True,1.5546324336422703,-0.6040231450536226,2.158655578695893,26,371,397,aceptada,Predicción con evidencia suficiente.
2,3587,datascience,datascience,frontend,True,0.5149431397850301,-0.2379165309709133,0.7528596707559434,20,218,238,aceptada,Predicción con evidencia suficiente.
2,2594,backend,backend,cloud,True,1.2891018801939949,-0.9049972574020553,2.19409913759605,46,496,542,aceptada,Predicción con evidencia suficiente.
2,1856,frontend,backend,cloud,False,-0.19497210325722614,-0.6503190504797578,0.45534694722253166,47,262,309,revision,Margen de decisión reducido.
2,1458,frontend,frontend,backend,True,0.4561789734688255,-0.7641826597165825,1.2203616331854081,17,122,139,revision,Cobertura reducida de características.
2,2166,backend,backend,frontend,True,1.121453913873161,-1.2346146543076397,2.3560685681808007,34,283,317,aceptada,Predicción con evidencia suficiente.
2,1953,backend,backend,cloud,True,0.27000175284454864,-0.1533418767111392,0.42334362955568783,17,260,277,revision,Margen de decisión reducido.
2,2671,cloud,cloud,frontend,True,0.3584182686702774,-0.7878374209520252,1.1462556896223026,30,264,294,aceptada,Predicción con evidencia suficiente.
2,1834,datascience,datascience,frontend,True,1.293229790286359,-1.1006550067553047,2.3938847970416637,27,229,256,aceptada,Predicción con evidencia suficiente.
2,3118,frontend,frontend,backend,True,0.6177879489904575,-0.2654423216980693,0.8832302706885269,34,264,298,aceptada,Predicción con evidencia suficiente.
2,1283,datascience,datascience,cloud,True,0.661450318945942,-0.7697361729734102,1.4311864919193522,24,223,247,aceptada,Predicción con evidencia suficiente.
2,3503,frontend,frontend,datascience,True,1.3486796887477457,-0.9866860005139069,2.3353656892616526,23,317,340,aceptada,Predicción con evidencia suficiente.
2,3130,frontend,cloud,backend,False,-0.2517053877007175,-0.3958908708505211,0.14418548314980362,18,249,267,revision,Margen de decisión reducido.
2,1731,datascience,backend,datascience,False,0.08340707491181054,-0.1127533473665312,0.19616042227834174,20,299,319,revision,Margen de decisión reducido.
2,3935,cloud,cloud,backend,True,0.8435607309804948,-1.0951139177818194,1.9386746487623143,23,315,338,aceptada,Predicción con evidencia suficiente.
2,1401,cloud,cloud,frontend,True,1.041426991244335,-0.6143412969538474,1.6557682881981823,28,384,412,aceptada,Predicción con evidencia suficiente.
2,1546,backend,backend,datascience,True,1.1105271441019957,-0.8890804309667718,1.9996075750687674,17,257,274,aceptada,Predicción con evidencia suficiente.
2,1014,frontend,frontend,datascience,True,1.2086357056175316,-0.8925494436244901,2.1011851492420215,33,297,330,aceptada,Predicción con evidencia suficiente.
2,2810,backend,backend,cloud,True,0.7805152374441695,-0.8956517473683772,1.6761669848125467,32,355,387,aceptada,Predicción con evidencia suficiente.
2,4268,backend,backend,cloud,True,2.2856691027115765,-1.681519109114729,3.9671882118263055,35,368,403,aceptada,Predicción con evidencia suficiente.
2,1277,cloud,cloud,frontend,True,1.455495338642458,-0.8968031503074102,2.3522984889498684,27,272,299,aceptada,Predicción con evidencia suficiente.
2,781,datascience,datascience,backend,True,1.7218212641719022,-1.414561472256846,3.1363827364287484,24,219,243,aceptada,Predicción con evidencia suficiente.
2,494,frontend,frontend,datascience,True,1.581188824063493,-1.2300761606179083,2.8112649846814013,12,189,201,aceptada,Predicción con evidencia suficiente.
2,493,cloud,cloud,datascience,True,0.621510300945297,-1.0162948637309441,1.6378051646762413,36,296,332,aceptada,Predicción con evidencia suficiente.
2,4011,datascience,datascience,backend,True,0.3889291891392599,-0.5429353291081984,0.9318645182474583,24,283,307,aceptada,Predicción con evidencia suficiente.
2,502,datascience,datascience,backend,True,1.4476795877145496,-1.3623663868137537,2.810045974528303,42,354,396,aceptada,Predicción con evidencia suficiente.
2,996,cloud,cloud,frontend,True,1.1266928093996378,-0.9029657603482144,2.029658569747852,34,408,442,aceptada,Predicción con evidencia suficiente.
2,1225,cloud,cloud,frontend,True,1.7361719082644718,-1.0970338383043003,2.833205746568772,32,371,403,aceptada,Predicción con evidencia suficiente.
2,217,cloud,cloud,frontend,True,0.9136876422697103,-1.1159135806767044,2.0296012229464147,39,309,348,aceptada,Predicción con evidencia suficiente.
2,3601,backend,backend,cloud,True,0.07079506173953964,-0.49473203616313455,0.5655270979026742,22,300,322,revision,Margen de decisión reducido.
2,3759,backend,cloud,backend,False,0.48095147948767825,0.15065625086061796,0.3302952286270603,27,360,387,revision,Margen de decisión reducido.
2,2279,backend,backend,frontend,True,0.49443993476727943,-0.8286891506185704,1.3231290853858497,36,273,309,aceptada,Predicción con evidencia suficiente.
2,2485,datascience,datascience,cloud,True,0.25985252604462517,-0.1335176800263942,0.39337020607101936,20,245,265,revision,Margen de decisión reducido.
2,3035,backend,datascience,backend,False,0.06810686657394316,-0.421992632289571,0.49009949886351417,32,380,412,revision,Margen de decisión reducido.
2,3595,backend,backend,cloud,True,0.5700153270944517,-0.8033053299555085,1.3733206570499603,20,207,227,aceptada,Predicción con evidencia suficiente.
2,1620,cloud,cloud,frontend,True,0.5014928204095507,-0.39063169717049295,0.8921245175800436,8,153,161,revision,Cobertura reducida de características.
2,2376,datascience,datascience,cloud,True,1.8010765371698605,-0.9549578291607267,2.7560343663305873,36,329,365,aceptada,Predicción con evidencia suficiente.
2,2189,cloud,cloud,frontend,True,1.794519264495845,-1.395803922429272,3.190323186925117,28,187,215,aceptada,Predicción con evidencia suficiente.
2,3802,cloud,cloud,backend,True,0.45444632334233404,-0.9069439901402299,1.361390313482564,26,319,345,aceptada,Predicción con evidencia suficiente.
2,29,frontend,frontend,cloud,True,3.231102023804766,-1.8297993667280088,5.060901390532775,17,181,198,aceptada,Predicción con evidencia suficiente.
2,3500,frontend,frontend,datascience,True,0.7463306656160319,-0.4560378887491512,1.202368554365183,26,251,277,aceptada,Predicción con evidencia suficiente.
2,455,datascience,datascience,backend,True,0.17815615695602116,-0.05560644563310979,0.23376260258913095,17,245,262,revision,Margen de decisión reducido.
2,564,frontend,frontend,backend,True,1.0410914966807607,-0.9044494628904375,1.9455409595711983,35,249,284,aceptada,Predicción con evidencia suficiente.
2,806,backend,backend,frontend,True,0.9747452664130245,-0.8575237151774642,1.8322689815904887,30,328,358,aceptada,Predicción con evidencia suficiente.
2,348,frontend,frontend,datascience,True,1.8148913345730946,-1.2662498592662121,3.081141193839307,7,125,132,revision,Cobertura reducida de características.
2,1134,frontend,frontend,backend,True,1.150565564490563,-0.9076572264616684,2.0582227909522315,34,254,288,aceptada,Predicción con evidencia suficiente.
2,1840,backend,cloud,backend,False,0.06220680408090262,-0.013390771931463985,0.07559757601236661,11,250,261,revision,Margen de decisión reducido.
2,505,cloud,cloud,frontend,True,1.0037753007620265,-0.7230496333283352,1.7268249340903616,20,224,244,aceptada,Predicción con evidencia suficiente.
2,2022,datascience,datascience,frontend,True,1.6515079636055898,-1.2515635389494058,2.9030715025549956,24,255,279,aceptada,Predicción con evidencia suficiente.
2,1450,frontend,frontend,datascience,True,2.5297270218783954,-1.5219850762570681,4.0517120981354635,21,309,330,aceptada,Predicción con evidencia suficiente.
2,1196,backend,backend,cloud,True,1.2617150722649195,-0.9363967076820527,2.1981117799469723,42,347,389,aceptada,Predicción con evidencia suficiente.
2,1910,cloud,cloud,datascience,True,0.6886303817422296,-0.7478443006213575,1.436474682363587,33,295,328,aceptada,Predicción con evidencia suficiente.
2,1664,cloud,cloud,backend,True,1.589526279711193,-0.8295196168957737,2.419045896606967,25,353,378,aceptada,Predicción con evidencia suficiente.
2,3656,cloud,datascience,backend,False,-0.07153119710004063,-0.38717335063716535,0.3156421535371247,6,120,126,revision,Margen de decisión reducido.
2,536,frontend,frontend,datascience,True,0.2643157746832028,-0.4607291394953759,0.7250449141785786,33,355,388,aceptada,Predicción con evidencia suficiente.
2,582,backend,backend,frontend,True,0.7376963339973106,-0.584219792887104,1.3219161268844146,30,248,278,aceptada,Predicción con evidencia suficiente.
2,2656,backend,backend,cloud,True,0.04311496989839736,-0.19859197885735658,0.24170694875575394,31,406,437,revision,Margen de decisión reducido.
2,2151,datascience,datascience,backend,True,0.5607031061552499,-0.35688698390298124,0.9175900900582311,33,272,305,aceptada,Predicción con evidencia suficiente.
2,3703,backend,backend,frontend,True,1.541733581962678,-1.5244454538529255,3.066179035815604,43,317,360,aceptada,Predicción con evidencia suficiente.
2,2765,backend,backend,cloud,True,0.2567763517909405,-0.23533430319734738,0.4921106549882879,35,347,382,revision,Margen de decisión reducido.
2,4213,frontend,frontend,datascience,True,0.8032870788905807,-1.0100453371669629,1.8133324160575435,10,143,153,revision,Cobertura reducida de características.
2,545,backend,backend,cloud,True,0.6808480758467554,-0.8545320868974757,1.5353801627442312,34,321,355,aceptada,Predicción con evidencia suficiente.
2,725,datascience,datascience,backend,True,1.3774538935188898,-1.1502286461041564,2.5276825396230462,27,288,315,aceptada,Predicción con evidencia suficiente.
2,2063,backend,backend,datascience,True,1.7014910978617885,-1.290055600771467,2.9915466986332557,23,277,300,aceptada,Predicción con evidencia suficiente.
2,3915,frontend,frontend,datascience,True,2.2560861944608246,-1.165412106696626,3.4214983011574507,29,284,313,aceptada,Predicción con evidencia suficiente.
2,646,backend,backend,cloud,True,1.284530367053119,-1.15378580595031,2.438316173003429,19,300,319,aceptada,Predicción con evidencia suficiente.
2,3334,frontend,frontend,datascience,True,0.49286356777762086,-1.0663980727586029,1.5592616405362238,9,165,174,revision,Cobertura reducida de características.
2,2465,cloud,cloud,frontend,True,1.2253871200302635,-0.615973575109154,1.8413606951394175,15,182,197,aceptada,Predicción con evidencia suficiente.
2,2443,datascience,datascience,cloud,True,0.31134606075486393,-0.8518824870752109,1.1632285478300748,32,374,406,aceptada,Predicción con evidencia suficiente.
2,1003,backend,backend,cloud,True,0.1533334337602088,-0.2442743367683179,0.3976077705285267,27,332,359,revision,Margen de decisión reducido.
2,3472,cloud,datascience,cloud,False,-0.010716082596854748,-0.18329357158921578,0.17257748899236103,11,143,154,revision,Margen de decisión reducido.
2,2673,datascience,datascience,backend,True,0.09440188063682309,-0.37803939670902686,0.47244127734584995,29,317,346,revision,Margen de decisión reducido.
2,4046,backend,backend,frontend,True,-0.21867353348594687,-0.2548664569300886,0.03619292344414171,13,201,214,revision,Margen de decisión reducido.
2,3870,frontend,backend,frontend,False,0.07988191745218032,-0.7293506585338029,0.8092325759859832,34,292,326,aceptada,Predicción con evidencia suficiente.
2,3509,cloud,backend,cloud,False,0.7186145697270216,-0.0018997083942312587,0.7205142781212529,6,157,163,revision,Cobertura reducida de características.
2,4287,cloud,cloud,frontend,True,1.426740466859544,-1.2373646090054156,2.66410507586496,26,307,333,aceptada,Predicción con evidencia suficiente.
2,1237,backend,backend,frontend,True,0.818774263500543,-0.7201450216983222,1.5389192851988653,29,410,439,aceptada,Predicción con evidencia suficiente.
2,3884,cloud,cloud,frontend,True,1.2803009502605964,-1.283705502753833,2.5640064530144295,23,277,300,aceptada,Predicción con evidencia suficiente.
2,1842,cloud,cloud,frontend,True,0.3198316496359531,-0.6928784804046643,1.0127101300406174,16,299,315,aceptada,Predicción con evidencia suficiente.
2,2718,cloud,cloud,frontend,True,1.3833450068521693,-1.080012999098424,2.4633580059505933,16,101,117,revision,Cobertura reducida de características.
2,751,datascience,frontend,backend,False,-0.4557760189549155,-0.5922128280708866,0.1364368091159711,29,336,365,revision,Margen de decisión reducido.
2,2509,backend,backend,datascience,True,0.15934009147720318,-0.6774313586305936,0.8367714501077967,5,131,136,revision,Cobertura reducida de características.
2,2939,backend,backend,frontend,True,1.6176436406773977,-1.177110684837897,2.794754325515295,40,327,367,aceptada,Predicción con evidencia suficiente.
2,1894,cloud,cloud,frontend,True,1.8830473788159852,-0.7537045306464466,2.636751909462432,30,355,385,aceptada,Predicción con evidencia suficiente.
2,3618,cloud,cloud,frontend,True,0.5128036572491682,-0.5127832673753747,1.0255869246245428,13,182,195,aceptada,Predicción con evidencia suficiente.
2,3047,backend,backend,cloud,True,0.007053443578438845,-0.7061001147817799,0.7131535583602188,18,292,310,aceptada,Predicción con evidencia suficiente.
2,1674,cloud,cloud,frontend,True,0.9976269627165738,-1.1203248422709862,2.11795180498756,25,157,182,aceptada,Predicción con evidencia suficiente.
2,3487,cloud,cloud,datascience,True,1.7570630532842397,-1.0403895952834472,2.797452648567687,30,295,325,aceptada,Predicción con evidencia suficiente.
2,3020,cloud,cloud,datascience,True,0.9185498466871268,-1.0571312332856553,1.975681079972782,37,290,327,aceptada,Predicción con evidencia suficiente.
2,1821,cloud,frontend,cloud,False,0.1844438706620202,-0.29335367585678646,0.4777975465188067,8,197,205,revision,Margen de decisión reducido.
2,282,backend,backend,cloud,True,-0.10838857971139038,-0.13671304851533228,0.028324468803941905,36,384,420,revision,Margen de decisión reducido.
2,1769,datascience,datascience,frontend,True,1.1231223200749054,-0.9706707971476016,2.093793117222507,34,285,319,aceptada,Predicción con evidencia suficiente.
2,3341,cloud,cloud,frontend,True,-0.27900831324409664,-0.554678636344153,0.2756703231000564,25,369,394,revision,Margen de decisión reducido.
2,3221,backend,backend,frontend,True,-0.22317293429446905,-0.5339257574140254,0.3107528231195563,31,302,333,revision,Margen de decisión reducido.
2,832,datascience,cloud,backend,False,0.49132537189145753,-0.2924928401320894,0.783818212023547,16,175,191,aceptada,Predicción con evidencia suficiente.
2,615,datascience,datascience,backend,True,0.10502436391635384,-0.30754084710467916,0.412565211021033,35,306,341,revision,Margen de decisión reducido.
2,1074,backend,backend,frontend,True,0.6369176953269586,-0.4763521331908524,1.113269828517811,35,286,321,aceptada,Predicción con evidencia suficiente.
2,376,frontend,frontend,datascience,True,0.6162171596282677,-0.771032670896135,1.3872498305244028,12,149,161,revision,Cobertura reducida de características.
2,4272,backend,backend,frontend,True,1.39913052445462,-0.9869610212731191,2.386091545727739,20,224,244,aceptada,Predicción con evidencia suficiente.
2,1036,datascience,datascience,backend,True,0.23455489485972314,-0.2523025446424406,0.48685743950216376,30,269,299,revision,Margen de decisión reducido.
2,2404,datascience,datascience,cloud,True,0.0747864325737495,-0.12694321955122734,0.20172965212497684,20,369,389,revision,Margen de decisión reducido.
2,2944,frontend,datascience,frontend,False,0.09753115601926421,-0.7161245609702348,0.813655716989499,24,348,372,aceptada,Predicción con evidencia suficiente.
2,1616,backend,backend,frontend,True,0.12144673102595427,-0.5673534206020455,0.6888001516279998,32,440,472,aceptada,Predicción con evidencia suficiente.
2,2205,datascience,datascience,backend,True,1.0518285221189358,-0.9202460234100645,1.9720745455290003,32,313,345,aceptada,Predicción con evidencia suficiente.
2,641,frontend,frontend,backend,True,0.690589895820254,-0.5652543906593481,1.255844286479602,16,226,242,aceptada,Predicción con evidencia suficiente.
2,2776,cloud,backend,datascience,False,-0.03917558365147722,-0.4407983338067221,0.4016227501552449,26,336,362,revision,Margen de decisión reducido.
2,431,frontend,frontend,datascience,True,0.8971930854976679,-0.8454641831653378,1.7426572686630055,25,300,325,aceptada,Predicción con evidencia suficiente.
2,872,backend,datascience,backend,False,0.450012344471292,-0.8734204896075035,1.3234328340787955,23,492,515,aceptada,Predicción con evidencia suficiente.
2,2135,cloud,cloud,frontend,True,0.519818086908073,-0.7400042183147114,1.2598223052227844,20,299,319,aceptada,Predicción con evidencia suficiente.
2,3827,frontend,backend,frontend,False,0.13317483561434695,0.1112415294166593,0.021933306197687658,5,159,164,revision,Margen de decisión reducido.
2,2715,datascience,datascience,backend,True,1.448823522783093,-1.0640219439786183,2.5128454667617115,32,310,342,aceptada,Predicción con evidencia suficiente.
2,2549,cloud,cloud,backend,True,1.1855410186271258,-1.2125003554426157,2.3980413740697415,42,241,283,aceptada,Predicción con evidencia suficiente.
2,1471,frontend,frontend,datascience,True,0.34381154064474584,-0.714662322875228,1.058473863519974,15,208,223,aceptada,Predicción con evidencia suficiente.
2,291,datascience,datascience,backend,True,0.11880540866567613,-0.2692246179254833,0.3880300265911594,39,434,473,revision,Margen de decisión reducido.
2,2912,datascience,datascience,backend,True,0.8605648113099651,-0.9213531094702263,1.7819179207801914,21,427,448,aceptada,Predicción con evidencia suficiente.
2,2266,backend,backend,frontend,True,0.036544954584347256,-0.35102024553842404,0.3875652001227713,16,171,187,revision,Margen de decisión reducido.
2,1393,datascience,datascience,frontend,True,1.176352703356316,-1.0739242436103278,2.2502769469666437,20,282,302,aceptada,Predicción con evidencia suficiente.
2,515,backend,backend,frontend,True,1.7948851064335256,-1.2551276330231818,3.050012739456707,23,203,226,aceptada,Predicción con evidencia suficiente.
2,816,datascience,datascience,backend,True,1.7960275234637957,-1.501571432639861,3.2975989561036565,26,210,236,aceptada,Predicción con evidencia suficiente.
2,1552,backend,datascience,backend,False,0.5966932514829324,-0.3077192592463687,0.9044125107293011,24,162,186,aceptada,Predicción con evidencia suficiente.
2,3489,datascience,datascience,backend,True,1.5578592357558299,-1.3778953615138596,2.9357545972696895,29,211,240,aceptada,Predicción con evidencia suficiente.
2,1816,frontend,datascience,frontend,False,0.3865766690354562,0.2060907997738101,0.1804858692616461,29,286,315,revision,Margen de decisión reducido.
2,1352,cloud,cloud,datascience,True,0.36367559773263547,-0.2772792264793873,0.6409548242120228,41,488,529,revision,Margen de decisión reducido.
2,4019,backend,backend,frontend,True,-0.10180680841621648,-0.5074690551803814,0.40566224676416496,34,296,330,revision,Margen de decisión reducido.
2,3270,cloud,backend,cloud,False,-0.06892648054801698,-0.36429532619207466,0.2953688456440577,22,313,335,revision,Margen de decisión reducido.
2,2164,datascience,datascience,backend,True,1.08666454559172,-0.8581509420670096,1.9448154876587296,21,264,285,aceptada,Predicción con evidencia suficiente.
2,2875,frontend,frontend,cloud,True,0.3187923442212126,-0.5833029481536387,0.9020952923748513,19,270,289,aceptada,Predicción con evidencia suficiente.
2,3204,cloud,cloud,backend,True,2.4357714720598156,-1.6783091913451882,4.114080663405003,26,316,342,aceptada,Predicción con evidencia suficiente.
2,3979,cloud,cloud,backend,True,0.028917575855840538,-0.48707931130099646,0.515996887156837,35,296,331,revision,Margen de decisión reducido.
2,1049,backend,frontend,backend,False,0.7837188949137058,-1.0006878635268872,1.7844067584405932,21,320,341,aceptada,Predicción con evidencia suficiente.
2,2377,frontend,frontend,cloud,True,1.1087769078051903,-1.139247757331453,2.2480246651366436,15,257,272,aceptada,Predicción con evidencia suficiente.
2,4270,cloud,cloud,backend,True,1.2771884748126028,-1.2073083690913493,2.484496843903952,36,398,434,aceptada,Predicción con evidencia suficiente.
2,1848,cloud,cloud,backend,True,0.048815146110322005,-0.42790835024931195,0.47672349635963396,26,272,298,revision,Margen de decisión reducido.
2,407,cloud,cloud,backend,True,1.42806081060695,-1.0849148035863931,2.5129756141933433,14,206,220,aceptada,Predicción con evidencia suficiente.
2,1725,backend,backend,frontend,True,0.2427135498309988,-0.5098154621189339,0.7525290119499327,18,190,208,aceptada,Predicción con evidencia suficiente.
2,1372,backend,backend,frontend,True,0.5562955500380031,-0.9064555624800749,1.4627511125180779,12,215,227,aceptada,Predicción con evidencia suficiente.
2,1673,backend,backend,cloud,True,0.9428959193474258,-0.9108356391215631,1.8537315584689888,20,322,342,aceptada,Predicción con evidencia suficiente.
2,3773,backend,backend,frontend,True,0.6699241266301741,-0.5660429602044073,1.2359670868345813,57,509,566,aceptada,Predicción con evidencia suficiente.
2,2211,frontend,frontend,backend,True,0.30639026952820825,-0.5105010773628871,0.8168913468910953,11,156,167,revision,Cobertura reducida de características.
2,1355,frontend,frontend,cloud,True,-0.15338678161360203,-0.5176093736784718,0.3642225920648698,32,328,360,revision,Margen de decisión reducido.
2,4152,cloud,cloud,backend,True,1.5966927078289386,-0.9388435389111264,2.535536246740065,29,337,366,aceptada,Predicción con evidencia suficiente.
2,3834,cloud,backend,cloud,False,-0.1263215572051387,-0.3645128180529369,0.23819126084779818,25,353,378,revision,Margen de decisión reducido.
2,1288,cloud,cloud,backend,True,0.22813138732281246,-0.6874480488547092,0.9155794361775217,32,336,368,aceptada,Predicción con evidencia suficiente.
2,1851,frontend,frontend,cloud,True,1.9365297724396318,-1.0835485117287458,3.0200782841683775,15,206,221,aceptada,Predicción con evidencia suficiente.
2,1124,frontend,frontend,backend,True,-0.22921871280729367,-0.37027526652328774,0.14105655371599407,33,302,335,revision,Margen de decisión reducido.
2,3284,cloud,cloud,backend,True,0.5950045135087189,-0.7885215529821789,1.3835260664908977,20,235,255,aceptada,Predicción con evidencia suficiente.
2,86,datascience,datascience,backend,True,1.8971260099846796,-1.4595745320135765,3.356700541998256,23,213,236,aceptada,Predicción con evidencia suficiente.
2,1308,cloud,cloud,datascience,True,1.0967491623674612,-1.1431682562615035,2.2399174186289645,25,156,181,aceptada,Predicción con evidencia suficiente.
2,2511,datascience,datascience,frontend,True,0.8942771219783239,-0.6322409710435655,1.5265180930218893,15,185,200,aceptada,Predicción con evidencia suficiente.
2,4499,backend,backend,frontend,True,0.7951001303223257,-0.9621164194675847,1.7572165497899106,46,455,501,aceptada,Predicción con evidencia suficiente.
2,1509,frontend,frontend,datascience,True,1.5578342857718148,-0.6000521459666966,2.1578864317385116,23,372,395,aceptada,Predicción con evidencia suficiente.
2,1102,backend,backend,datascience,True,0.14296041261004244,-0.3867478330699952,0.5297082456800377,37,314,351,revision,Margen de decisión reducido.
2,4530,frontend,frontend,backend,True,0.5882880458596519,-0.5272744956276516,1.1155625414873036,24,264,288,aceptada,Predicción con evidencia suficiente.
2,1502,backend,backend,cloud,True,0.49608313684963967,-0.6586818389124189,1.1547649757620586,27,217,244,aceptada,Predicción con evidencia suficiente.
2,2994,datascience,datascience,backend,True,-0.13414654280151894,-0.6167394192975589,0.48259287649604,13,264,277,revision,Margen de decisión reducido.
2,2094,frontend,backend,frontend,False,1.0396105294865394,-0.7988474097807072,1.8384579392672467,31,248,279,aceptada,Predicción con evidencia suficiente.
2,3000,backend,cloud,backend,False,0.7616907582857838,0.20458834360834577,0.557102414677438,36,296,332,revision,Margen de decisión reducido.
2,1507,datascience,datascience,cloud,True,0.2657561865648457,-0.39014782948435095,0.6559040160491967,43,308,351,aceptada,Predicción con evidencia suficiente.
2,2459,cloud,frontend,backend,False,0.34010323786390695,-0.5236977644283181,0.863801002292225,39,350,389,aceptada,Predicción con evidencia suficiente.
2,4414,cloud,cloud,backend,True,1.8309546981539557,-1.3853299030027253,3.216284601156681,15,215,230,aceptada,Predicción con evidencia suficiente.
2,4005,cloud,cloud,backend,True,0.923641144944528,-1.1730988843728667,2.096740029317395,18,148,166,revision,Cobertura reducida de características.
2,2353,datascience,datascience,backend,True,1.4338359453381184,-1.2374912716293232,2.6713272169674416,19,207,226,aceptada,Predicción con evidencia suficiente.
2,2154,frontend,frontend,backend,True,0.7374324300179487,-0.9615309143286657,1.6989633443466143,18,196,214,aceptada,Predicción con evidencia suficiente.
2,2612,backend,cloud,backend,False,-0.4251226084174744,-0.5591201313370363,0.1339975229195619,5,224,229,revision,Margen de decisión reducido.
2,89,backend,backend,datascience,True,0.7248682427386226,-0.8207306479466137,1.5455988906852363,26,272,298,aceptada,Predicción con evidencia suficiente.
2,802,datascience,datascience,frontend,True,0.5077877951514893,-0.6800260016452235,1.1878137967967128,28,207,235,aceptada,Predicción con evidencia suficiente.
2,4361,datascience,datascience,frontend,True,1.366128959718605,-1.1797971805088199,2.545926140227425,24,238,262,aceptada,Predicción con evidencia suficiente.
2,136,backend,backend,cloud,True,0.7028803803169785,-0.5699328731231781,1.2728132534401566,45,388,433,aceptada,Predicción con evidencia suficiente.
2,4088,datascience,datascience,frontend,True,0.6950638226623482,-0.8277781889230095,1.5228420115853578,38,473,511,aceptada,Predicción con evidencia suficiente.
2,19,backend,backend,frontend,True,0.1862930803022742,-0.8568182643671365,1.0431113446694107,18,199,217,aceptada,Predicción con evidencia suficiente.
2,1147,cloud,cloud,datascience,True,0.323635317585372,-0.7230159204648566,1.0466512380502286,31,254,285,aceptada,Predicción con evidencia suficiente.
2,1309,frontend,frontend,cloud,True,1.1354511026453795,-0.629797804150403,1.7652489067957826,13,161,174,revision,Cobertura reducida de características.
2,2675,datascience,datascience,backend,True,1.3977441882663155,-1.1680092475396133,2.565753435805929,45,345,390,aceptada,Predicción con evidencia suficiente.
2,4081,frontend,frontend,backend,True,0.261581382381992,-0.8113516650334908,1.0729330474154828,35,327,362,aceptada,Predicción con evidencia suficiente.
2,2670,datascience,backend,datascience,False,0.4080844891884332,0.16217151784453954,0.24591297134389367,36,268,304,revision,Margen de decisión reducido.
2,4084,frontend,frontend,cloud,True,0.7047359387591672,-0.7417146069395758,1.446450545698743,30,240,270,aceptada,Predicción con evidencia suficiente.
2,1156,frontend,frontend,backend,True,0.6571943986647787,-1.0394289793075802,1.696623377972359,11,201,212,aceptada,Predicción con evidencia suficiente.
2,235,backend,backend,cloud,True,1.1780198030486844,-0.6241994748951494,1.8022192779438337,30,320,350,aceptada,Predicción con evidencia suficiente.
2,2396,backend,backend,datascience,True,-0.40785900085568694,-0.4221267711004113,0.014267770244724365,23,322,345,revision,Margen de decisión reducido.
2,2454,frontend,cloud,frontend,False,-0.10602413201891758,-0.35039384475919433,0.24436971274027675,10,179,189,revision,Margen de decisión reducido.
2,4298,datascience,datascience,frontend,True,1.2522924777345377,-1.258877813489321,2.5111702912238587,26,225,251,aceptada,Predicción con evidencia suficiente.
2,1706,frontend,frontend,cloud,True,1.4604896754429981,-0.9663940210150065,2.4268836964580047,31,334,365,aceptada,Predicción con evidencia suficiente.
2,3170,frontend,frontend,backend,True,0.718064486573608,-0.5257886010366779,1.2438530876102858,11,190,201,aceptada,Predicción con evidencia suficiente.
2,4356,cloud,cloud,datascience,True,1.6473048256524998,-1.4024406164438283,3.049745442096328,37,254,291,aceptada,Predicción con evidencia suficiente.
2,833,cloud,cloud,frontend,True,0.9851054428910192,-0.838788659353558,1.8238941022445772,31,487,518,aceptada,Predicción con evidencia suficiente.
2,2176,backend,backend,frontend,True,0.8241106381119443,-0.6494875257635044,1.4735981638754487,25,381,406,aceptada,Predicción con evidencia suficiente.
2,3440,frontend,cloud,frontend,False,0.8069838575864791,0.5035206888638816,0.3034631687225975,34,231,265,revision,Margen de decisión reducido.
2,1261,frontend,backend,datascience,False,1.3062928542995829,-0.7671027767976822,2.073395631097265,25,409,434,aceptada,Predicción con evidencia suficiente.
2,2096,datascience,frontend,cloud,False,-0.019474497838156524,-0.6411838038235051,0.6217093059853487,22,239,261,revision,Margen de decisión reducido.
2,1449,frontend,cloud,frontend,False,-0.09916097724224837,-0.40226466797988747,0.3031036907376391,23,299,322,revision,Margen de decisión reducido.
2,3330,backend,backend,datascience,True,-0.01236441402099242,-0.6912650737215087,0.6789006597005163,28,318,346,aceptada,Predicción con evidencia suficiente.
2,2769,frontend,frontend,backend,True,2.1510254475155426,-1.2815000602341786,3.4325255077497214,13,180,193,aceptada,Predicción con evidencia suficiente.
2,3617,datascience,datascience,cloud,True,1.8564903974089926,-1.3794292613042904,3.235919658713283,30,270,300,aceptada,Predicción con evidencia suficiente.
2,2799,cloud,cloud,backend,True,1.7340930735619486,-1.0021059805313735,2.736199054093322,33,372,405,aceptada,Predicción con evidencia suficiente.
2,3826,datascience,datascience,backend,True,1.6488777390808729,-1.413387565729375,3.062265304810248,23,213,236,aceptada,Predicción con evidencia suficiente.
2,42,backend,backend,frontend,True,1.1305885588427342,-1.0041354621630236,2.134724021005758,29,264,293,aceptada,Predicción con evidencia suficiente.
2,4409,backend,backend,cloud,True,1.510472361296001,-1.0636421601360158,2.5741145214320165,20,386,406,aceptada,Predicción con evidencia suficiente.
2,3704,cloud,cloud,backend,True,0.9349336048136153,-0.2906636636107473,1.2255972684243626,13,180,193,aceptada,Predicción con evidencia suficiente.
2,1828,backend,backend,frontend,True,0.6423117747092089,-0.7268126386013647,1.3691244133105736,9,101,110,revision,Cobertura reducida de características.
2,3986,backend,cloud,backend,False,0.42127020402961624,-0.2430918685244845,0.6643620725541007,29,297,326,aceptada,Predicción con evidencia suficiente.
2,2953,frontend,frontend,cloud,True,2.1537545070009645,-1.49478027958146,3.6485347865824247,22,209,231,aceptada,Predicción con evidencia suficiente.
2,3416,backend,backend,frontend,True,0.985438526682739,-0.8434483457890569,1.828886872471796,30,244,274,aceptada,Predicción con evidencia suficiente.
2,4246,cloud,cloud,datascience,True,1.097614937039019,-1.12609332027908,2.2237082573180986,29,395,424,aceptada,Predicción con evidencia suficiente.
2,2335,datascience,datascience,frontend,True,1.4484132331422546,-1.3506722710464332,2.799085504188688,24,230,254,aceptada,Predicción con evidencia suficiente.
2,4055,cloud,cloud,frontend,True,1.1225866889483753,-1.0805470003812907,2.203133689329666,26,157,183,aceptada,Predicción con evidencia suficiente.
2,3031,cloud,cloud,frontend,True,0.23186914108806844,-0.48218260136336044,0.7140517424514289,26,329,355,aceptada,Predicción con evidencia suficiente.
2,2489,datascience,datascience,frontend,True,-0.12154245478666248,-0.20630246356883208,0.0847600087821696,21,292,313,revision,Margen de decisión reducido.
2,900,backend,backend,cloud,True,0.6675742919699483,-0.9096949810066653,1.5772692729766136,32,384,416,aceptada,Predicción con evidencia suficiente.
2,881,datascience,datascience,frontend,True,1.4770876488195113,-1.2431835359695194,2.7202711847890306,36,359,395,aceptada,Predicción con evidencia suficiente.
2,4366,datascience,datascience,cloud,True,0.2293269857346001,-0.6499094230040736,0.8792364087386737,23,277,300,aceptada,Predicción con evidencia suficiente.
2,922,frontend,frontend,backend,True,1.3942819373122544,-1.1350871130499178,2.529369050362172,34,433,467,aceptada,Predicción con evidencia suficiente.
2,4350,backend,backend,datascience,True,1.7075444725668996,-0.7027123372793916,2.4102568098462913,29,318,347,aceptada,Predicción con evidencia suficiente.
2,99,frontend,frontend,cloud,True,1.2102719572993956,-0.9185601237620536,2.128832081061449,14,229,243,aceptada,Predicción con evidencia suficiente.
2,1740,cloud,cloud,datascience,True,0.07876452815688861,-0.8111182492503438,0.8898827774072324,28,285,313,aceptada,Predicción con evidencia suficiente.
2,3076,frontend,frontend,backend,True,0.19088620390881852,-0.1558322992351041,0.3467185031439226,36,270,306,revision,Margen de decisión reducido.
2,709,backend,backend,frontend,True,0.46012595800053213,-0.6285606384441409,1.088686596444673,28,285,313,aceptada,Predicción con evidencia suficiente.
2,3775,datascience,datascience,frontend,True,1.2410989024152241,-1.2493739334679375,2.4904728358831614,28,233,261,aceptada,Predicción con evidencia suficiente.
2,901,frontend,frontend,backend,True,0.8179220900411469,-0.7891965942099372,1.607118684251084,11,204,215,aceptada,Predicción con evidencia suficiente.
2,94,cloud,cloud,backend,True,0.17362246416441773,-0.11788378010558631,0.29150624427000404,38,269,307,revision,Margen de decisión reducido.
2,3374,datascience,datascience,backend,True,1.1309186511423606,-0.7854680062569454,1.9163866573993058,41,300,341,aceptada,Predicción con evidencia suficiente.
2,3599,cloud,cloud,frontend,True,0.949428307848771,-0.7906996947248817,1.7401280025736527,28,242,270,aceptada,Predicción con evidencia suficiente.
2,2402,datascience,datascience,backend,True,0.24933783138989396,-0.4228708160775446,0.6722086474674386,27,271,298,aceptada,Predicción con evidencia suficiente.
2,1236,frontend,frontend,backend,True,1.0436012831569776,-0.7906296140030993,1.834230897160077,32,427,459,aceptada,Predicción con evidencia suficiente.
2,2796,cloud,backend,frontend,False,-0.40376813321174093,-0.4904340030370167,0.08666586982527574,17,366,383,revision,Margen de decisión reducido.
2,2771,cloud,cloud,backend,True,0.6341449104825815,-0.9092940256570414,1.5434389361396228,18,130,148,revision,Cobertura reducida de características.
2,1835,backend,backend,cloud,True,0.09681744698599704,-0.37193572941005887,0.4687531763960559,6,155,161,revision,Margen de decisión reducido.
2,3761,datascience,datascience,backend,True,0.0936860213279187,-0.5694558996830863,0.663141921011005,28,314,342,aceptada,Predicción con evidencia suficiente.
2,3452,backend,datascience,frontend,False,0.015751122577999932,-0.7227890835274279,0.7385402061054278,30,289,319,aceptada,Predicción con evidencia suficiente.
2,1752,frontend,frontend,cloud,True,0.909939676266523,-0.4964195859799596,1.4063592622464824,12,167,179,aceptada,Predicción con evidencia suficiente.
2,2049,backend,backend,frontend,True,0.15610184554782236,-0.11507549881863458,0.2711773443664569,35,214,249,revision,Margen de decisión reducido.
2,968,cloud,cloud,frontend,True,0.3875125854644924,-0.6557817517658913,1.0432943372303836,36,435,471,aceptada,Predicción con evidencia suficiente.
2,2767,cloud,cloud,datascience,True,0.5465381186326558,-0.5242800366971668,1.0708181553298226,41,379,420,aceptada,Predicción con evidencia suficiente.
2,2870,frontend,frontend,backend,True,0.29000601400253745,-0.6464062213994067,0.9364122354019442,42,378,420,aceptada,Predicción con evidencia suficiente.
2,4309,backend,backend,frontend,True,1.6762556991796342,-1.232518415105708,2.9087741142853423,35,368,403,aceptada,Predicción con evidencia suficiente.
2,2442,backend,backend,frontend,True,0.8756168607049899,-0.35923990455535026,1.2348567652603402,24,358,382,aceptada,Predicción con evidencia suficiente.
2,990,cloud,cloud,frontend,True,0.8326160757524944,-0.9906107008551669,1.8232267766076613,42,375,417,aceptada,Predicción con evidencia suficiente.
2,3249,frontend,frontend,cloud,True,0.7052655028307633,-0.997471551430108,1.7027370542608713,20,385,405,aceptada,Predicción con evidencia suficiente.
2,732,cloud,cloud,frontend,True,1.049123027775806,-1.0615634906549158,2.1106865184307217,25,175,200,aceptada,Predicción con evidencia suficiente.
2,122,datascience,datascience,frontend,True,1.2372675695949569,-1.125345706479233,2.36261327607419,24,261,285,aceptada,Predicción con evidencia suficiente.
2,1257,backend,backend,cloud,True,0.6683988621465327,-0.6321332594878271,1.3005321216343597,26,361,387,aceptada,Predicción con evidencia suficiente.
2,2585,datascience,datascience,backend,True,0.44892250319659155,-0.4233281487282969,0.8722506519248885,39,267,306,aceptada,Predicción con evidencia suficiente.
2,1047,datascience,datascience,frontend,True,1.053154547485036,-1.1323348841052054,2.1854894315902413,40,364,404,aceptada,Predicción con evidencia suficiente.
2,18,frontend,datascience,cloud,False,-0.19361109018135558,-0.4381296773180685,0.24451858713671293,5,106,111,revision,Margen de decisión reducido.
2,4254,frontend,frontend,backend,True,0.6509454825930374,-0.4188166237492401,1.0697621063422775,28,294,322,aceptada,Predicción con evidencia suficiente.
2,457,cloud,cloud,frontend,True,0.3832498153259597,-0.5108956614544073,0.894145476780367,22,240,262,aceptada,Predicción con evidencia suficiente.
2,3916,frontend,backend,frontend,False,-0.12694033079310119,-0.46313018817812796,0.33618985738502677,29,305,334,revision,Margen de decisión reducido.
2,4400,frontend,frontend,datascience,True,0.4634942165658631,-0.8557660703445835,1.3192602869104466,23,219,242,aceptada,Predicción con evidencia suficiente.
2,1498,frontend,frontend,backend,True,1.2216996274664935,-1.3684640531758405,2.590163680642334,9,209,218,aceptada,Predicción con evidencia suficiente.
2,1079,datascience,datascience,cloud,True,0.3626269840597549,-0.5970188759312337,0.9596458599909886,23,387,410,aceptada,Predicción con evidencia suficiente.
2,1619,cloud,cloud,backend,True,1.3668598325327084,-0.19951937592274405,1.5663792084554524,32,294,326,aceptada,Predicción con evidencia suficiente.
2,3513,backend,backend,frontend,True,0.013953088743803188,-0.5530804990611021,0.5670335878049053,29,478,507,revision,Margen de decisión reducido.
2,2418,frontend,frontend,backend,True,0.9764041975294312,-0.43191228966214473,1.4083164871915759,10,203,213,aceptada,Predicción con evidencia suficiente.
2,1766,datascience,datascience,backend,True,0.9824367653897439,-0.6346288858779965,1.6170656512677404,35,189,224,aceptada,Predicción con evidencia suficiente.
2,731,cloud,cloud,frontend,True,1.427309497284217,-0.8467990650817648,2.274108562365982,33,266,299,aceptada,Predicción con evidencia suficiente.
2,2132,datascience,datascience,frontend,True,1.212196894924509,-0.9244053439092281,2.136602238833737,41,468,509,aceptada,Predicción con evidencia suficiente.
2,175,datascience,datascience,backend,True,0.6306994547128248,-0.836554018633759,1.4672534733465838,20,218,238,aceptada,Predicción con evidencia suficiente.
2,3230,datascience,datascience,cloud,True,0.27025783481252463,-0.15292747108209115,0.4231853058946158,28,274,302,revision,Margen de decisión reducido.
2,2679,backend,backend,cloud,True,1.1828120459020708,-0.5900513628040166,1.7728634087060873,30,391,421,aceptada,Predicción con evidencia suficiente.
2,2451,cloud,backend,cloud,False,-0.2595920082828782,-0.3302691671076549,0.07067715882477671,25,228,253,revision,Margen de decisión reducido.
2,2228,frontend,frontend,backend,True,0.021736082732476375,-0.5689285416870963,0.5906646244195727,17,282,299,revision,Margen de decisión reducido.
2,1939,cloud,cloud,frontend,True,0.976141094136754,-0.7050645490351152,1.6812056431718692,25,216,241,aceptada,Predicción con evidencia suficiente.
2,1600,cloud,cloud,backend,True,2.235535339809911,-1.4082554301247745,3.6437907699346854,31,221,252,aceptada,Predicción con evidencia suficiente.
2,1001,frontend,frontend,datascience,True,1.8249462876781506,-1.3566640452345298,3.1816103329126806,25,186,211,aceptada,Predicción con evidencia suficiente.
2,3510,frontend,frontend,datascience,True,0.44134836030193414,-0.6562624378504188,1.097610798152353,27,349,376,aceptada,Predicción con evidencia suficiente.
2,907,datascience,datascience,cloud,True,0.15615110739559268,-0.07807114305278429,0.23422225044837697,30,271,301,revision,Margen de decisión reducido.
2,1994,cloud,cloud,backend,True,0.3532020662204899,-0.586992839421649,0.9401949056421389,38,282,320,aceptada,Predicción con evidencia suficiente.
2,3212,datascience,datascience,cloud,True,-0.07252790733380132,-0.31829177146081616,0.24576386412701484,17,220,237,revision,Margen de decisión reducido.
2,3996,frontend,frontend,backend,True,0.5699350787173957,-0.5984051724213755,1.1683402511387713,32,334,366,aceptada,Predicción con evidencia suficiente.
2,2247,backend,backend,frontend,True,0.6665660302926919,-0.45317663109576267,1.1197426613884547,12,186,198,aceptada,Predicción con evidencia suficiente.
2,4422,cloud,cloud,frontend,True,-0.3468222294569026,-0.47940215740849323,0.13257992795159063,27,268,295,revision,Margen de decisión reducido.
2,1233,datascience,datascience,frontend,True,1.5592933556707946,-1.257307719790935,2.8166010754617297,26,202,228,aceptada,Predicción con evidencia suficiente.
2,3451,backend,backend,cloud,True,0.5346852972722902,-0.7801739854714891,1.3148592827437793,29,373,402,aceptada,Predicción con evidencia suficiente.
2,3115,datascience,datascience,cloud,True,0.9159171207169996,-1.0694011185880483,1.985318239305048,16,226,242,aceptada,Predicción con evidencia suficiente.
2,4033,datascience,datascience,cloud,True,1.2581917390988535,-1.0799275006818048,2.3381192397806583,26,230,256,aceptada,Predicción con evidencia suficiente.
2,589,datascience,datascience,backend,True,-0.03709505571567384,-0.4289638915702474,0.39186883585457355,44,579,623,revision,Margen de decisión reducido.
2,12,backend,backend,cloud,True,0.6450723807955316,-0.47140271526378674,1.1164750960593184,37,337,374,aceptada,Predicción con evidencia suficiente.
2,1560,datascience,datascience,backend,True,1.4653263996702257,-1.380597617419604,2.8459240170898297,41,349,390,aceptada,Predicción con evidencia suficiente.
2,1316,backend,backend,frontend,True,1.4227042180176743,-0.8249232089609069,2.247627426978581,42,431,473,aceptada,Predicción con evidencia suficiente.
2,2770,frontend,frontend,cloud,True,1.1807882005880832,-0.6977035288632629,1.8784917294513461,27,315,342,aceptada,Predicción con evidencia suficiente.
2,3840,frontend,frontend,datascience,True,2.6860080489711393,-1.5538589964488105,4.23986704541995,10,197,207,aceptada,Predicción con evidencia suficiente.
2,2830,cloud,cloud,backend,True,1.5962460023671237,-1.2657030401081388,2.8619490424752625,30,231,261,aceptada,Predicción con evidencia suficiente.
2,3675,backend,backend,datascience,True,1.010665600567208,-0.7796514720149293,1.7903170725821371,32,369,401,aceptada,Predicción con evidencia suficiente.
2,628,backend,backend,cloud,True,1.4255715447040302,-1.140336082314108,2.565907627018138,18,293,311,aceptada,Predicción con evidencia suficiente.
2,2858,backend,frontend,backend,False,-0.24592602695913507,-0.37624376627641704,0.13031773931728197,20,272,292,revision,Margen de decisión reducido.
2,1179,backend,backend,cloud,True,0.1270154221183306,-0.5876982802137705,0.7147137023321011,6,236,242,aceptada,Predicción con evidencia suficiente.
2,3001,backend,backend,cloud,True,1.30542005206372,-0.9457815866409116,2.2512016387046314,20,341,361,aceptada,Predicción con evidencia suficiente.
2,385,datascience,cloud,backend,False,0.1779813416527648,-0.5385530493511187,0.7165343910038835,51,575,626,aceptada,Predicción con evidencia suficiente.
2,315,frontend,frontend,cloud,True,0.8883722208869581,-0.6459060520926826,1.5342782729796407,15,181,196,aceptada,Predicción con evidencia suficiente.
2,3032,backend,backend,cloud,True,0.18291245144255364,-0.5598846510759524,0.7427971025185061,26,309,335,aceptada,Predicción con evidencia suficiente.
2,4408,cloud,cloud,backend,True,0.9639188786641065,-0.9351169271760906,1.8990358058401973,43,364,407,aceptada,Predicción con evidencia suficiente.
2,3589,backend,backend,datascience,True,0.7442462801483851,-1.0565361954671542,1.8007824756155393,23,329,352,aceptada,Predicción con evidencia suficiente.
2,199,frontend,datascience,frontend,False,0.8501755439730521,-0.5996261082028825,1.4498016521759345,16,246,262,aceptada,Predicción con evidencia suficiente.
2,3722,backend,backend,cloud,True,0.02990478394156726,-0.17307112738239228,0.20297591132395953,18,154,172,revision,Margen de decisión reducido.
2,1187,backend,backend,cloud,True,0.6932519237799357,-0.4645096942342826,1.1577616180142183,31,329,360,aceptada,Predicción con evidencia suficiente.
2,2467,frontend,frontend,datascience,True,1.0038193067366785,-0.8618210594714415,1.86564036620812,13,178,191,aceptada,Predicción con evidencia suficiente.
2,1791,cloud,cloud,frontend,True,0.8840633540615735,-1.0276916611431208,1.9117550152046943,16,186,202,aceptada,Predicción con evidencia suficiente.
2,3148,backend,datascience,backend,False,0.04043834467625407,-0.5859665001316768,0.6264048448079309,29,285,314,revision,Margen de decisión reducido.
2,3747,frontend,frontend,datascience,True,0.8459828716043672,-0.5693554555274958,1.4153383271318631,15,247,262,aceptada,Predicción con evidencia suficiente.
2,2559,frontend,frontend,backend,True,1.055881133396451,-1.2943483410549117,2.3502294744513628,15,106,121,revision,Cobertura reducida de características.
2,3499,frontend,frontend,datascience,True,0.8186506312757355,-0.8060909495108453,1.6247415807865808,9,229,238,aceptada,Predicción con evidencia suficiente.
2,4093,datascience,datascience,backend,True,0.647352927807417,-0.8025646099484639,1.4499175377558808,23,239,262,aceptada,Predicción con evidencia suficiente.
2,1595,cloud,cloud,backend,True,0.9184676901050687,-0.5749717700641723,1.493439460169241,13,173,186,aceptada,Predicción con evidencia suficiente.
2,1799,datascience,datascience,cloud,True,0.6989321608199253,-0.35107482699211073,1.050006987812036,20,193,213,aceptada,Predicción con evidencia suficiente.
2,1016,cloud,cloud,backend,True,0.5339823569561896,-0.6889214940741917,1.2229038510303814,18,306,324,aceptada,Predicción con evidencia suficiente.
2,1773,datascience,datascience,backend,True,0.39228763461960137,-0.1286357408660872,0.5209233754856886,19,336,355,revision,Margen de decisión reducido.
2,665,datascience,datascience,backend,True,1.0659632445126912,-0.6777895964680329,1.7437528409807241,20,283,303,aceptada,Predicción con evidencia suficiente.
2,736,datascience,datascience,frontend,True,0.8928526874552398,-1.1455837600196292,2.038436447474869,20,211,231,aceptada,Predicción con evidencia suficiente.
2,4308,cloud,cloud,backend,True,1.7131599396597177,-1.3573035903079793,3.070463529967697,39,257,296,aceptada,Predicción con evidencia suficiente.
2,1407,datascience,datascience,cloud,True,0.23283013498498506,-0.4739787213803554,0.7068088563653405,21,282,303,aceptada,Predicción con evidencia suficiente.
2,4579,datascience,cloud,frontend,False,0.1909010178514795,-0.3034406761577594,0.4943416940092389,16,181,197,revision,Margen de decisión reducido.
2,672,backend,backend,datascience,True,1.7484882626942528,-1.2188322117729968,2.9673204744672494,31,313,344,aceptada,Predicción con evidencia suficiente.
2,973,cloud,cloud,frontend,True,1.6002515657803436,-1.0611504775503628,2.6614020433307064,27,326,353,aceptada,Predicción con evidencia suficiente.
2,2910,datascience,datascience,backend,True,1.6646832118375074,-1.4034935477768284,3.068176759614336,23,228,251,aceptada,Predicción con evidencia suficiente.
2,188,frontend,frontend,datascience,True,1.4146127595255762,-1.1386662024632028,2.553278961988779,22,276,298,aceptada,Predicción con evidencia suficiente.
2,4571,backend,backend,cloud,True,1.370640760715182,-0.8737727152264156,2.244413475941598,35,368,403,aceptada,Predicción con evidencia suficiente.
2,1284,cloud,cloud,backend,True,0.7602935881882257,-0.5164186641189753,1.276712252307201,32,283,315,aceptada,Predicción con evidencia suficiente.
2,2192,cloud,cloud,backend,True,0.866593662563668,-0.6757421552203575,1.5423358177840254,38,368,406,aceptada,Predicción con evidencia suficiente.
2,3623,backend,cloud,backend,False,0.05420946057922038,-0.28051792616662025,0.3347273867458406,17,248,265,revision,Margen de decisión reducido.
2,2775,frontend,frontend,cloud,True,0.5936412306047179,-0.6667580389218832,1.260399269526601,30,283,313,aceptada,Predicción con evidencia suficiente.
2,4334,backend,backend,frontend,True,0.04212950242865199,-0.2876255268940422,0.3297550293226942,21,293,314,revision,Margen de decisión reducido.
2,466,backend,backend,frontend,True,0.9751984296535916,-0.8515439915011044,1.8267424211546959,40,326,366,aceptada,Predicción con evidencia suficiente.
2,1258,cloud,cloud,frontend,True,1.2788248280537649,-1.2155916594435712,2.494416487497336,37,275,312,aceptada,Predicción con evidencia suficiente.
2,3313,cloud,cloud,frontend,True,1.8097292868754713,-1.055485316981045,2.8652146038565163,28,384,412,aceptada,Predicción con evidencia suficiente.
2,3809,cloud,cloud,datascience,True,-0.1495413488009233,-0.6657170940569808,0.5161757452560575,24,324,348,revision,Margen de decisión reducido.
2,1097,frontend,frontend,backend,True,0.666004492653016,-0.3313945062200169,0.997398998873033,9,178,187,aceptada,Predicción con evidencia suficiente.
2,2413,frontend,frontend,cloud,True,0.7379296169310037,-0.8961481163498817,1.6340777332808853,20,208,228,aceptada,Predicción con evidencia suficiente.
2,3720,frontend,frontend,cloud,True,-0.02365084570461845,-0.5048737616110557,0.48122291590643723,3,143,146,revision,Margen de decisión reducido.
2,3682,cloud,cloud,backend,True,0.15298548375375476,-0.7864487917431408,0.9394342754968955,22,335,357,aceptada,Predicción con evidencia suficiente.
2,3547,cloud,cloud,frontend,True,1.4449254893604175,-1.2503430098820194,2.695268499242437,22,336,358,aceptada,Predicción con evidencia suficiente.
2,3339,frontend,frontend,cloud,True,1.5177589997976362,-0.9215291884875529,2.439288188285189,27,266,293,aceptada,Predicción con evidencia suficiente.
2,761,frontend,frontend,datascience,True,0.06732963935332834,-0.5402546204771166,0.607584259830445,22,443,465,revision,Margen de decisión reducido.
2,4346,backend,datascience,backend,False,0.3229061066702339,-0.4499567825821466,0.7728628892523806,40,364,404,aceptada,Predicción con evidencia suficiente.
2,2778,cloud,frontend,cloud,False,0.07439745330074718,-0.17742690893075552,0.25182436223150273,35,310,345,revision,Margen de decisión reducido.
2,2900,backend,backend,cloud,True,0.17159147451951307,-0.4408184052612745,0.6124098797807875,40,223,263,revision,Margen de decisión reducido.
2,3081,backend,backend,cloud,True,0.19708851670142002,-0.8001605943031529,0.9972491110045729,32,326,358,aceptada,Predicción con evidencia suficiente.
2,3646,backend,backend,datascience,True,0.44512282156684013,-0.6581059487355561,1.1032287703023962,36,227,263,aceptada,Predicción con evidencia suficiente.
2,2992,cloud,cloud,datascience,True,1.7704359523757311,-1.2475479653811004,3.0179839177568315,30,274,304,aceptada,Predicción con evidencia suficiente.
2,369,datascience,datascience,backend,True,2.3423965683036743,-1.50647923412417,3.848875802427844,23,206,229,aceptada,Predicción con evidencia suficiente.
2,3769,datascience,datascience,frontend,True,0.7922803263848224,-0.7251985644362041,1.5174788908210264,25,254,279,aceptada,Predicción con evidencia suficiente.
2,179,cloud,cloud,backend,True,0.9031126245971827,-1.0870074884347602,1.990120113031943,23,316,339,aceptada,Predicción con evidencia suficiente.
2,1061,cloud,cloud,backend,True,0.8974253547946841,-0.9977331930642274,1.8951585478589115,25,338,363,aceptada,Predicción con evidencia suficiente.
2,1252,datascience,datascience,backend,True,0.21236989434973785,-0.34715594669911093,0.5595258410488488,22,356,378,revision,Margen de decisión reducido.
2,2174,cloud,cloud,backend,True,1.1878553455812488,-0.8734244318512837,2.0612797774325324,19,320,339,aceptada,Predicción con evidencia suficiente.
2,1078,backend,cloud,backend,False,1.3996491856672328,-0.3850975313102914,1.7847467169775242,32,396,428,aceptada,Predicción con evidencia suficiente.
2,2435,datascience,datascience,frontend,True,1.2244774716771902,-1.1281726891048283,2.3526501607820185,25,282,307,aceptada,Predicción con evidencia suficiente.
2,944,datascience,datascience,frontend,True,0.39370497591555753,-0.732447557899669,1.1261525338152265,29,272,301,aceptada,Predicción con evidencia suficiente.
2,2838,backend,backend,cloud,True,1.417615138243418,-0.661297454664228,2.078912592907646,29,367,396,aceptada,Predicción con evidencia suficiente.
2,1482,cloud,cloud,backend,True,0.494331331163946,-1.0016739513780046,1.4960052825419505,21,281,302,aceptada,Predicción con evidencia suficiente.
2,1221,cloud,cloud,frontend,True,1.8827833126070805,-1.2788987439337058,3.161682056540786,31,390,421,aceptada,Predicción con evidencia suficiente.
2,4129,datascience,datascience,frontend,True,0.21705062779373607,-0.8062450883563238,1.0232957161500598,37,351,388,aceptada,Predicción con evidencia suficiente.
2,1399,datascience,datascience,backend,True,1.8755873189525316,-1.0684510821798254,2.944038401132357,50,478,528,aceptada,Predicción con evidencia suficiente.
2,1108,datascience,datascience,cloud,True,1.0574881071659472,-0.49344008930873395,1.5509281964746813,29,275,304,aceptada,Predicción con evidencia suficiente.
2,1545,frontend,frontend,backend,True,1.5390861297840484,-0.9657806985886148,2.504866828372663,9,146,155,revision,Cobertura reducida de características.
2,1089,frontend,frontend,cloud,True,2.168744433835224,-1.386253682693789,3.554998116529013,15,204,219,aceptada,Predicción con evidencia suficiente.
2,4363,datascience,datascience,cloud,True,0.9165843078139351,-0.449014072845519,1.365598380659454,25,347,372,aceptada,Predicción con evidencia suficiente.
2,3718,frontend,frontend,datascience,True,-0.22963569868919617,-0.5544278400523885,0.32479214136319234,11,166,177,revision,Margen de decisión reducido.
2,3770,datascience,datascience,frontend,True,0.8549165700879973,-0.6627212288705883,1.5176377989585856,30,378,408,aceptada,Predicción con evidencia suficiente.
2,2986,frontend,frontend,backend,True,2.6889970653713307,-1.3280684822115951,4.017065547582925,14,189,203,aceptada,Predicción con evidencia suficiente.
2,627,cloud,cloud,datascience,True,0.751564393408959,-0.8753677779714568,1.6269321713804157,37,227,264,aceptada,Predicción con evidencia suficiente.
2,980,frontend,frontend,backend,True,0.0536251652659728,-0.23218732468520986,0.2858124899511827,35,317,352,revision,Margen de decisión reducido.
2,1920,datascience,datascience,backend,True,0.1533896976645499,-0.36318564769221806,0.516575345356768,39,368,407,revision,Margen de decisión reducido.
2,568,backend,backend,cloud,True,0.2994973585459375,-0.7316601437366214,1.031157502282559,11,147,158,revision,Cobertura reducida de características.
2,4253,cloud,datascience,cloud,False,0.24583509531658687,0.14155651435313754,0.10427858096344933,35,444,479,revision,Margen de decisión reducido.
2,2188,datascience,datascience,cloud,True,0.6838188522170889,-0.723863041127661,1.40768189334475,29,354,383,aceptada,Predicción con evidencia suficiente.
2,4108,cloud,cloud,frontend,True,-0.11379717243068221,-0.5437156586123336,0.4299184861816514,19,335,354,revision,Margen de decisión reducido.
2,3534,cloud,cloud,backend,True,0.35331529313321053,-0.6092667261272868,0.9625820192604974,42,467,509,aceptada,Predicción con evidencia suficiente.
2,258,frontend,frontend,cloud,True,1.2156032929854073,-1.0431230635448294,2.2587263565302367,17,245,262,aceptada,Predicción con evidencia suficiente.
2,4234,backend,backend,frontend,True,1.0426228256732009,-0.9107733579243597,1.9533961835975604,30,232,262,aceptada,Predicción con evidencia suficiente.
2,3877,backend,backend,cloud,True,0.5539234143483394,-0.2731964027574724,0.8271198171058118,23,355,378,aceptada,Predicción con evidencia suficiente.
2,2214,frontend,frontend,cloud,True,1.8327772844647587,-1.4051882359557286,3.237965520420487,23,249,272,aceptada,Predicción con evidencia suficiente.
2,2177,datascience,datascience,frontend,True,-0.017460609274628003,-0.7339706019234525,0.7165099926488245,13,176,189,aceptada,Predicción con evidencia suficiente.
2,3925,cloud,cloud,datascience,True,2.756395733001689,-1.647446988256025,4.403842721257714,24,317,341,aceptada,Predicción con evidencia suficiente.
2,1129,backend,backend,frontend,True,0.05484100964937222,-0.24972370432728927,0.3045647139766615,22,384,406,revision,Margen de decisión reducido.
2,3430,datascience,datascience,frontend,True,1.5434148552328721,-1.3309035928695898,2.874318448102462,21,216,237,aceptada,Predicción con evidencia suficiente.
2,4009,datascience,datascience,frontend,True,1.5962313088370468,-1.302916082799505,2.8991473916365518,22,209,231,aceptada,Predicción con evidencia suficiente.
2,787,cloud,cloud,backend,True,0.7595880746630969,-0.8818592678760555,1.6414473425391525,11,227,238,aceptada,Predicción con evidencia suficiente.
2,1519,cloud,cloud,frontend,True,0.9847565291767438,-0.8878575716393265,1.8726141008160704,20,195,215,aceptada,Predicción con evidencia suficiente.
2,2602,cloud,backend,cloud,False,0.16109503387746194,-0.7306954218325159,0.8917904557099778,20,290,310,aceptada,Predicción con evidencia suficiente.
2,4467,datascience,datascience,backend,True,1.1691925243926253,-1.0793796366199424,2.248572161012568,17,276,293,aceptada,Predicción con evidencia suficiente.
2,4492,cloud,cloud,datascience,True,0.9378395595325749,-1.1372496316458056,2.0750891911783804,19,317,336,aceptada,Predicción con evidencia suficiente.
2,3080,backend,backend,frontend,True,0.681727164690147,-0.540239378478311,1.221966543168458,21,248,269,aceptada,Predicción con evidencia suficiente.
2,3470,backend,cloud,datascience,False,-0.22165154511516072,-0.6601125546062984,0.43846100949113764,28,330,358,revision,Margen de decisión reducido.
2,3150,backend,cloud,backend,False,0.42943433283372967,-0.2538241832157944,0.6832585160495241,28,283,311,aceptada,Predicción con evidencia suficiente.
2,1378,frontend,frontend,backend,True,1.3823107998351365,-1.1981720719993976,2.5804828718345343,44,460,504,aceptada,Predicción con evidencia suficiente.
2,1281,cloud,cloud,backend,True,0.8731708823148289,-0.8268935486345383,1.700064430949367,36,326,362,aceptada,Predicción con evidencia suficiente.
2,2505,cloud,cloud,frontend,True,0.7654433745039123,-1.1069459800582178,1.87238935456213,25,364,389,aceptada,Predicción con evidencia suficiente.
2,4227,frontend,frontend,backend,True,-0.029656327087188294,-0.46151404909054977,0.4318577220033615,32,270,302,revision,Margen de decisión reducido.
2,2659,cloud,cloud,datascience,True,2.313619756092661,-1.6972114268573613,4.010831182950023,26,256,282,aceptada,Predicción con evidencia suficiente.
2,4393,cloud,cloud,frontend,True,0.06198747264197002,-0.5672679617928098,0.6292554344347798,31,334,365,revision,Margen de decisión reducido.
2,2700,datascience,datascience,backend,True,1.429906798148395,-1.3226742434743137,2.752581041622709,28,216,244,aceptada,Predicción con evidencia suficiente.
2,108,backend,backend,datascience,True,0.910746192122166,-0.943732649389649,1.854478841511815,32,305,337,aceptada,Predicción con evidencia suficiente.
2,3911,backend,backend,datascience,True,-0.3364959494645135,-0.4111193249624796,0.0746233754979661,32,331,363,revision,Margen de decisión reducido.
2,2296,datascience,datascience,backend,True,-0.1602943292107223,-0.5602204281159886,0.3999260989052663,20,171,191,revision,Margen de decisión reducido.
2,866,cloud,cloud,frontend,True,0.0560717676940814,-0.5680697770572082,0.6241415447512896,19,292,311,revision,Margen de decisión reducido.
2,193,datascience,datascience,backend,True,1.4948247175094262,-1.2604480576502004,2.755272775159627,23,225,248,aceptada,Predicción con evidencia suficiente.
2,2267,datascience,datascience,frontend,True,1.2880436339403716,-1.3895810128677257,2.6776246468080975,22,213,235,aceptada,Predicción con evidencia suficiente.
2,1360,frontend,frontend,backend,True,0.7217199047545673,-0.7071270197488367,1.4288469245034041,17,167,184,aceptada,Predicción con evidencia suficiente.
2,2206,datascience,backend,datascience,False,0.8049507017673148,0.06529063741494057,0.7396600643523742,34,369,403,aceptada,Predicción con evidencia suficiente.
2,1627,cloud,cloud,backend,True,0.9631888267978103,-0.04083510413949343,1.0040239309373038,27,315,342,aceptada,Predicción con evidencia suficiente.
2,2310,datascience,datascience,backend,True,1.3236402029034096,-1.3057754299226936,2.6294156328261034,26,217,243,aceptada,Predicción con evidencia suficiente.
2,1655,cloud,cloud,frontend,True,1.9211553789791314,-1.2986284117916749,3.2197837907708062,37,377,414,aceptada,Predicción con evidencia suficiente.
2,176,cloud,cloud,frontend,True,0.10503012780422205,-0.3617244635466643,0.46675459135088637,10,169,179,revision,Margen de decisión reducido.
2,3459,cloud,cloud,backend,True,0.755444040660015,-0.7957971541666935,1.5512411948267086,5,227,232,aceptada,Predicción con evidencia suficiente.
2,1662,frontend,frontend,cloud,True,1.1401918245093603,-1.0884758498034417,2.2286676743128018,18,190,208,aceptada,Predicción con evidencia suficiente.
2,1800,frontend,frontend,datascience,True,2.2066670507665016,-0.9525999714606721,3.1592670222271737,16,163,179,aceptada,Predicción con evidencia suficiente.
2,1573,frontend,frontend,datascience,True,-0.03907606631789651,-0.560587861890014,0.5215117955721175,15,208,223,revision,Margen de decisión reducido.
2,185,datascience,backend,datascience,False,-0.31204007241012227,-0.5766089682590415,0.26456889584891924,24,293,317,revision,Margen de decisión reducido.
2,3552,backend,backend,datascience,True,1.2932963322283906,-1.086607056656463,2.3799033888848538,37,303,340,aceptada,Predicción con evidencia suficiente.
2,1229,backend,backend,cloud,True,0.9950785870493519,-1.0737102818045723,2.0687888688539244,29,225,254,aceptada,Predicción con evidencia suficiente.
2,940,cloud,backend,frontend,False,-0.12204980238129826,-0.43140441038907096,0.3093546080077727,23,229,252,revision,Margen de decisión reducido.
2,103,backend,cloud,datascience,False,1.0931987047114364,-0.23246030532762707,1.3256590100390635,26,281,307,aceptada,Predicción con evidencia suficiente.
2,3315,backend,backend,frontend,True,0.6018107912663091,-0.937066253689377,1.5388770449556861,8,138,146,revision,Cobertura reducida de características.
2,1292,frontend,frontend,backend,True,1.1196689930219355,-0.3540472309578371,1.4737162239797725,16,210,226,aceptada,Predicción con evidencia suficiente.
2,1227,datascience,datascience,cloud,True,2.0971252411850623,-1.464134026664587,3.5612592678496493,42,381,423,aceptada,Predicción con evidencia suficiente.
2,4218,datascience,datascience,frontend,True,1.9958898192582828,-1.176877062170693,3.172766881428976,44,411,455,aceptada,Predicción con evidencia suficiente.
2,4445,frontend,frontend,backend,True,0.8756497787608865,-0.3628107722128897,1.2384605509737763,33,270,303,aceptada,Predicción con evidencia suficiente.
2,768,backend,backend,cloud,True,0.2638226918624367,-0.2254065995028799,0.48922929136531657,34,282,316,revision,Margen de decisión reducido.
2,2624,backend,backend,cloud,True,1.1913334046985453,-0.7954276977173399,1.986761102415885,35,311,346,aceptada,Predicción con evidencia suficiente.
2,2062,frontend,frontend,backend,True,0.4663805858289721,-0.4146834119477981,0.8810639977767702,23,196,219,aceptada,Predicción con evidencia suficiente.
2,4451,frontend,frontend,backend,True,1.309251111072469,-0.875700807193577,2.184951918266046,29,345,374,aceptada,Predicción con evidencia suficiente.
2,765,backend,backend,frontend,True,0.24579455854167154,-0.3133838487203814,0.5591784072620529,11,182,193,revision,Margen de decisión reducido.
2,306,datascience,datascience,backend,True,1.9206642354672512,-1.31530611154687,3.2359703470141215,39,365,404,aceptada,Predicción con evidencia suficiente.
2,1254,datascience,datascience,backend,True,1.014513373663604,-1.0036264043943424,2.0181397780579466,38,301,339,aceptada,Predicción con evidencia suficiente.
2,1259,backend,backend,cloud,True,1.1597516119092868,-0.9547070345809502,2.114458646490237,34,227,261,aceptada,Predicción con evidencia suficiente.
2,2495,frontend,frontend,backend,True,1.1553027937514333,-0.6982404986104613,1.8535432923618946,25,202,227,aceptada,Predicción con evidencia suficiente.
2,1241,backend,backend,frontend,True,0.9338391084357422,-0.6826778383626501,1.6165169467983924,27,273,300,aceptada,Predicción con evidencia suficiente.
2,341,cloud,cloud,frontend,True,1.0202025884046684,-0.8426479510309617,1.86285053943563,24,302,326,aceptada,Predicción con evidencia suficiente.
2,3354,cloud,cloud,backend,True,1.1918297673799239,-0.9635010276124883,2.155330794992412,27,211,238,aceptada,Predicción con evidencia suficiente.
2,2274,backend,backend,datascience,True,1.2823825190937372,-1.2041461182454676,2.486528637339205,28,276,304,aceptada,Predicción con evidencia suficiente.
2,3012,backend,backend,frontend,True,0.3015031503129608,-0.5910695927580507,0.8925727430710115,21,246,267,aceptada,Predicción con evidencia suficiente.
2,1320,datascience,datascience,cloud,True,1.295270806670519,-1.0637964220584286,2.3590672287289474,47,362,409,aceptada,Predicción con evidencia suficiente.
2,2307,frontend,backend,frontend,False,0.19402240828818795,-0.6213699266667293,0.8153923349549173,29,346,375,aceptada,Predicción con evidencia suficiente.
2,4314,frontend,frontend,backend,True,1.8840907285296018,-0.9605839960452256,2.844674724574827,29,410,439,aceptada,Predicción con evidencia suficiente.
2,3726,frontend,frontend,backend,True,0.8934681443316427,-0.8712662131194722,1.7647343574511147,16,147,163,revision,Cobertura reducida de características.
2,3992,cloud,cloud,frontend,True,1.086003995833146,-1.069407706301334,2.1554117021344803,25,157,182,aceptada,Predicción con evidencia suficiente.
2,4520,frontend,frontend,backend,True,1.154537695313919,-1.1738928149150567,2.3284305102289755,21,121,142,revision,Cobertura reducida de características.
2,4078,backend,frontend,backend,False,-0.07986874465441485,-0.5358363159510947,0.45596757129667986,34,233,267,revision,Margen de decisión reducido.
2,1753,datascience,datascience,frontend,True,1.8436875133033805,-1.497091572219681,3.3407790855230615,26,202,228,aceptada,Predicción con evidencia suficiente.
2,656,cloud,datascience,cloud,False,0.35124550493358386,-0.47153672507207967,0.8227822300056635,24,323,347,aceptada,Predicción con evidencia suficiente.
2,3538,frontend,frontend,datascience,True,1.7288938710623707,-0.7985896838010461,2.5274835548634167,28,281,309,aceptada,Predicción con evidencia suficiente.
2,2843,frontend,frontend,datascience,True,2.38538376914909,-1.3923944977946046,3.7777782669436943,14,182,196,aceptada,Predicción con evidencia suficiente.
2,2759,frontend,frontend,backend,True,1.7088821192121728,-0.9880696840905069,2.69695180330268,23,257,280,aceptada,Predicción con evidencia suficiente.
2,191,cloud,cloud,datascience,True,0.6809237527907094,-0.8806070555755389,1.5615308083662482,24,334,358,aceptada,Predicción con evidencia suficiente.
2,1415,frontend,cloud,backend,False,0.11062677659887643,-0.5459156620977239,0.6565424386966003,25,292,317,aceptada,Predicción con evidencia suficiente.
2,2127,backend,backend,cloud,True,0.17110165116433984,-0.4305554888395315,0.6016571400038713,38,269,307,revision,Margen de decisión reducido.
2,146,frontend,frontend,backend,True,0.7789120972877285,-0.6697524504565475,1.448664547744276,26,223,249,aceptada,Predicción con evidencia suficiente.
2,1981,frontend,frontend,backend,True,-0.2980947740437554,-0.4644507350549168,0.1663559610111614,12,207,219,revision,Margen de decisión reducido.
2,1298,datascience,datascience,backend,True,1.4325337558539315,-1.3247855106713313,2.757319266525263,26,213,239,aceptada,Predicción con evidencia suficiente.
2,4423,frontend,frontend,backend,True,1.1840896813724093,-1.17027026627196,2.3543599476443693,14,147,161,revision,Cobertura reducida de características.
2,4047,backend,backend,frontend,True,0.8468393970773369,-1.0647482002020676,1.9115875972794045,24,282,306,aceptada,Predicción con evidencia suficiente.
2,912,frontend,frontend,cloud,True,2.0151806742223353,-1.0418763409105674,3.0570570151329024,17,134,151,revision,Cobertura reducida de características.
2,1094,frontend,frontend,datascience,True,2.833931273750874,-1.6292256875455884,4.4631569612964626,11,234,245,aceptada,Predicción con evidencia suficiente.
2,3384,backend,backend,frontend,True,0.06508798934656057,-0.5263797947267235,0.591467784073284,26,231,257,revision,Margen de decisión reducido.
2,4344,frontend,frontend,datascience,True,1.4376356394982641,-1.1777633641095724,2.6153990036078367,15,140,155,revision,Cobertura reducida de características.
2,3288,cloud,cloud,frontend,True,1.036252648753146,-0.9880245085882868,2.024277157341433,18,357,375,aceptada,Predicción con evidencia suficiente.
2,3626,datascience,datascience,backend,True,1.38489141329648,-1.0369383750020418,2.421829788298522,34,313,347,aceptada,Predicción con evidencia suficiente.
2,1917,frontend,frontend,datascience,True,-0.33201924322659226,-0.3338452638309384,0.0018260206043461125,35,363,398,revision,Margen de decisión reducido.
2,70,backend,backend,frontend,True,1.4986950376933834,-1.0878787817049302,2.5865738193983137,37,269,306,aceptada,Predicción con evidencia suficiente.
2,1892,backend,backend,frontend,True,1.1029772207714088,-1.0241034490358054,2.1270806698072144,18,194,212,aceptada,Predicción con evidencia suficiente.
2,3015,frontend,frontend,backend,True,1.569739179171004,-1.3624861678838318,2.932225347054836,12,154,166,revision,Cobertura reducida de características.
2,2453,frontend,frontend,datascience,True,0.3248291969914868,-0.63304864823778,0.9578778452292668,15,245,260,aceptada,Predicción con evidencia suficiente.
2,221,cloud,cloud,datascience,True,1.3322891130282324,-1.1831208778853999,2.515409990913632,26,156,182,aceptada,Predicción con evidencia suficiente.
2,2710,frontend,frontend,datascience,True,1.1540655998311509,-1.0458866983423407,2.199952298173492,10,242,252,aceptada,Predicción con evidencia suficiente.
2,4115,frontend,frontend,cloud,True,1.5641623839769958,-1.147711025003704,2.7118734089806997,33,318,351,aceptada,Predicción con evidencia suficiente.
2,3360,datascience,datascience,cloud,True,0.6133010369864345,-0.7058906411462607,1.3191916781326951,42,390,432,aceptada,Predicción con evidencia suficiente.
2,135,backend,backend,frontend,True,0.34132713413961246,-0.8928617442553795,1.234188878394992,18,281,299,aceptada,Predicción con evidencia suficiente.
2,1088,datascience,datascience,cloud,True,0.41292023834977587,-0.459073253917655,0.8719934922674308,28,269,297,aceptada,Predicción con evidencia suficiente.
2,2601,datascience,datascience,backend,True,0.03549207608027227,-0.5692173081849348,0.604709384265207,26,329,355,revision,Margen de decisión reducido.
2,2193,cloud,cloud,backend,True,1.9469180240972794,-1.4736485739060772,3.4205665980033566,53,570,623,aceptada,Predicción con evidencia suficiente.
2,3636,cloud,cloud,frontend,True,0.16285345590156441,0.06566553621302543,0.09718791968853899,25,328,353,revision,Margen de decisión reducido.
2,1249,backend,backend,datascience,True,0.5648797062476532,-0.39905518814787444,0.9639348943955276,26,369,395,aceptada,Predicción con evidencia suficiente.
2,2565,backend,backend,datascience,True,-0.09210661896256189,-0.4992731250876968,0.4071665061251349,38,317,355,revision,Margen de decisión reducido.
2,1478,backend,cloud,datascience,False,-0.19722579432933118,-0.4487480261922325,0.2515222318629013,25,253,278,revision,Margen de decisión reducido.
2,3366,backend,backend,cloud,True,1.0782754717503564,-0.80506663869106,1.8833421104414163,26,272,298,aceptada,Predicción con evidencia suficiente.
2,548,frontend,backend,datascience,False,0.02922625822599567,-0.44277127328534477,0.47199753151134044,27,308,335,revision,Margen de decisión reducido.
2,4544,frontend,frontend,backend,True,0.6591781072209542,-0.6406748568937919,1.299852964114746,8,200,208,aceptada,Predicción con evidencia suficiente.
2,4283,cloud,cloud,backend,True,1.4120004410281362,-1.0325509825628605,2.4445514235909966,35,269,304,aceptada,Predicción con evidencia suficiente.
2,2528,cloud,cloud,frontend,True,1.0990244488834349,-1.0417189853041136,2.1407434341875486,25,155,180,aceptada,Predicción con evidencia suficiente.
2,2349,frontend,frontend,datascience,True,2.9324730730935418,-1.3346841604241861,4.267157233517728,12,204,216,aceptada,Predicción con evidencia suficiente.
2,801,backend,backend,frontend,True,0.6702923667887322,-0.6276860636211878,1.29797843040992,28,277,305,aceptada,Predicción con evidencia suficiente.
2,635,backend,datascience,frontend,False,-0.14422889887016344,-0.5884858023151389,0.4442569034449755,21,250,271,revision,Margen de decisión reducido.
2,3364,backend,backend,cloud,True,0.8601180622890716,-0.5784357421308396,1.4385538044199113,21,309,330,aceptada,Predicción con evidencia suficiente.
2,3783,frontend,frontend,cloud,True,0.14720330504454734,-0.5247349522813904,0.6719382573259378,38,270,308,aceptada,Predicción con evidencia suficiente.
2,851,frontend,frontend,cloud,True,1.4439136447629826,-1.2833437527615028,2.727257397524485,41,301,342,aceptada,Predicción con evidencia suficiente.
2,3971,frontend,datascience,frontend,False,-0.42423412548494527,-0.4579351452273711,0.03370101974242584,4,105,109,revision,Margen de decisión reducido.
2,2933,datascience,datascience,cloud,True,0.2924593539158169,-0.5839252773269461,0.876384631242763,46,414,460,aceptada,Predicción con evidencia suficiente.
2,2053,datascience,datascience,cloud,True,-0.4418850982773867,-0.48980587212755433,0.04792077385016763,35,240,275,revision,Margen de decisión reducido.
2,4183,datascience,datascience,cloud,True,1.3063184811957729,-0.9606605326331668,2.26697901382894,41,422,463,aceptada,Predicción con evidencia suficiente.
2,2918,frontend,frontend,datascience,True,0.023823460949630698,-0.8393374368819236,0.8631608978315544,30,273,303,aceptada,Predicción con evidencia suficiente.
2,2082,backend,backend,frontend,True,0.794230489994127,-0.7276925136432153,1.5219230036373423,41,389,430,aceptada,Predicción con evidencia suficiente.
2,2676,cloud,cloud,frontend,True,0.7748306013169096,-0.5953748420561448,1.3702054433730544,22,376,398,aceptada,Predicción con evidencia suficiente.
2,1649,cloud,cloud,datascience,True,1.5335647996074662,-1.2134285998676304,2.7469933994750964,21,396,417,aceptada,Predicción con evidencia suficiente.
2,112,cloud,cloud,datascience,True,1.9108802240736078,-1.4462773844277115,3.3571576085013195,37,338,375,aceptada,Predicción con evidencia suficiente.
2,3823,datascience,datascience,cloud,True,1.027682049474937,-0.8447662982025906,1.8724483476775275,38,355,393,aceptada,Predicción con evidencia suficiente.
2,2516,datascience,datascience,frontend,True,-0.0033427253941188395,-0.19292637399938647,0.18958364860526764,36,281,317,revision,Margen de decisión reducido.
2,1427,cloud,cloud,datascience,True,1.0442334328080913,-1.149332497872888,2.1935659306809794,37,291,328,aceptada,Predicción con evidencia suficiente.
2,273,frontend,frontend,backend,True,1.1852733099129709,-0.9094359916987047,2.0947093016116756,34,254,288,aceptada,Predicción con evidencia suficiente.
2,262,cloud,cloud,backend,True,0.2937282770743571,-0.5056716367351721,0.7993999138095292,27,288,315,aceptada,Predicción con evidencia suficiente.
2,929,frontend,frontend,datascience,True,1.060414190161103,-0.8674041318011046,1.9278183219622078,11,161,172,revision,Cobertura reducida de características.
2,4275,backend,backend,cloud,True,0.43511786358856774,-0.9086468712095002,1.343764734798068,21,172,193,aceptada,Predicción con evidencia suficiente.
2,4225,cloud,cloud,frontend,True,0.0013704080497864979,-0.14237684756052613,0.14374725561031262,26,281,307,revision,Margen de decisión reducido.
2,2292,datascience,datascience,backend,True,0.9669041956705895,-0.9269041495630753,1.8938083452336647,23,229,252,aceptada,Predicción con evidencia suficiente.
2,4539,backend,backend,frontend,True,0.39924324234071906,-0.6194923501487949,1.0187355924895138,21,332,353,aceptada,Predicción con evidencia suficiente.
2,2527,cloud,backend,cloud,False,0.4126128781368419,0.35900347512465813,0.053609403012183754,45,444,489,revision,Margen de decisión reducido.
2,925,cloud,cloud,datascience,True,0.9196645681428329,-0.24191475733973422,1.1615793254825673,7,164,171,revision,Cobertura reducida de características.
2,4052,backend,backend,frontend,True,-0.07717950954614983,-0.7752873225719383,0.6981078130257885,18,196,214,aceptada,Predicción con evidencia suficiente.
2,216,datascience,datascience,frontend,True,0.9645003672139483,-1.030813673552414,1.9953140407663623,45,379,424,aceptada,Predicción con evidencia suficiente.
2,3835,frontend,frontend,backend,True,1.4572691046503046,-1.3298385675715623,2.787107672221867,12,209,221,aceptada,Predicción con evidencia suficiente.
2,4481,backend,frontend,backend,False,0.21002215553193712,-0.17614929407424595,0.3861714496061831,31,238,269,revision,Margen de decisión reducido.
2,2581,frontend,frontend,backend,True,1.3673219256331892,-0.7252686398475622,2.0925905654807515,34,256,290,aceptada,Predicción con evidencia suficiente.
2,1716,backend,backend,cloud,True,0.7215531373998045,-0.6454567370841502,1.3670098744839547,33,335,368,aceptada,Predicción con evidencia suficiente.
2,3819,frontend,frontend,backend,True,-0.10269391116263366,-0.43281460645302755,0.3301206952903939,14,170,184,revision,Margen de decisión reducido.
2,2332,cloud,cloud,frontend,True,0.9883128039490342,-0.30718956502680084,1.2955023689758352,13,198,211,aceptada,Predicción con evidencia suficiente.
2,2917,frontend,frontend,cloud,True,0.8979333145708491,-1.0802863867692978,1.978219701340147,26,312,338,aceptada,Predicción con evidencia suficiente.
2,2660,datascience,backend,datascience,False,0.5277785168553695,-0.8671993913453736,1.394977908200743,30,323,353,aceptada,Predicción con evidencia suficiente.
2,1893,datascience,datascience,backend,True,0.6803577642113787,-0.562246769403491,1.2426045336148697,34,372,406,aceptada,Predicción con evidencia suficiente.
2,4192,frontend,frontend,backend,True,0.6903899128777119,-0.7219458462214259,1.4123357590991379,8,178,186,aceptada,Predicción con evidencia suficiente.
2,138,datascience,datascience,frontend,True,1.303129196382667,-1.277243969633337,2.5803731660160043,25,215,240,aceptada,Predicción con evidencia suficiente.
2,416,backend,backend,cloud,True,2.12909885978479,-1.1167399823931656,3.245838842177956,36,317,353,aceptada,Predicción con evidencia suficiente.
2,2275,cloud,cloud,backend,True,0.95014900877125,-0.5534573450647063,1.5036063538359563,22,313,335,aceptada,Predicción con evidencia suficiente.
2,2501,frontend,frontend,backend,True,-0.18824143132002447,-0.5702774496302349,0.3820360183102104,18,229,247,revision,Margen de decisión reducido.
2,685,frontend,backend,frontend,False,-0.028114744790755708,-0.052820030506588456,0.024705285715832748,26,363,389,revision,Margen de decisión reducido.
2,4311,cloud,cloud,frontend,True,0.7123592574376808,-1.0450892682639918,1.7574485257016725,26,376,402,aceptada,Predicción con evidencia suficiente.
2,194,datascience,cloud,datascience,False,0.16435902082373322,-0.2106388159739654,0.3749978367976986,15,210,225,revision,Margen de decisión reducido.
2,776,frontend,backend,datascience,False,0.12381734274541922,-0.2946760805147023,0.4184934232601215,24,207,231,revision,Margen de decisión reducido.
2,625,backend,backend,frontend,True,1.2910815148077364,-1.162829710717092,2.4539112255248283,29,382,411,aceptada,Predicción con evidencia suficiente.
2,2004,cloud,cloud,datascience,True,0.42416573222974174,-0.9899557675570098,1.4141214997867515,36,507,543,aceptada,Predicción con evidencia suficiente.
2,3078,backend,backend,frontend,True,0.8782909744323757,-1.146020701958398,2.0243116763907736,33,306,339,aceptada,Predicción con evidencia suficiente.
2,4535,frontend,frontend,cloud,True,-0.38557116131484426,-0.49600844703359714,0.11043728571875289,25,286,311,revision,Margen de decisión reducido.
2,2847,backend,frontend,datascience,False,-0.3371551894504494,-0.5476797891247605,0.21052459967431103,5,133,138,revision,Margen de decisión reducido.
2,3702,backend,cloud,frontend,False,-0.2819419636624565,-0.43690403095609104,0.15496206729363454,15,220,235,revision,Margen de decisión reducido.
2,1535,cloud,cloud,frontend,True,0.23626816239186899,-0.4387588172432745,0.6750269796351435,8,184,192,aceptada,Predicción con evidencia suficiente.
2,2462,frontend,frontend,backend,True,0.558906677613306,-0.2510034237439424,0.8099101013572485,39,343,382,aceptada,Predicción con evidencia suficiente.
2,170,backend,backend,frontend,True,1.0457604008089725,-0.6188287173899537,1.664589118198926,34,304,338,aceptada,Predicción con evidencia suficiente.
2,2203,datascience,datascience,backend,True,1.0933416983598485,-1.077163947899499,2.1705056462593477,23,275,298,aceptada,Predicción con evidencia suficiente.
2,4358,backend,backend,frontend,True,1.5984320378808399,-1.331192013538032,2.929624051418872,21,221,242,aceptada,Predicción con evidencia suficiente.
2,1469,frontend,frontend,backend,True,0.9790742605246182,-0.9453653387724589,1.924439599297077,25,342,367,aceptada,Predicción con evidencia suficiente.
2,1793,cloud,cloud,backend,True,0.8910318032851267,-0.301250672226421,1.1922824755115475,17,205,222,aceptada,Predicción con evidencia suficiente.
2,1609,cloud,cloud,frontend,True,0.9670964651350881,-1.0204866976504126,1.9875831627855005,24,307,331,aceptada,Predicción con evidencia suficiente.
2,3090,datascience,datascience,backend,True,0.04752349623131291,-0.6139663533599093,0.6614898495912223,30,394,424,aceptada,Predicción con evidencia suficiente.
2,4172,cloud,frontend,backend,False,-0.47896462809441886,-0.5207190519356218,0.04175442384120298,16,171,187,revision,Margen de decisión reducido.
2,669,frontend,frontend,backend,True,0.9050190746558745,-0.8467973452463408,1.7518164199022153,31,374,405,aceptada,Predicción con evidencia suficiente.
2,3327,cloud,cloud,backend,True,0.8420700808772966,-1.0437250068021775,1.8857950876794742,30,361,391,aceptada,Predicción con evidencia suficiente.
2,874,backend,backend,datascience,True,0.18814570024801847,-0.536501469366252,0.7246471696142704,28,233,261,aceptada,Predicción con evidencia suficiente.
2,819,frontend,frontend,cloud,True,-0.1612986584460595,-0.4100799836943384,0.2487813252482789,45,308,353,revision,Margen de decisión reducido.
2,2735,backend,backend,cloud,True,0.23705384208272995,-0.09925307406575112,0.33630691614848107,26,402,428,revision,Margen de decisión reducido.
2,550,datascience,frontend,datascience,False,-0.2740033649345141,-0.4207885877202045,0.1467852227856904,32,409,441,revision,Margen de decisión reducido.
2,2681,cloud,cloud,datascience,True,0.909066209920261,-0.640366323483482,1.5494325334037429,28,340,368,aceptada,Predicción con evidencia suficiente.
2,1069,frontend,frontend,datascience,True,3.6277084773786767,-2.0367826232555526,5.66449110063423,11,158,169,revision,Cobertura reducida de características.
2,389,backend,backend,datascience,True,0.9001721864767773,-0.8870105525255563,1.7871827390023336,40,231,271,aceptada,Predicción con evidencia suficiente.
2,1624,backend,backend,frontend,True,1.8611495216658482,-1.4533237433037323,3.3144732649695805,25,276,301,aceptada,Predicción con evidencia suficiente.
2,558,datascience,datascience,backend,True,0.16251042995098486,-0.4621661705740143,0.6246766005249992,18,278,296,revision,Margen de decisión reducido.
2,2645,backend,backend,frontend,True,-0.2380248951101877,-0.6045335427744365,0.3665086476642488,16,328,344,revision,Margen de decisión reducido.
2,4189,datascience,datascience,backend,True,1.4290657131216717,-0.6618959159307024,2.0909616290523743,29,409,438,aceptada,Predicción con evidencia suficiente.
2,3073,datascience,datascience,frontend,True,1.6573985566251876,-1.3955583033860026,3.0529568600111903,23,233,256,aceptada,Predicción con evidencia suficiente.
2,516,cloud,cloud,frontend,True,0.9021967424809162,-1.0528305193991898,1.955027261880106,30,216,246,aceptada,Predicción con evidencia suficiente.
2,3865,backend,backend,cloud,True,-0.022727998702135044,-0.594940269794995,0.57221227109286,25,352,377,revision,Margen de decisión reducido.
2,710,backend,backend,datascience,True,1.2615267743271792,-1.0347865469969648,2.296313321324144,29,329,358,aceptada,Predicción con evidencia suficiente.
2,1943,frontend,frontend,cloud,True,1.1190679927439309,-0.8996548354221477,2.0187228281660787,23,358,381,aceptada,Predicción con evidencia suficiente.
2,4077,datascience,datascience,backend,True,-0.05059177305776763,-0.20825407746360758,0.15766230440583995,14,298,312,revision,Margen de decisión reducido.
2,2940,datascience,datascience,cloud,True,1.8787119241409649,-1.2173500134158717,3.0960619375568363,39,290,329,aceptada,Predicción con evidencia suficiente.
2,3837,datascience,datascience,cloud,True,1.1556381552476105,-0.7794688304006516,1.9351069856482621,14,157,171,revision,Cobertura reducida de características.
2,1839,cloud,cloud,frontend,True,-0.32795850923020503,-0.5599763160731784,0.2320178068429734,17,266,283,revision,Margen de decisión reducido.
2,4267,backend,backend,frontend,True,0.2855985524070457,-0.8545390595228801,1.1401376119299258,25,350,375,aceptada,Predicción con evidencia suficiente.
2,603,datascience,datascience,frontend,True,1.654221441682118,-1.2825592516555369,2.9367806933376546,23,221,244,aceptada,Predicción con evidencia suficiente.
2,1588,frontend,frontend,backend,True,0.1825722066218898,-0.4391377036249424,0.6217099102468322,42,367,409,revision,Margen de decisión reducido.
2,1571,cloud,cloud,frontend,True,1.6574184450765075,-0.9631688728041087,2.620587317880616,17,183,200,aceptada,Predicción con evidencia suficiente.
2,2198,frontend,frontend,datascience,True,0.208827050546711,-0.49855584653710955,0.7073828970838205,18,229,247,aceptada,Predicción con evidencia suficiente.
2,4466,datascience,datascience,backend,True,1.3916609365697437,-1.0939200732804304,2.485581009850174,24,272,296,aceptada,Predicción con evidencia suficiente.
2,1421,datascience,cloud,datascience,False,0.5415790877875833,0.11126748819312149,0.43031159959446186,21,352,373,revision,Margen de decisión reducido.
2,3216,datascience,datascience,frontend,True,1.4575124655742024,-1.3501345828174884,2.807647048391691,40,343,383,aceptada,Predicción con evidencia suficiente.
2,4471,cloud,backend,datascience,False,0.26770272239370163,-0.6722805651030591,0.9399832874967607,17,227,244,aceptada,Predicción con evidencia suficiente.
2,1577,frontend,backend,datascience,False,-0.02134463632965944,-0.3617049109572469,0.34036027462758744,13,163,176,revision,Margen de decisión reducido.
2,2456,datascience,datascience,frontend,True,1.353998261932271,-1.248937798254076,2.602936060186347,26,219,245,aceptada,Predicción con evidencia suficiente.
2,663,frontend,frontend,cloud,True,0.7984371636234538,-0.5533172376426574,1.3517544012661111,14,230,244,aceptada,Predicción con evidencia suficiente.
2,573,datascience,datascience,cloud,True,0.9520278294715852,-0.7649142418235295,1.7169420712951147,45,326,371,aceptada,Predicción con evidencia suficiente.
2,1070,datascience,datascience,frontend,True,1.6269018451077553,-1.3158432262448603,2.9427450713526158,38,423,461,aceptada,Predicción con evidencia suficiente.
2,1282,backend,backend,cloud,True,0.6384165507260446,0.12557639033695145,0.5128401603890932,32,299,331,revision,Margen de decisión reducido.
2,4190,datascience,datascience,frontend,True,0.7312805929140265,-0.8996666074336316,1.630947200347658,31,391,422,aceptada,Predicción con evidencia suficiente.
2,3198,frontend,frontend,cloud,True,-0.0044458823430029715,-0.3416016510455477,0.3371557687025447,12,250,262,revision,Margen de decisión reducido.
2,1643,datascience,datascience,backend,True,1.3743785656436132,-1.1359571716450632,2.5103357372886763,22,213,235,aceptada,Predicción con evidencia suficiente.
2,1348,frontend,frontend,cloud,True,0.6698906135894384,-0.6830216551309767,1.3529122687204151,37,440,477,aceptada,Predicción con evidencia suficiente.
2,1480,frontend,frontend,datascience,True,2.5529545146053922,-1.1148677969696787,3.6678223115750708,34,332,366,aceptada,Predicción con evidencia suficiente.
2,2316,cloud,cloud,backend,True,1.901837704497749,-1.2998408886783315,3.2016785931760805,28,328,356,aceptada,Predicción con evidencia suficiente.
2,2361,datascience,datascience,frontend,True,1.2443103280401002,-1.3568819618421095,2.60119228988221,26,223,249,aceptada,Predicción con evidencia suficiente.
2,226,frontend,frontend,backend,True,0.43533221837942193,-0.6003596430782676,1.0356918614576895,39,325,364,aceptada,Predicción con evidencia suficiente.
2,4347,cloud,cloud,frontend,True,1.1824022769117009,-1.1051744881752605,2.2875767650869614,25,156,181,aceptada,Predicción con evidencia suficiente.
2,3556,backend,backend,cloud,True,0.5843076148250876,-0.8021624967272121,1.3864701115522997,22,259,281,aceptada,Predicción con evidencia suficiente.
2,1746,cloud,cloud,backend,True,0.1800182174696915,-0.4325038324193718,0.6125220498890633,20,170,190,revision,Margen de decisión reducido.
2,227,datascience,datascience,frontend,True,1.1430687573473013,-1.245958488883722,2.3890272462310236,27,211,238,aceptada,Predicción con evidencia suficiente.
2,223,frontend,frontend,cloud,True,3.3478461547547087,-1.783110330690056,5.130956485444765,21,283,304,aceptada,Predicción con evidencia suficiente.
2,3103,datascience,datascience,cloud,True,1.6769513501141773,-1.1284715612242247,2.805422911338402,29,196,225,aceptada,Predicción con evidencia suficiente.
2,4259,datascience,datascience,frontend,True,1.443526664537089,-1.2773320934254695,2.7208587579625583,26,225,251,aceptada,Predicción con evidencia suficiente.
2,305,frontend,frontend,backend,True,0.01876432633653577,-0.32055416418833704,0.33931849052487284,14,220,234,revision,Margen de decisión reducido.
2,3197,backend,cloud,frontend,False,-0.07361175275408205,-0.5673770518681602,0.4937652991140782,33,380,413,revision,Margen de decisión reducido.
2,4099,frontend,frontend,cloud,True,0.3172488659072099,-0.7358762821675005,1.0531251480747104,45,485,530,aceptada,Predicción con evidencia suficiente.
2,974,cloud,cloud,backend,True,1.014419608651659,-0.9494013112761143,1.9638209199277732,28,190,218,aceptada,Predicción con evidencia suficiente.
2,4352,backend,frontend,backend,False,0.36046682860178547,-0.7223389014362382,1.0828057300380238,31,451,482,aceptada,Predicción con evidencia suficiente.
2,4140,frontend,frontend,backend,True,0.4263852586066358,-0.5051277335614033,0.9315129921680391,27,287,314,aceptada,Predicción con evidencia suficiente.
2,3414,cloud,cloud,frontend,True,0.17781361076012014,-0.4415618569715448,0.619375467731665,11,113,124,revision,Margen de decisión reducido.
2,4091,cloud,cloud,backend,True,1.0017297329422847,-1.1748881176052963,2.176617850547581,33,260,293,aceptada,Predicción con evidencia suficiente.
2,1629,backend,backend,cloud,True,0.4593498854079723,-0.7720242216686193,1.2313741070765916,33,356,389,aceptada,Predicción con evidencia suficiente.
2,3778,datascience,datascience,backend,True,1.6058312989624797,-1.380412885516126,2.986244184478606,26,225,251,aceptada,Predicción con evidencia suficiente.
2,1670,datascience,datascience,cloud,True,-0.02567493508001617,-0.5415685332076288,0.5158935981276126,25,284,309,revision,Margen de decisión reducido.
2,3820,backend,backend,frontend,True,0.1343345233737998,-0.10362165925706668,0.2379561826308665,43,299,342,revision,Margen de decisión reducido.
2,2359,frontend,frontend,cloud,True,2.555247083934237,-1.4508310019982131,4.00607808593245,33,266,299,aceptada,Predicción con evidencia suficiente.
2,4553,cloud,cloud,datascience,True,1.7975422052975283,-1.3596481568397059,3.157190362137234,25,311,336,aceptada,Predicción con evidencia suficiente.
2,845,cloud,frontend,cloud,False,0.09225971094915672,-0.5676702992150218,0.6599300101641785,21,198,219,aceptada,Predicción con evidencia suficiente.
2,3122,frontend,frontend,backend,True,1.2181050318177316,-0.9071063846295532,2.125211416447285,29,280,309,aceptada,Predicción con evidencia suficiente.
2,278,frontend,frontend,backend,True,0.09940243585407058,-0.3662771337945885,0.4656795696486591,32,370,402,revision,Margen de decisión reducido.
2,3490,datascience,datascience,backend,True,0.36215235481339225,-0.6887080770352219,1.050860431848614,8,151,159,revision,Cobertura reducida de características.
2,3621,datascience,datascience,frontend,True,2.0045624699086657,-1.3447113484058737,3.3492738183145394,21,211,232,aceptada,Predicción con evidencia suficiente.
2,4208,backend,backend,frontend,True,0.3836015375269701,-0.8001376984619524,1.1837392359889225,27,353,380,aceptada,Predicción con evidencia suficiente.
2,3037,cloud,backend,cloud,False,0.32937265525327386,0.10775872309427714,0.22161393215899672,27,443,470,revision,Margen de decisión reducido.
2,590,backend,backend,cloud,True,1.2666974583067905,-0.9430107281641575,2.209708186470948,22,309,331,aceptada,Predicción con evidencia suficiente.
2,3643,backend,datascience,cloud,False,-0.2852929269881169,-0.6212792989295763,0.3359863719414594,23,268,291,revision,Margen de decisión reducido.
2,3760,datascience,datascience,backend,True,1.2763982897249593,-1.4435762890670356,2.719974578791995,26,229,255,aceptada,Predicción con evidencia suficiente.
2,3356,cloud,cloud,datascience,True,1.1149554900287075,-0.8857387292932581,2.0006942193219657,19,234,253,aceptada,Predicción con evidencia suficiente.
2,4247,datascience,cloud,backend,False,0.3353238874442549,-0.4347333896821968,0.7700572771264518,21,266,287,aceptada,Predicción con evidencia suficiente.
2,1350,backend,backend,frontend,True,-0.3385495111406444,-0.537572349306449,0.19902283816580463,28,274,302,revision,Margen de decisión reducido.
2,2514,backend,backend,cloud,True,-0.39673812017389637,-0.49166075369672074,0.09492263352282437,31,271,302,revision,Margen de decisión reducido.
2,1940,frontend,frontend,cloud,True,1.293652352654262,-0.7547033323375514,2.0483556849918134,22,328,350,aceptada,Predicción con evidencia suficiente.
2,3146,datascience,backend,datascience,False,-0.011333408029215453,-0.6073900898223669,0.5960566817931514,36,391,427,revision,Margen de decisión reducido.
2,3344,backend,backend,frontend,True,1.4100324610908122,-0.9595576974659143,2.3695901585567265,38,296,334,aceptada,Predicción con evidencia suficiente.
2,3300,datascience,datascience,backend,True,0.4709138512180855,-0.3400339321564824,0.810947783374568,36,271,307,aceptada,Predicción con evidencia suficiente.
2,275,datascience,backend,cloud,False,0.6364640326711606,-0.794190917081627,1.4306549497527876,22,298,320,aceptada,Predicción con evidencia suficiente.
2,1339,datascience,datascience,backend,True,1.2759219635362935,-1.2401202920956078,2.516042255631901,26,228,254,aceptada,Predicción con evidencia suficiente.
2,2543,cloud,cloud,datascience,True,1.0169131845406305,-1.1043363199742464,2.1212495045148767,25,157,182,aceptada,Predicción con evidencia suficiente.
2,2479,frontend,frontend,backend,True,-0.22002399798941236,-0.49986147836231,0.27983748037289763,46,307,353,revision,Margen de decisión reducido.
2,947,backend,backend,cloud,True,0.41646892118623136,-0.885599688300387,1.3020686094866183,13,190,203,aceptada,Predicción con evidencia suficiente.
2,3268,frontend,frontend,datascience,True,-0.1089738069275844,-0.5272470910852634,0.41827328415767895,18,158,176,revision,Margen de decisión reducido.
2,2276,datascience,datascience,cloud,True,-0.19344781139480993,-0.38507236284809443,0.1916245514532845,20,331,351,revision,Margen de decisión reducido.
2,2477,frontend,frontend,datascience,True,1.3494653900753444,-1.158794593894325,2.508259983969669,24,385,409,aceptada,Predicción con evidencia suficiente.
2,4028,cloud,datascience,frontend,False,-0.3255879392559731,-0.4107938157797465,0.08520587652377337,23,228,251,revision,Margen de decisión reducido.
2,905,datascience,datascience,frontend,True,1.4206664296914664,-1.158123769026138,2.5787901987176043,28,248,276,aceptada,Predicción con evidencia suficiente.
2,38,cloud,cloud,frontend,True,0.8470815207624077,-0.8980850209744651,1.745166541736873,15,140,155,revision,Cobertura reducida de características.
2,3226,backend,backend,datascience,True,1.717936004939271,-1.4995432806166984,3.217479285555969,35,282,317,aceptada,Predicción con evidencia suficiente.
2,3786,cloud,datascience,cloud,False,-0.2545636602088751,-0.3808753116510519,0.12631165144217676,28,339,367,revision,Margen de decisión reducido.
2,967,backend,backend,frontend,True,-0.17539198167699377,-0.41216062874038206,0.2367686470633883,23,290,313,revision,Margen de decisión reducido.
2,3138,cloud,cloud,backend,True,1.5364113018604537,-1.0549223101892635,2.5913336120497172,5,229,234,aceptada,Predicción con evidencia suficiente.
2,1125,frontend,frontend,datascience,True,-0.03293638381006969,-0.5921205992473905,0.5591842154373208,30,214,244,revision,Margen de decisión reducido.
2,114,frontend,frontend,cloud,True,1.2768779484160317,-0.7593573681019541,2.0362353165179856,14,220,234,aceptada,Predicción con evidencia suficiente.
2,422,cloud,cloud,backend,True,1.1588546798351125,-0.9758686691215137,2.1347233489566264,22,158,180,aceptada,Predicción con evidencia suficiente.
2,2254,cloud,datascience,backend,False,-0.13426179181286613,-0.3577108239766334,0.22344903216376727,24,254,278,revision,Margen de decisión reducido.
2,2054,frontend,frontend,backend,True,0.8510896189299105,-0.9369469287997383,1.7880365477296487,30,349,379,aceptada,Predicción con evidencia suficiente.
2,777,datascience,datascience,cloud,True,1.3207237807497536,-1.0191745281490248,2.3398983088987784,17,300,317,aceptada,Predicción con evidencia suficiente.
2,772,cloud,cloud,frontend,True,0.4761004037982949,-1.068494364423499,1.5445947682217938,36,421,457,aceptada,Predicción con evidencia suficiente.
2,2699,frontend,frontend,backend,True,1.638870964063337,-0.5726912037173352,2.2115621677806723,29,447,476,aceptada,Predicción con evidencia suficiente.
2,3664,datascience,datascience,cloud,True,0.10441767455027617,0.01698651861459155,0.08743115593568462,35,342,377,revision,Margen de decisión reducido.
2,3805,backend,backend,cloud,True,0.9758377079403089,-0.6605264526097273,1.6363641605500363,13,268,281,aceptada,Predicción con evidencia suficiente.
2,3029,datascience,datascience,frontend,True,0.726120686976014,-0.7697658406877623,1.4958865276637763,31,277,308,aceptada,Predicción con evidencia suficiente.
2,3400,cloud,cloud,backend,True,0.8272598902860014,-1.092141226476051,1.9194011167620526,26,217,243,aceptada,Predicción con evidencia suficiente.
2,4420,frontend,frontend,backend,True,1.6467914282794962,-1.2170913698924233,2.8638827981719195,53,576,629,aceptada,Predicción con evidencia suficiente.
2,841,backend,backend,frontend,True,1.357300229252617,-1.3663881867095198,2.723688415962137,22,284,306,aceptada,Predicción con evidencia suficiente.
2,2828,datascience,datascience,frontend,True,1.0226603710014723,-1.185361539516135,2.2080219105176075,20,250,270,aceptada,Predicción con evidencia suficiente.
2,4184,backend,backend,cloud,True,0.5695199890254146,-0.3322644653756845,0.9017844544010991,22,225,247,aceptada,Predicción con evidencia suficiente.
2,1838,datascience,backend,datascience,False,-0.4830738771199812,-0.49893843263869536,0.015864555518714185,27,318,345,revision,Margen de decisión reducido.
2,2558,frontend,backend,cloud,False,0.6513716500464082,-0.8691022152363352,1.5204738652827434,29,373,402,aceptada,Predicción con evidencia suficiente.
2,1923,cloud,cloud,backend,True,1.3279926311774943,-1.10503611858093,2.4330287497584244,9,166,175,revision,Cobertura reducida de características.
2,3149,datascience,datascience,backend,True,1.0959531748973967,-1.2297770512466006,2.3257302261439974,27,407,434,aceptada,Predicción con evidencia suficiente.
2,1441,backend,cloud,backend,False,2.154121312456758,-1.2929218958561264,3.4470432083128846,33,260,293,aceptada,Predicción con evidencia suficiente.
2,723,cloud,cloud,datascience,True,0.804199567948643,-1.1319411611695818,1.9361407291182249,20,221,241,aceptada,Predicción con evidencia suficiente.
2,4304,frontend,frontend,cloud,True,-0.011593599554726552,-0.0966484546748555,0.08505485512012895,26,385,411,revision,Margen de decisión reducido.
2,3864,cloud,cloud,backend,True,2.625112431861765,-1.3355653159955785,3.9606777478573436,21,273,294,aceptada,Predicción con evidencia suficiente.
2,559,cloud,cloud,frontend,True,0.9799812849099602,-0.8737490150533459,1.853730299963306,38,354,392,aceptada,Predicción con evidencia suficiente.
2,961,datascience,datascience,frontend,True,1.4341791454445627,-1.3153731113760367,2.7495522568205994,40,394,434,aceptada,Predicción con evidencia suficiente.
2,3329,datascience,datascience,frontend,True,-0.4376621108246058,-0.49919719070499413,0.06153507988038831,2,188,190,revision,Margen de decisión reducido.
2,3537,datascience,datascience,frontend,True,-0.4182413963176447,-0.4365450437586796,0.01830364744103491,6,134,140,revision,Margen de decisión reducido.
2,309,frontend,frontend,cloud,True,0.5484807662689385,-0.9448297294949083,1.4933104957638468,38,373,411,aceptada,Predicción con evidencia suficiente.
2,1359,cloud,cloud,backend,True,0.26726833472224143,0.02735458045907968,0.23991375426316175,34,212,246,revision,Margen de decisión reducido.
2,1833,backend,backend,cloud,True,1.1388801241607867,-0.03582808220537059,1.1747082063661574,22,370,392,aceptada,Predicción con evidencia suficiente.
2,1729,frontend,frontend,backend,True,0.34773358090263407,-0.8953794701965163,1.2431130510991504,27,297,324,aceptada,Predicción con evidencia suficiente.
2,790,datascience,datascience,backend,True,-0.324011481403239,-0.3455330455555765,0.021521564152337525,22,236,258,revision,Margen de decisión reducido.
2,657,backend,backend,datascience,True,0.6964861256237813,-0.8203732394878047,1.516859365111586,27,371,398,aceptada,Predicción con evidencia suficiente.
2,3658,datascience,datascience,frontend,True,0.5239060924617314,-0.3616022248584737,0.8855083173202051,8,179,187,aceptada,Predicción con evidencia suficiente.
2,938,backend,backend,datascience,True,1.2838406499859072,-1.1280146160910958,2.411855266077003,16,313,329,aceptada,Predicción con evidencia suficiente.
2,3088,cloud,cloud,backend,True,0.4212764552370637,-0.4178799469953274,0.8391564022323911,26,289,315,aceptada,Predicción con evidencia suficiente.
2,1628,backend,backend,cloud,True,0.5753526938748446,-0.6172992751162568,1.1926519689911013,8,207,215,aceptada,Predicción con evidencia suficiente.
2,2075,frontend,frontend,datascience,True,1.647420479718438,-1.3619176780334632,3.009338157751901,16,128,144,revision,Cobertura reducida de características.
2,1861,datascience,datascience,backend,True,1.1579351650750003,-0.9536666188341458,2.111601783909146,39,335,374,aceptada,Predicción con evidencia suficiente.
2,4541,frontend,frontend,datascience,True,-0.6078647720998257,-0.6351380221065053,0.027273250006679572,15,237,252,revision,Margen de decisión reducido.
2,3178,frontend,frontend,cloud,True,-0.23053872112351445,-0.42970126855214036,0.1991625474286259,9,175,184,revision,Margen de decisión reducido.
2,795,cloud,cloud,frontend,True,0.5210715135670528,-0.6802740565207374,1.2013455700877902,23,283,306,aceptada,Predicción con evidencia suficiente.
2,1634,cloud,cloud,datascience,True,-0.5117038729410937,-0.5432154434983323,0.03151157055723863,19,330,349,revision,Margen de decisión reducido.
2,4054,frontend,backend,frontend,False,0.6701382547251191,0.4676195223481934,0.20251873237692575,31,265,296,revision,Margen de decisión reducido.
2,692,frontend,frontend,backend,True,0.3082512895222621,-0.9890992454919123,1.2973505350141745,27,300,327,aceptada,Predicción con evidencia suficiente.
2,3104,backend,backend,frontend,True,1.9877869106537178,-1.583525301729476,3.5713122123831935,41,424,465,aceptada,Predicción con evidencia suficiente.
2,1253,frontend,backend,cloud,False,0.035795160015669736,-0.33528637154037316,0.3710815315560429,22,243,265,revision,Margen de decisión reducido.
2,2367,frontend,cloud,backend,False,-0.06686392331919377,-0.5678831387819858,0.501019215462792,17,315,332,revision,Margen de decisión reducido.
2,3685,cloud,cloud,datascience,True,1.745246231334462,-1.3656794007142787,3.110925632048741,15,133,148,revision,Cobertura reducida de características.
2,3844,frontend,frontend,datascience,True,0.9263854472928584,-0.750433689041859,1.6768191363347174,14,169,183,aceptada,Predicción con evidencia suficiente.
2,4389,frontend,frontend,cloud,True,1.0284966684725863,-0.5994961356629492,1.6279928041355354,16,149,165,revision,Cobertura reducida de características.
2,2773,datascience,backend,datascience,False,-0.39331624151378186,-0.621200761385871,0.22788451987208913,21,276,297,revision,Margen de decisión reducido.
2,1652,backend,backend,frontend,True,1.532136138224497,-0.8743445568350255,2.4064806950595226,43,419,462,aceptada,Predicción con evidencia suficiente.
2,4302,datascience,datascience,frontend,True,1.3412874584973424,-1.173459677737322,2.5147471362346643,27,210,237,aceptada,Predicción con evidencia suficiente.
2,6,backend,backend,cloud,True,1.52778296758614,-1.343535064234303,2.8713180318204428,24,334,358,aceptada,Predicción con evidencia suficiente.
2,4069,frontend,frontend,backend,True,1.0464601482425713,-0.7103015904412213,1.7567617386837926,23,183,206,aceptada,Predicción con evidencia suficiente.
2,381,backend,backend,frontend,True,1.2754746131556722,-0.9408434699920426,2.2163180831477147,36,260,296,aceptada,Predicción con evidencia suficiente.
2,3674,datascience,datascience,cloud,True,0.034603734682496334,-0.3356365909075477,0.37024032559004405,21,311,332,revision,Margen de decisión reducido.
2,569,datascience,datascience,cloud,True,1.9222928768430705,-1.2359543182827641,3.158247195125835,26,345,371,aceptada,Predicción con evidencia suficiente.
3,1607,backend,backend,cloud,True,0.24280382331519634,-0.7358692707359462,0.9786730940511426,25,345,370,aceptada,Predicción con evidencia suficiente.
3,4122,datascience,datascience,frontend,True,1.149507487162794,-0.948229778724395,2.097737265887189,39,380,419,aceptada,Predicción con evidencia suficiente.
3,3936,backend,backend,datascience,True,0.4577536506022284,-0.8201185400388498,1.2778721906410782,5,291,296,aceptada,Predicción con evidencia suficiente.
3,2389,frontend,frontend,datascience,True,1.0041228862832643,-1.010936187372518,2.0150590736557823,37,277,314,aceptada,Predicción con evidencia suficiente.
3,156,frontend,frontend,backend,True,0.20683278593461418,-0.6724980310844646,0.8793308170190788,23,216,239,aceptada,Predicción con evidencia suficiente.
3,380,backend,backend,cloud,True,0.3052214402137785,-0.6621274591276162,0.9673488993413947,27,296,323,aceptada,Predicción con evidencia suficiente.
3,4441,cloud,cloud,datascience,True,1.200522448922555,-0.9607714035008275,2.1612938524233822,32,258,290,aceptada,Predicción con evidencia suficiente.
3,2344,frontend,frontend,datascience,True,2.158501324069403,-1.1316158017085287,3.2901171257779316,30,328,358,aceptada,Predicción con evidencia suficiente.
3,799,datascience,datascience,frontend,True,0.043686585716323,-0.6000570071534062,0.6437435928697292,33,287,320,aceptada,Predicción con evidencia suficiente.
3,1430,cloud,cloud,datascience,True,1.9182697577754881,-1.5933753548148344,3.5116451125903225,23,287,310,aceptada,Predicción con evidencia suficiente.
3,3417,backend,backend,cloud,True,0.03149390401913066,-0.42960642858031467,0.46110033259944533,28,433,461,revision,Margen de decisión reducido.
3,931,datascience,datascience,frontend,True,1.368921453418309,-1.2908159285933065,2.6597373820116155,24,215,239,aceptada,Predicción con evidencia suficiente.
3,1730,cloud,cloud,datascience,True,1.6816629680336828,-1.4516701256442646,3.1333330936779475,31,252,283,aceptada,Predicción con evidencia suficiente.
3,1232,datascience,datascience,backend,True,1.6697396842334058,-1.4066237305814062,3.076363414814812,28,206,234,aceptada,Predicción con evidencia suficiente.
3,4577,cloud,cloud,datascience,True,0.7346731210081724,-0.5986735703674964,1.3333466913756689,34,332,366,aceptada,Predicción con evidencia suficiente.
3,2879,frontend,cloud,frontend,False,0.8291633940551032,-0.09787777123202904,0.9270411652871322,21,316,337,aceptada,Predicción con evidencia suficiente.
3,724,datascience,datascience,backend,True,0.34939181743001824,-0.014598820562436887,0.3639906379924551,26,297,323,revision,Margen de decisión reducido.
3,1744,backend,backend,cloud,True,1.3931887646424779,-0.9330085706297974,2.3261973352722753,21,406,427,aceptada,Predicción con evidencia suficiente.
3,3861,frontend,backend,cloud,False,-0.35158812024886876,-0.37045277020801176,0.018864649959143,17,326,343,revision,Margen de decisión reducido.
3,1599,datascience,datascience,backend,True,1.4160292448556278,-1.2327886604616847,2.6488179053173124,26,210,236,aceptada,Predicción con evidencia suficiente.
3,3399,frontend,backend,frontend,False,-0.22180901822272636,-0.2435385175941944,0.021729499371468036,27,333,360,revision,Margen de decisión reducido.
3,1100,datascience,datascience,backend,True,1.513753900606953,-1.1389492511194235,2.652703151726376,24,258,282,aceptada,Predicción con evidencia suficiente.
3,4297,cloud,datascience,backend,False,0.05956184820070454,-0.4723211892662264,0.531883037466931,24,275,299,revision,Margen de decisión reducido.
3,3087,backend,backend,frontend,True,0.38616794282025246,-0.599939586236465,0.9861075290567175,17,176,193,aceptada,Predicción con evidencia suficiente.
3,4436,backend,backend,cloud,True,0.0994085123409626,-0.4768486002157768,0.5762571125567394,31,276,307,revision,Margen de decisión reducido.
3,4166,cloud,cloud,backend,True,0.3225059717324753,-0.5990415122333864,0.9215474839658617,20,263,283,aceptada,Predicción con evidencia suficiente.
3,3659,cloud,backend,cloud,False,-0.14461653501069172,-0.31091880634030344,0.16630227132961173,10,274,284,revision,Margen de decisión reducido.
3,2816,datascience,datascience,frontend,True,1.6540716587643978,-1.2909904547832602,2.945062113547658,31,319,350,aceptada,Predicción con evidencia suficiente.
3,4111,datascience,datascience,backend,True,0.8693456144722779,-0.5977566677113026,1.4671022821835806,36,352,388,aceptada,Predicción con evidencia suficiente.
3,3454,datascience,datascience,frontend,True,1.9533755119961365,-1.5083239012838285,3.461699413279965,23,220,243,aceptada,Predicción con evidencia suficiente.
3,1868,backend,backend,cloud,True,0.3668887223567685,-0.52400445730965,0.8908931796664185,28,325,353,aceptada,Predicción con evidencia suficiente.
3,325,backend,backend,frontend,True,1.3280042730444095,-1.0726000815947383,2.400604354639148,27,259,286,aceptada,Predicción con evidencia suficiente.
3,4574,frontend,frontend,cloud,True,0.5671706023164163,-0.865653721742637,1.4328243240590532,32,227,259,aceptada,Predicción con evidencia suficiente.
3,3887,datascience,datascience,cloud,True,1.076558773771834,-0.26518404655955363,1.3417428203313877,30,357,387,aceptada,Predicción con evidencia suficiente.
3,1693,cloud,cloud,backend,True,0.7572814557620301,-0.6379685587601037,1.3952500145221338,25,193,218,aceptada,Predicción con evidencia suficiente.
3,3082,backend,backend,datascience,True,1.6945486933319744,-1.3371082212536343,3.031656914585609,37,319,356,aceptada,Predicción con evidencia suficiente.
3,701,cloud,cloud,frontend,True,0.5111191651193049,-0.5998034033560691,1.1109225684753739,34,306,340,aceptada,Predicción con evidencia suficiente.
3,3328,cloud,backend,datascience,False,0.3348696182198614,-0.6578869193260918,0.9927565375459532,20,321,341,aceptada,Predicción con evidencia suficiente.
3,4049,datascience,datascience,backend,True,2.2291964690613404,-1.6546566910251361,3.8838531600864767,31,344,375,aceptada,Predicción con evidencia suficiente.
3,263,backend,frontend,backend,False,0.23655500357566434,0.1293788611662462,0.10717614240941814,22,369,391,revision,Margen de decisión reducido.
3,1614,backend,backend,frontend,True,1.3283730392838413,-1.1069628991266058,2.4353359384104474,13,186,199,aceptada,Predicción con evidencia suficiente.
3,2123,backend,backend,frontend,True,0.053741660436111616,-0.5837685664642469,0.6375102269003585,21,198,219,revision,Margen de decisión reducido.
3,4427,backend,frontend,backend,False,-0.3396622905377392,-0.4287585497063793,0.08909625916864006,4,196,200,revision,Margen de decisión reducido.
3,906,cloud,backend,cloud,False,0.6010054017716904,-0.878559356580841,1.4795647583525313,25,363,388,aceptada,Predicción con evidencia suficiente.
3,4488,datascience,datascience,backend,True,1.7229559258126503,-1.2996255629827498,3.0225814887954003,23,218,241,aceptada,Predicción con evidencia suficiente.
3,3981,frontend,frontend,backend,True,1.7563875272758669,-1.3063220627500063,3.0627095900258734,36,289,325,aceptada,Predicción con evidencia suficiente.
3,3432,backend,backend,frontend,True,0.5350298141737941,-0.7532765500753522,1.2883063642491464,34,281,315,aceptada,Predicción con evidencia suficiente.
3,2272,frontend,frontend,backend,True,0.32289491881676063,-0.12626938508377694,0.4491643039005376,11,190,201,revision,Margen de decisión reducido.
3,3744,backend,backend,cloud,True,2.385898757168441,-1.5232394469109936,3.9091382040794347,38,300,338,aceptada,Predicción con evidencia suficiente.
3,3008,backend,backend,frontend,True,0.219293137334991,-0.7146927131076026,0.9339858504425936,26,300,326,aceptada,Predicción con evidencia suficiente.
3,3476,cloud,cloud,frontend,True,1.5346992103776635,-1.1519215392786637,2.6866207496563272,31,251,282,aceptada,Predicción con evidencia suficiente.
3,1142,frontend,frontend,backend,True,-0.283648616946686,-0.5779305947782445,0.29428197783155846,20,161,181,revision,Margen de decisión reducido.
3,4096,cloud,cloud,frontend,True,1.180366474386986,-0.9542980784372199,2.134664552824206,31,371,402,aceptada,Predicción con evidencia suficiente.
3,4500,frontend,cloud,frontend,False,-0.05139483365642594,-0.34146106857910474,0.2900662349226788,14,177,191,revision,Margen de decisión reducido.
3,2287,datascience,datascience,backend,True,1.6119164785806928,-1.4303331107956672,3.04224958937636,37,400,437,aceptada,Predicción con evidencia suficiente.
3,1271,datascience,datascience,backend,True,0.9982168303441067,-0.4695584332242958,1.4677752635684025,22,240,262,aceptada,Predicción con evidencia suficiente.
3,1989,cloud,cloud,datascience,True,1.1301232137893464,-1.1799073560387068,2.3100305698280534,32,255,287,aceptada,Predicción con evidencia suficiente.
3,4306,cloud,cloud,backend,True,0.933156308460617,-0.912448694666899,1.845605003127516,10,168,178,revision,Cobertura reducida de características.
3,277,backend,backend,cloud,True,0.23070301443252783,-0.6931954735641364,0.9238984879966642,29,491,520,aceptada,Predicción con evidencia suficiente.
3,2360,backend,backend,datascience,True,0.38287695820001777,-0.7960375521871977,1.1789145103872154,22,204,226,aceptada,Predicción con evidencia suficiente.
3,2351,backend,backend,cloud,True,-0.19563842998277203,-0.28149300840083785,0.08585457841806582,23,289,312,revision,Margen de decisión reducido.
3,3340,backend,frontend,backend,False,-0.04495297941085555,-0.17205169237171247,0.12709871296085692,38,328,366,revision,Margen de decisión reducido.
3,2321,backend,backend,frontend,True,1.253924754392211,-0.9454849305573712,2.199409684949582,30,294,324,aceptada,Predicción con evidencia suficiente.
3,3590,cloud,cloud,frontend,True,0.3149697541449804,-0.4015360983192461,0.7165058524642265,26,227,253,aceptada,Predicción con evidencia suficiente.
3,2133,frontend,frontend,datascience,True,2.8293512628452775,-1.5048323224341782,4.3341835852794555,14,202,216,aceptada,Predicción con evidencia suficiente.
3,959,frontend,backend,cloud,False,0.1607861441714835,-0.39643098756437334,0.5572171317358569,23,217,240,revision,Margen de decisión reducido.
3,933,frontend,frontend,backend,True,0.9119750785274607,-0.9934717175530628,1.9054467960805237,34,281,315,aceptada,Predicción con evidencia suficiente.
3,2323,backend,backend,cloud,True,-0.332442670777834,-0.3602347216248867,0.027792050847052663,27,349,376,revision,Margen de decisión reducido.
3,1015,frontend,cloud,backend,False,-0.12098562078400521,-0.16057508141007126,0.03958946062606605,25,213,238,revision,Margen de decisión reducido.
3,1319,frontend,frontend,backend,True,1.6992757724975276,-0.9704606367160982,2.669736409213626,33,232,265,aceptada,Predicción con evidencia suficiente.
3,2667,cloud,cloud,frontend,True,0.8410854131975395,-0.9977649745475923,1.8388503877451319,66,673,739,aceptada,Predicción con evidencia suficiente.
3,2564,frontend,frontend,datascience,True,0.3458048033509549,-0.7265223906078471,1.072327193958802,12,182,194,aceptada,Predicción con evidencia suficiente.
3,2158,backend,backend,frontend,True,0.41461783487941184,-0.37985775325933535,0.7944755881387472,38,299,337,aceptada,Predicción con evidencia suficiente.
3,3083,frontend,frontend,cloud,True,1.0988329049760648,-1.104531960529986,2.2033648655060505,21,130,151,revision,Cobertura reducida de características.
3,20,backend,frontend,backend,False,0.01236075165549777,-0.2957784405456668,0.3081391922011646,32,282,314,revision,Margen de decisión reducido.
3,1669,frontend,frontend,datascience,True,0.405376092850208,-0.4577194670202714,0.8630955598704794,13,255,268,aceptada,Predicción con evidencia suficiente.
3,1216,cloud,cloud,frontend,True,0.7662852555528997,-0.6561312895692877,1.4224165451221875,9,162,171,revision,Cobertura reducida de características.
3,3918,frontend,frontend,cloud,True,0.9095683306619875,-0.7158339724019254,1.6254023030639129,32,398,430,aceptada,Predicción con evidencia suficiente.
3,3561,frontend,frontend,cloud,True,0.45959808826581167,-0.8675524432757372,1.3271505315415488,37,583,620,aceptada,Predicción con evidencia suficiente.
3,1040,datascience,datascience,backend,True,1.6537443484593113,-1.283824073692466,2.9375684221517773,18,274,292,aceptada,Predicción con evidencia suficiente.
3,1172,cloud,cloud,backend,True,1.429404572019719,-1.084871746891974,2.5142763189116932,40,281,321,aceptada,Predicción con evidencia suficiente.
3,2333,backend,backend,frontend,True,-0.2038051098021545,-0.20870033221654416,0.004895222414389666,22,267,289,revision,Margen de decisión reducido.
3,1973,datascience,frontend,datascience,False,0.2753166572864895,-0.10702259373906609,0.3823392510255556,36,280,316,revision,Margen de decisión reducido.
3,462,cloud,backend,cloud,False,0.34068677115730184,-0.007515851677985519,0.34820262283528736,17,329,346,revision,Margen de decisión reducido.
3,3662,cloud,cloud,datascience,True,1.388948488979762,-0.9590965760133784,2.3480450649931406,29,345,374,aceptada,Predicción con evidencia suficiente.
3,2105,frontend,frontend,backend,True,0.05735017870086734,-0.7400905060225293,0.7974406847233967,15,120,135,revision,Cobertura reducida de características.
3,1403,backend,backend,frontend,True,0.3432949040694804,-0.12084450850594611,0.46413941257542646,35,372,407,revision,Margen de decisión reducido.
3,2832,backend,backend,datascience,True,1.8470182793527858,-1.0461337094043772,2.893151988757163,34,358,392,aceptada,Predicción con evidencia suficiente.
3,2278,cloud,cloud,backend,True,1.7436177201677747,-0.9928624419382928,2.7364801621060675,43,304,347,aceptada,Predicción con evidencia suficiente.
3,4112,cloud,frontend,datascience,False,-0.47065353474973615,-0.4831009463006989,0.01244741155096274,21,257,278,revision,Margen de decisión reducido.
3,370,cloud,cloud,backend,True,0.6753336858501716,-0.7521702447563766,1.4275039306065482,21,240,261,aceptada,Predicción con evidencia suficiente.
3,3615,frontend,frontend,datascience,True,4.287499169107247,-2.0567816420415928,6.34428081114884,13,227,240,aceptada,Predicción con evidencia suficiente.
3,1060,backend,backend,cloud,True,1.5963856599132094,-1.2119919157474461,2.8083775756606553,25,350,375,aceptada,Predicción con evidencia suficiente.
3,4575,backend,cloud,datascience,False,-0.46468977009937906,-0.4775423665929589,0.012852596493579838,19,195,214,revision,Margen de decisión reducido.
3,2028,cloud,cloud,backend,True,1.3277968206433446,-1.1432913123385857,2.4710881329819303,30,332,362,aceptada,Predicción con evidencia suficiente.
3,677,cloud,cloud,datascience,True,0.9204097770842613,-0.8150110551547928,1.735420832239054,38,369,407,aceptada,Predicción con evidencia suficiente.
3,2945,cloud,cloud,backend,True,0.8574917358017388,-0.6782701768211605,1.5357619126228994,26,198,224,aceptada,Predicción con evidencia suficiente.
3,2077,backend,backend,frontend,True,1.0758940586133663,-0.8573625211799583,1.9332565797933245,6,145,151,revision,Cobertura reducida de características.
3,1812,cloud,cloud,frontend,True,0.10452566929675933,-0.45084014646290127,0.5553658157596606,20,241,261,revision,Margen de decisión reducido.
3,1667,backend,backend,datascience,True,-0.14446427370810977,-0.4185244684528872,0.27406019474477744,28,393,421,revision,Margen de decisión reducido.
3,2517,frontend,frontend,backend,True,0.20526552918966917,-0.3841946385634257,0.5894601677530948,15,138,153,revision,Margen de decisión reducido.
3,897,backend,backend,cloud,True,0.9986534240453073,-0.38395274354664954,1.3826061675919568,27,262,289,aceptada,Predicción con evidencia suficiente.
3,2405,cloud,cloud,frontend,True,-0.13381189680153016,-0.5312286002775561,0.397416703476026,27,353,380,revision,Margen de decisión reducido.
3,206,cloud,cloud,datascience,True,1.1576586425674535,-0.6285550745437318,1.7862137171111854,36,240,276,aceptada,Predicción con evidencia suficiente.
3,636,backend,backend,datascience,True,3.0138006763353564,-1.4949347630018952,4.508735439337252,51,496,547,aceptada,Predicción con evidencia suficiente.
3,630,cloud,cloud,backend,True,0.3737594060511674,-0.6470614293370248,1.0208208353881922,27,251,278,aceptada,Predicción con evidencia suficiente.
3,2431,datascience,cloud,datascience,False,0.2896684229515204,-0.5396950881892061,0.8293635111407265,28,282,310,aceptada,Predicción con evidencia suficiente.
3,1781,frontend,backend,frontend,False,-0.22252222556079182,-0.297385909675477,0.07486368411468519,25,270,295,revision,Margen de decisión reducido.
3,4456,datascience,datascience,backend,True,1.2585696023942705,-1.1117062588162279,2.3702758612104984,19,249,268,aceptada,Predicción con evidencia suficiente.
3,2666,frontend,frontend,backend,True,2.328797587577613,-1.3236624211364219,3.652460008714035,23,251,274,aceptada,Predicción con evidencia suficiente.
3,1340,frontend,frontend,cloud,True,0.8678204430159084,-0.8668846405020515,1.73470508351796,20,268,288,aceptada,Predicción con evidencia suficiente.
3,2050,cloud,datascience,backend,False,0.0017222045449415413,-0.5830234162640634,0.5847456208090049,27,228,255,revision,Margen de decisión reducido.
3,2271,frontend,frontend,backend,True,1.1936181818259675,-0.9747259984386489,2.1683441802646164,22,250,272,aceptada,Predicción con evidencia suficiente.
3,1491,frontend,frontend,backend,True,0.31682319243338813,-0.32066582612510197,0.63748901855849,27,246,273,revision,Margen de decisión reducido.
3,2545,datascience,datascience,frontend,True,1.279889006456309,-1.025485581777434,2.305374588233743,46,394,440,aceptada,Predicción con evidencia suficiente.
3,3323,datascience,datascience,backend,True,-0.14406643692753407,-0.18505980182962667,0.0409933649020926,35,257,292,revision,Margen de decisión reducido.
3,4074,frontend,frontend,backend,True,0.16135990916773318,-0.6913342836878346,0.8526941928555678,35,286,321,aceptada,Predicción con evidencia suficiente.
3,2015,cloud,cloud,datascience,True,1.9009069446185047,-1.4538718631703538,3.3547788077888585,30,293,323,aceptada,Predicción con evidencia suficiente.
3,3335,cloud,cloud,backend,True,0.1199378568061854,-0.0844967802045482,0.2044346370107336,34,347,381,revision,Margen de decisión reducido.
3,3134,backend,backend,frontend,True,0.10674696584826948,-0.6146714475719248,0.7214184134201943,28,322,350,aceptada,Predicción con evidencia suficiente.
3,3160,datascience,datascience,cloud,True,0.10121343825792783,-0.46002053295632195,0.5612339712142498,18,295,313,revision,Margen de decisión reducido.
3,501,datascience,datascience,backend,True,2.1014368191846433,-1.2621640921703063,3.3636009113549497,14,254,268,aceptada,Predicción con evidencia suficiente.
3,181,cloud,cloud,frontend,True,0.5577696130696915,-0.26583900946271727,0.8236086225324089,15,155,170,revision,Cobertura reducida de características.
3,857,backend,backend,datascience,True,1.0110303345781617,-0.6456269163388388,1.6566572509170006,26,388,414,aceptada,Predicción con evidencia suficiente.
3,2375,frontend,frontend,backend,True,0.7179861675976162,-0.9018073069121648,1.619793474509781,14,206,220,aceptada,Predicción con evidencia suficiente.
3,4230,backend,backend,frontend,True,0.19007786830195372,-0.3113850405712427,0.5014629088731964,22,317,339,revision,Margen de decisión reducido.
3,2315,backend,backend,frontend,True,0.9815217637457634,-0.8710961264700874,1.8526178902158508,10,219,229,aceptada,Predicción con evidencia suficiente.
3,124,datascience,datascience,frontend,True,1.2621090414778728,-1.1561545172568666,2.4182635587347394,19,268,287,aceptada,Predicción con evidencia suficiente.
3,1529,datascience,datascience,cloud,True,1.022284751764095,-1.1568258662985922,2.179110618062687,24,210,234,aceptada,Predicción con evidencia suficiente.
3,3603,frontend,frontend,backend,True,1.007975586912205,-0.9216800763501065,1.9296556632623114,24,230,254,aceptada,Predicción con evidencia suficiente.
3,4138,frontend,frontend,backend,True,1.3482854127934925,-1.266517849020177,2.6148032618136696,24,228,252,aceptada,Predicción con evidencia suficiente.
3,3475,frontend,frontend,backend,True,0.21468386125602495,-0.395962363592367,0.6106462248483919,49,329,378,revision,Margen de decisión reducido.
3,2849,datascience,datascience,backend,True,1.3526174557242503,-1.1520828144300792,2.5047002701543297,26,209,235,aceptada,Predicción con evidencia suficiente.
3,2654,backend,backend,frontend,True,0.8916114810471556,-0.9463150055999472,1.8379264866471028,34,304,338,aceptada,Predicción con evidencia suficiente.
3,421,frontend,frontend,cloud,True,0.07712046796170335,-0.7364125456409432,0.8135330136026465,33,371,404,aceptada,Predicción con evidencia suficiente.
3,601,cloud,cloud,backend,True,0.5967575201275533,-0.6478050511671558,1.244562571294709,35,338,373,aceptada,Predicción con evidencia suficiente.
3,1555,cloud,cloud,backend,True,1.0145832674218043,-0.49832519180051926,1.5129084592223236,33,256,289,aceptada,Predicción con evidencia suficiente.
3,3545,backend,frontend,cloud,False,-0.36082539229250266,-0.5364439408416003,0.17561854854909764,22,178,200,revision,Margen de decisión reducido.
3,3882,datascience,datascience,backend,True,-0.041093992105314725,-0.3682590087547483,0.3271650166494336,8,197,205,revision,Margen de decisión reducido.
3,3666,cloud,frontend,backend,False,-0.10260914747358948,-0.2558285693422272,0.1532194218686377,25,349,374,revision,Margen de decisión reducido.
3,3021,datascience,datascience,backend,True,0.34765245905963693,-0.612401421899036,0.960053880958673,29,304,333,aceptada,Predicción con evidencia suficiente.
3,3558,backend,backend,datascience,True,0.9443880205581694,-1.0277521915359613,1.9721402120941307,33,267,300,aceptada,Predicción con evidencia suficiente.
3,862,cloud,cloud,datascience,True,1.248074808264477,-1.1484109988997324,2.3964858071642094,24,157,181,aceptada,Predicción con evidencia suficiente.
3,3285,backend,frontend,backend,False,0.6515846218203964,-0.5858645763490793,1.2374491981694757,24,377,401,aceptada,Predicción con evidencia suficiente.
3,3007,datascience,datascience,frontend,True,1.1845588420899662,-1.1813556423105458,2.3659144844005118,43,370,413,aceptada,Predicción con evidencia suficiente.
3,1205,cloud,cloud,backend,True,1.0815542823878452,-0.9405963027697376,2.0221505851575827,21,268,289,aceptada,Predicción con evidencia suficiente.
3,1978,datascience,datascience,backend,True,0.6437013678067259,-0.3568976730198388,1.0005990408265648,19,216,235,aceptada,Predicción con evidencia suficiente.
3,821,frontend,frontend,datascience,True,1.8225211364096852,-1.436733732891795,3.25925486930148,34,273,307,aceptada,Predicción con evidencia suficiente.
3,4039,frontend,frontend,backend,True,0.5608308198259446,-0.42761651265948813,0.9884473324854328,30,246,276,aceptada,Predicción con evidencia suficiente.
3,1456,backend,backend,cloud,True,1.0229017959190843,-0.7507343737307866,1.7736361696498708,32,263,295,aceptada,Predicción con evidencia suficiente.
3,2905,frontend,frontend,datascience,True,1.760665565224197,-1.3008993947013616,3.0615649599255583,14,218,232,aceptada,Predicción con evidencia suficiente.
3,2539,cloud,cloud,backend,True,1.2604668320796812,-0.839915571510601,2.1003824035902823,28,284,312,aceptada,Predicción con evidencia suficiente.
3,2281,frontend,frontend,backend,True,0.6492805726950746,-0.3537164159510631,1.0029969886461376,36,315,351,aceptada,Predicción con evidencia suficiente.
3,26,backend,backend,cloud,True,1.2205799163511255,-1.1321051872836245,2.35268510363475,30,286,316,aceptada,Predicción con evidencia suficiente.
3,2850,backend,backend,datascience,True,-0.0050979873352953176,-0.1606074505694769,0.15550946323418158,24,358,382,revision,Margen de decisión reducido.
3,1312,frontend,frontend,backend,True,0.8313796165721026,-0.7865070848832896,1.6178867014553922,34,254,288,aceptada,Predicción con evidencia suficiente.
3,842,datascience,datascience,backend,True,1.0734696471106546,-0.7717386834054777,1.8452083305161322,36,357,393,aceptada,Predicción con evidencia suficiente.
3,1492,datascience,datascience,frontend,True,1.1265534094603287,-1.0619936788119024,2.188547088272231,16,266,282,aceptada,Predicción con evidencia suficiente.
3,1683,cloud,cloud,backend,True,0.9470552978317216,-1.1356014011366928,2.0826566989684143,14,271,285,aceptada,Predicción con evidencia suficiente.
3,363,datascience,datascience,backend,True,-0.13015867705703899,-0.34348115675172197,0.213322479694683,21,370,391,revision,Margen de decisión reducido.
3,965,frontend,cloud,backend,False,-0.09049810685266346,-0.4113713528407779,0.32087324598811445,27,322,349,revision,Margen de decisión reducido.
3,3660,frontend,frontend,backend,True,1.3840649322217853,-1.1377475264960573,2.5218124587178425,33,348,381,aceptada,Predicción con evidencia suficiente.
3,59,datascience,datascience,backend,True,1.092582253470317,-0.7938918414554609,1.8864740949257777,29,243,272,aceptada,Predicción con evidencia suficiente.
3,2091,backend,backend,cloud,True,0.3971118964706435,-0.8021327034551807,1.1992445999258243,29,276,305,aceptada,Predicción con evidencia suficiente.
3,270,frontend,frontend,backend,True,0.7658585876433281,-1.0691910225566694,1.8350496101999976,16,218,234,aceptada,Predicción con evidencia suficiente.
3,4103,frontend,frontend,backend,True,0.4823904675136849,-0.2976706748236082,0.7800611423372932,24,341,365,aceptada,Predicción con evidencia suficiente.
3,2957,datascience,datascience,cloud,True,1.2710980920274775,-0.9262013218544484,2.1972994138819257,16,168,184,aceptada,Predicción con evidencia suficiente.
3,2263,cloud,cloud,backend,True,0.4588045971729725,-0.2264947842504077,0.6852993814233802,33,308,341,aceptada,Predicción con evidencia suficiente.
3,3394,frontend,backend,datascience,False,-0.05519768962178839,-0.4408687031288917,0.3856710135071033,16,298,314,revision,Margen de decisión reducido.
3,3607,cloud,cloud,backend,True,0.3055172833289327,-0.05136916276854342,0.3568864460974761,30,380,410,revision,Margen de decisión reducido.
3,4513,datascience,datascience,cloud,True,1.3757985552476457,-1.3228212307185727,2.698619785966218,32,287,319,aceptada,Predicción con evidencia suficiente.
3,3527,cloud,cloud,backend,True,0.9694879621007991,-0.5031327562080573,1.4726207183088564,29,304,333,aceptada,Predicción con evidencia suficiente.
3,822,cloud,cloud,frontend,True,0.6147783001387853,-0.8510692186236044,1.4658475187623896,34,519,553,aceptada,Predicción con evidencia suficiente.
3,4121,backend,frontend,backend,False,0.834238615468883,-0.5635375494354278,1.3977761649043108,19,231,250,aceptada,Predicción con evidencia suficiente.
3,4150,backend,datascience,frontend,False,0.08606725445592778,-0.04090269570323027,0.12696995015915805,23,295,318,revision,Margen de decisión reducido.
3,1452,frontend,frontend,cloud,True,2.4275921880419076,-1.3612260263780795,3.788818214419987,12,203,215,aceptada,Predicción con evidencia suficiente.
3,2001,backend,backend,cloud,True,0.000770559133764781,-0.4366449200502368,0.4374154791840016,15,205,220,revision,Margen de decisión reducido.
3,4141,datascience,datascience,cloud,True,0.6780072176159481,-1.0161831290225454,1.6941903466384933,20,238,258,aceptada,Predicción con evidencia suficiente.
3,3297,datascience,datascience,frontend,True,0.639894968297852,-0.925612874477103,1.565507842774955,35,306,341,aceptada,Predicción con evidencia suficiente.
3,3959,frontend,frontend,datascience,True,0.8316101243403959,-0.38382773858939356,1.2154378629297895,21,286,307,aceptada,Predicción con evidencia suficiente.
3,3406,datascience,datascience,frontend,True,1.190866855765345,-1.2314931220281375,2.4223599777934828,25,224,249,aceptada,Predicción con evidencia suficiente.
3,257,datascience,datascience,backend,True,0.41274461733117407,-0.30719358139382874,0.7199381987250029,20,270,290,aceptada,Predicción con evidencia suficiente.
3,1264,cloud,cloud,datascience,True,0.7006719301315135,-0.3262323441449894,1.0269042742765029,31,331,362,aceptada,Predicción con evidencia suficiente.
3,3034,cloud,cloud,frontend,True,1.4312080830319713,-1.1380452257274634,2.5692533087594347,31,325,356,aceptada,Predicción con evidencia suficiente.
3,1291,datascience,datascience,backend,True,1.810625286681935,-1.506890311763498,3.317515598445433,26,206,232,aceptada,Predicción con evidencia suficiente.
3,85,backend,backend,frontend,True,0.4519917853358475,-0.8587673179842952,1.3107591033201427,23,365,388,aceptada,Predicción con evidencia suficiente.
3,3680,backend,backend,frontend,True,1.0156097021685093,-0.9481212480171248,1.9637309501856341,36,257,293,aceptada,Predicción con evidencia suficiente.
3,4296,backend,backend,datascience,True,0.13207362716583482,-0.26616619647900785,0.39823982364484267,35,368,403,revision,Margen de decisión reducido.
3,1426,backend,backend,frontend,True,0.27025023428566297,-0.48085933200609715,0.7511095662917602,36,334,370,aceptada,Predicción con evidencia suficiente.
3,2434,frontend,frontend,datascience,True,1.7355093191620796,-1.0353572786174852,2.770866597779565,18,118,136,revision,Cobertura reducida de características.
3,696,backend,backend,frontend,True,0.9125970670780315,-0.7316402333944292,1.6442373004724606,28,240,268,aceptada,Predicción con evidencia suficiente.
3,2215,datascience,datascience,backend,True,1.0811814317236106,-0.8408231416326382,1.9220045733562487,37,332,369,aceptada,Predicción con evidencia suficiente.
3,898,datascience,datascience,frontend,True,1.116452642793719,-0.7936326898977333,1.9100853326914522,35,383,418,aceptada,Predicción con evidencia suficiente.
3,3868,cloud,cloud,datascience,True,1.9377741046220285,-0.8879574968141001,2.8257316014361287,38,284,322,aceptada,Predicción con evidencia suficiente.
3,808,cloud,cloud,frontend,True,0.4303871397647058,-0.41131292504630834,0.8417000648110141,17,287,304,aceptada,Predicción con evidencia suficiente.
3,3246,cloud,cloud,backend,True,0.6272404408166691,-0.9038891363186965,1.5311295771353657,13,239,252,aceptada,Predicción con evidencia suficiente.
3,606,frontend,backend,frontend,False,0.5993655886761817,0.033835813978851936,0.5655297746973298,7,189,196,revision,Margen de decisión reducido.
3,3442,cloud,cloud,backend,True,0.8318055187706138,-0.8117804702873879,1.6435859890580016,35,401,436,aceptada,Predicción con evidencia suficiente.
3,2991,frontend,backend,cloud,False,-0.24929766800057507,-0.5951229922649749,0.3458253242643998,37,374,411,revision,Margen de decisión reducido.
3,4106,cloud,cloud,datascience,True,1.0995983161457303,-1.023194604349024,2.1227929204947547,35,249,284,aceptada,Predicción con evidencia suficiente.
3,1665,cloud,frontend,datascience,False,0.4517135190600385,-0.28383301625112045,0.735546535311159,34,284,318,aceptada,Predicción con evidencia suficiente.
3,4502,datascience,frontend,backend,False,-0.21807098980606793,-0.5082962123700348,0.2902252225639668,24,369,393,revision,Margen de decisión reducido.
3,3831,cloud,cloud,datascience,True,1.8466665021430688,-1.3494659283153794,3.196132430458448,25,351,376,aceptada,Predicción con evidencia suficiente.
3,1465,datascience,datascience,cloud,True,1.330092993575521,-0.6420013247852868,1.9720943183608077,30,289,319,aceptada,Predicción con evidencia suficiente.
3,2432,frontend,frontend,backend,True,0.6258800787884164,-0.7761925120715235,1.40207259085994,28,260,288,aceptada,Predicción con evidencia suficiente.
3,4330,backend,backend,frontend,True,1.2952377084100395,-1.0738003845247721,2.3690380929348116,27,300,327,aceptada,Predicción con evidencia suficiente.
3,2635,backend,backend,cloud,True,0.09457842675252437,-0.255728544710162,0.35030697146268636,12,225,237,revision,Margen de decisión reducido.
3,1561,cloud,cloud,datascience,True,1.076137976691002,-0.6980285505529003,1.7741665272439022,37,238,275,aceptada,Predicción con evidencia suficiente.
3,482,cloud,datascience,frontend,False,-0.13955644474027662,-0.5757934886509128,0.4362370439106362,36,282,318,revision,Margen de decisión reducido.
3,4321,frontend,frontend,backend,True,0.746234909939899,-0.44401573506159564,1.1902506450014947,13,193,206,aceptada,Predicción con evidencia suficiente.
3,3051,datascience,datascience,backend,True,0.8859695016135666,-0.931202688790973,1.8171721904045395,31,398,429,aceptada,Predicción con evidencia suficiente.
3,3828,frontend,frontend,backend,True,1.127100724628792,-1.1067119468388409,2.233812671467633,36,251,287,aceptada,Predicción con evidencia suficiente.
3,2073,frontend,frontend,backend,True,1.4558992562821775,-0.4129460890675741,1.8688453453497516,28,319,347,aceptada,Predicción con evidencia suficiente.
3,3142,cloud,cloud,datascience,True,1.1215337667819583,-1.002205438611536,2.1237392053934943,10,151,161,revision,Cobertura reducida de características.
3,2433,cloud,cloud,frontend,True,0.3398584587905583,-0.3028024841205199,0.6426609429110782,38,248,286,revision,Margen de decisión reducido.
3,2111,cloud,cloud,datascience,True,1.660993322909467,-1.169881485999001,2.830874808908468,18,199,217,aceptada,Predicción con evidencia suficiente.
3,4197,cloud,cloud,backend,True,0.4565749076176434,-0.420091373177144,0.8766662807947874,13,262,275,aceptada,Predicción con evidencia suficiente.
3,4066,backend,cloud,backend,False,0.10950222073842342,-0.69365441508543,0.8031566358238534,32,522,554,aceptada,Predicción con evidencia suficiente.
3,2583,datascience,datascience,cloud,True,1.5107491950943648,-0.8524631804344656,2.36321237552883,18,263,281,aceptada,Predicción con evidencia suficiente.
3,879,frontend,frontend,cloud,True,0.8780613198507643,-1.0804387263078992,1.9585000461586635,21,293,314,aceptada,Predicción con evidencia suficiente.
3,3437,cloud,cloud,backend,True,0.4342904477447723,-0.5883416070791273,1.0226320548238996,30,366,396,aceptada,Predicción con evidencia suficiente.
3,1408,backend,backend,cloud,True,0.5553993037523595,-0.5172678274983962,1.0726671312507556,17,197,214,aceptada,Predicción con evidencia suficiente.
3,11,backend,backend,frontend,True,0.7864290628544097,-0.8870430832468805,1.6734721461012902,19,287,306,aceptada,Predicción con evidencia suficiente.
3,1501,frontend,frontend,backend,True,0.4371253199477803,-0.29313948144625657,0.7302648013940369,22,323,345,aceptada,Predicción con evidencia suficiente.
3,2161,frontend,frontend,datascience,True,0.13425408263567873,-0.5226925171041794,0.6569465997398581,28,262,290,aceptada,Predicción con evidencia suficiente.
3,2250,cloud,cloud,frontend,True,2.436925643243201,-1.5111694919515324,3.948095135194733,29,320,349,aceptada,Predicción con evidencia suficiente.
3,201,cloud,cloud,datascience,True,3.31853617168792,-2.1554285821016954,5.473964753789615,32,333,365,aceptada,Predicción con evidencia suficiente.
3,2556,backend,backend,cloud,True,0.793089236718062,-0.848436340675293,1.641525577393355,24,292,316,aceptada,Predicción con evidencia suficiente.
3,1418,datascience,datascience,frontend,True,1.7908320458953186,-1.3982067682437669,3.1890388141390855,21,230,251,aceptada,Predicción con evidencia suficiente.
3,284,cloud,cloud,datascience,True,1.362124185594932,-1.1354001931494149,2.497524378744347,50,255,305,aceptada,Predicción con evidencia suficiente.
3,2985,backend,cloud,backend,False,0.13768092433153445,-0.1933061103464322,0.33098703467796664,27,315,342,revision,Margen de decisión reducido.
3,1028,frontend,frontend,datascience,True,1.4885536271725992,-1.0768778524052245,2.565431479577824,13,236,249,aceptada,Predicción con evidencia suficiente.
3,23,datascience,datascience,frontend,True,1.1914763139193272,-1.156692447587883,2.3481687615072104,18,264,282,aceptada,Predicción con evidencia suficiente.
3,2566,cloud,cloud,backend,True,0.6743139040373399,-0.6950036049609722,1.369317508998312,30,311,341,aceptada,Predicción con evidencia suficiente.
3,144,cloud,cloud,frontend,True,2.5299220151370014,-1.513665870368377,4.043587885505378,19,176,195,aceptada,Predicción con evidencia suficiente.
3,673,frontend,frontend,backend,True,1.5757845343824457,-1.1099977525008236,2.6857822868832693,40,258,298,aceptada,Predicción con evidencia suficiente.
3,3544,datascience,datascience,backend,True,1.621217304542494,-1.3563143267864937,2.9775316313289877,23,203,226,aceptada,Predicción con evidencia suficiente.
3,1522,cloud,cloud,datascience,True,1.7610147546449526,-0.8719178294770665,2.632932584122019,35,417,452,aceptada,Predicción con evidencia suficiente.
3,838,datascience,datascience,backend,True,1.585454019612679,-1.3270226667936127,2.9124766864062916,19,229,248,aceptada,Predicción con evidencia suficiente.
3,489,backend,frontend,cloud,False,-0.17491443720629796,-0.5547055087283895,0.3797910715220916,38,300,338,revision,Margen de decisión reducido.
3,276,backend,backend,frontend,True,-0.3595728284922197,-0.3690520322691467,0.009479203776926959,18,148,166,revision,Margen de decisión reducido.
3,1768,datascience,datascience,backend,True,0.8927127010715407,-1.1461058651424993,2.03881856621404,42,361,403,aceptada,Predicción con evidencia suficiente.
3,2449,frontend,backend,frontend,False,0.2728639674721829,-0.06410507792158146,0.3369690453937644,11,159,170,revision,Margen de decisión reducido.
3,2143,cloud,backend,cloud,False,-0.18341350323702055,-0.35869320544683053,0.17527970220980998,15,138,153,revision,Margen de decisión reducido.
3,439,datascience,datascience,frontend,True,1.1721138534556936,-1.1264243695473892,2.298538223003083,22,211,233,aceptada,Predicción con evidencia suficiente.
3,3262,frontend,frontend,datascience,True,0.5515652551421693,-0.6947915970940749,1.2463568522362443,22,245,267,aceptada,Predicción con evidencia suficiente.
3,4498,datascience,datascience,backend,True,1.4136225039165686,-1.1444501929187436,2.5580726968353122,16,266,282,aceptada,Predicción con evidencia suficiente.
3,1494,backend,backend,cloud,True,0.5265558887516038,-0.671554661876074,1.198110550627678,40,328,368,aceptada,Predicción con evidencia suficiente.
3,149,datascience,datascience,frontend,True,1.5246924148158478,-1.2539280344958132,2.778620449311661,21,217,238,aceptada,Predicción con evidencia suficiente.
3,1696,datascience,backend,datascience,False,0.7008874663328073,-0.21221298688396695,0.9131004532167742,37,307,344,aceptada,Predicción con evidencia suficiente.
3,2895,backend,backend,frontend,True,0.6764608324841526,-0.43558171575427773,1.1120425482384304,19,435,454,aceptada,Predicción con evidencia suficiente.
3,605,frontend,frontend,cloud,True,0.8462828621713603,-0.7101524837706664,1.5564353459420266,34,499,533,aceptada,Predicción con evidencia suficiente.
3,3737,backend,backend,frontend,True,1.2593068147106445,-1.1693925710777153,2.42869938578836,29,340,369,aceptada,Predicción con evidencia suficiente.
3,288,backend,cloud,backend,False,0.032712544415941514,0.02975830058331841,0.0029542438326231046,37,299,336,revision,Margen de decisión reducido.
3,540,cloud,cloud,frontend,True,1.337941078982685,-1.44692727873214,2.784868357714825,29,287,316,aceptada,Predicción con evidencia suficiente.
3,2935,backend,backend,cloud,True,0.9172133640742306,-0.6601486207043131,1.5773619847785438,27,360,387,aceptada,Predicción con evidencia suficiente.
3,3852,backend,backend,frontend,True,0.62373683241039,-0.36239872408550516,0.9861355564958951,34,322,356,aceptada,Predicción con evidencia suficiente.
3,4431,frontend,frontend,backend,True,0.2933449329567461,-0.5085154633041118,0.8018603962608579,11,222,233,aceptada,Predicción con evidencia suficiente.
3,387,backend,backend,frontend,True,0.6131087497215357,-0.966646460367419,1.5797552100889547,24,331,355,aceptada,Predicción con evidencia suficiente.
3,3248,cloud,cloud,datascience,True,1.2529427044984263,-1.2246944828100932,2.4776371873085195,27,295,322,aceptada,Predicción con evidencia suficiente.
3,1556,cloud,cloud,datascience,True,2.3365818126312137,-1.6447287642355033,3.9813105768667167,14,100,114,revision,Cobertura reducida de características.
3,3956,frontend,cloud,frontend,False,0.2643897521579963,-0.6285584944702153,0.8929482466282116,20,445,465,aceptada,Predicción con evidencia suficiente.
3,190,backend,backend,frontend,True,0.2469844766273177,-0.3904803348846694,0.6374648115119871,33,313,346,revision,Margen de decisión reducido.
3,3232,cloud,backend,cloud,False,0.4946396127018229,-0.7657189015901322,1.2603585142919551,29,479,508,aceptada,Predicción con evidencia suficiente.
3,3874,backend,backend,datascience,True,1.544979772558224,-0.93290430253504,2.477884075093264,30,300,330,aceptada,Predicción con evidencia suficiente.
3,2613,datascience,datascience,frontend,True,1.0997250269601522,-1.1996311989950343,2.2993562259551865,26,222,248,aceptada,Predicción con evidencia suficiente.
3,2928,backend,backend,cloud,True,1.6587678318152077,-0.7880111193241998,2.4467789511394074,26,323,349,aceptada,Predicción con evidencia suficiente.
3,3247,datascience,datascience,cloud,True,0.8612596860383807,-0.2789417999626845,1.1402014860010652,33,348,381,aceptada,Predicción con evidencia suficiente.
3,2669,cloud,cloud,datascience,True,1.0480722337249735,-1.1156170212490413,2.163689254974015,33,267,300,aceptada,Predicción con evidencia suficiente.
3,91,frontend,frontend,backend,True,2.255315663144043,-0.8819014256444656,3.1372170887885087,22,218,240,aceptada,Predicción con evidencia suficiente.
3,331,datascience,datascience,frontend,True,1.1955693849075795,-1.1860082559451384,2.3815776408527176,26,227,253,aceptada,Predicción con evidencia suficiente.
3,2914,cloud,cloud,backend,True,2.5062054426714915,-1.4671478091262067,3.973353251797698,38,330,368,aceptada,Predicción con evidencia suficiente.
3,346,cloud,cloud,frontend,True,0.9610202791675936,-1.031344933787171,1.9923652129547644,34,426,460,aceptada,Predicción con evidencia suficiente.
3,3217,datascience,datascience,cloud,True,-0.05696898499353675,-0.5743283862348383,0.5173594012413015,30,190,220,revision,Margen de decisión reducido.
3,2006,datascience,datascience,cloud,True,0.4109107770026289,-0.799723910776415,1.210634687779044,26,392,418,aceptada,Predicción con evidencia suficiente.
3,562,datascience,datascience,backend,True,0.7376189258244782,-0.8077901626681221,1.5454090884926002,24,313,337,aceptada,Predicción con evidencia suficiente.
3,2217,cloud,cloud,frontend,True,1.383494596931608,-0.9434493369634906,2.3269439338950986,21,277,298,aceptada,Predicción con evidencia suficiente.
3,2306,frontend,frontend,datascience,True,1.2393057878743912,-0.7604198438502747,1.9997256317246659,18,275,293,aceptada,Predicción con evidencia suficiente.
3,1928,backend,backend,frontend,True,0.39912640257881815,-0.4057464333730908,0.804872835951909,29,285,314,aceptada,Predicción con evidencia suficiente.
3,3419,cloud,backend,cloud,False,0.0877996961119707,-0.3895792378350823,0.477378933947053,23,298,321,revision,Margen de decisión reducido.
3,1513,datascience,cloud,frontend,False,-0.04660714014370715,-0.3136774860070445,0.26707034586333733,31,344,375,revision,Margen de decisión reducido.
3,3137,cloud,datascience,frontend,False,0.04873107798808929,-0.7561584604362908,0.80488953842438,30,278,308,aceptada,Predicción con evidencia suficiente.
3,1280,frontend,frontend,backend,True,0.40808439856975526,-0.8386611766217148,1.24674557519147,32,330,362,aceptada,Predicción con evidencia suficiente.
3,1589,frontend,frontend,backend,True,0.6070191591683127,-0.7783311340506901,1.3853502932190027,28,320,348,aceptada,Predicción con evidencia suficiente.
3,3994,cloud,cloud,backend,True,1.4933105419328236,-1.1705076266470256,2.663818168579849,14,297,311,aceptada,Predicción con evidencia suficiente.
3,4504,backend,backend,datascience,True,-0.03165755819051197,-0.7403080229270458,0.7086504647365338,35,329,364,aceptada,Predicción con evidencia suficiente.
3,3752,backend,backend,frontend,True,0.8900253266176532,-0.9520371937760594,1.8420625203937127,34,360,394,aceptada,Predicción con evidencia suficiente.
3,2373,datascience,datascience,frontend,True,1.0136852852880032,-1.150403019686818,2.164088304974821,26,227,253,aceptada,Predicción con evidencia suficiente.
3,1783,frontend,frontend,backend,True,1.6266662829542071,-0.9669085394373489,2.593574822391556,10,217,227,aceptada,Predicción con evidencia suficiente.
3,4313,cloud,cloud,frontend,True,0.6068248707483338,-0.685958427653027,1.2927832984013607,32,261,293,aceptada,Predicción con evidencia suficiente.
3,2347,frontend,frontend,datascience,True,1.4203020249956848,-1.120237380843447,2.540539405839132,13,193,206,aceptada,Predicción con evidencia suficiente.
3,396,cloud,cloud,datascience,True,1.3254129248426976,-0.7550106444236637,2.0804235692663613,34,422,456,aceptada,Predicción con evidencia suficiente.
3,810,backend,backend,frontend,True,1.7948230168797588,-1.2955470724390838,3.0903700893188426,32,335,367,aceptada,Predicción con evidencia suficiente.
3,1152,backend,backend,datascience,True,0.36524391142001167,-0.7874981289099723,1.152742040329984,24,329,353,aceptada,Predicción con evidencia suficiente.
3,222,backend,backend,frontend,True,0.7568702590223233,-0.7708462139231786,1.527716472945502,36,315,351,aceptada,Predicción con evidencia suficiente.
3,1813,frontend,frontend,backend,True,0.1940488124209847,-0.4100056466895961,0.6040544591105808,30,360,390,revision,Margen de decisión reducido.
3,2813,datascience,datascience,cloud,True,1.3948826441247486,-1.0273521962317613,2.42223484035651,28,277,305,aceptada,Predicción con evidencia suficiente.
3,584,datascience,datascience,backend,True,1.865690379762888,-1.3169173997692005,3.1826077795320886,23,213,236,aceptada,Predicción con evidencia suficiente.
3,1692,datascience,datascience,frontend,True,0.8137535120600917,-0.7084042456180744,1.522157757678166,36,315,351,aceptada,Predicción con evidencia suficiente.
3,583,datascience,datascience,cloud,True,0.7143880210993089,-0.7753235882492063,1.4897116093485152,31,269,300,aceptada,Predicción con evidencia suficiente.
3,921,backend,backend,datascience,True,1.737302577684585,-1.2231302583454733,2.9604328360300585,28,300,328,aceptada,Predicción con evidencia suficiente.
3,2235,cloud,cloud,frontend,True,1.1260612708718538,-1.221361874069401,2.3474231449412546,47,547,594,aceptada,Predicción con evidencia suficiente.
3,1651,frontend,backend,datascience,False,-0.2789299145257593,-0.3502066858182601,0.07127677129250076,41,334,375,revision,Margen de decisión reducido.
3,1661,cloud,cloud,frontend,True,0.5679337630743485,-0.1667826931147037,0.7347164561890522,29,335,364,aceptada,Predicción con evidencia suficiente.
3,3516,datascience,datascience,frontend,True,0.8696394921406977,-0.6961878715255608,1.5658273636662585,36,345,381,aceptada,Predicción con evidencia suficiente.
3,3814,datascience,datascience,backend,True,1.1786392768584628,-1.2238001540029293,2.402439430861392,36,352,388,aceptada,Predicción con evidencia suficiente.
3,1862,cloud,cloud,backend,True,2.170106168451675,-1.391941130813044,3.562047299264719,26,338,364,aceptada,Predicción con evidencia suficiente.
3,1514,datascience,backend,datascience,False,0.5307242606383802,-0.27519957244510673,0.8059238330834869,21,391,412,aceptada,Predicción con evidencia suficiente.
3,1132,backend,backend,datascience,True,0.5638700730708104,-0.677274766609472,1.2411448396802824,18,314,332,aceptada,Predicción con evidencia suficiente.
3,634,backend,backend,cloud,True,0.9910327637866312,-0.8887945897442479,1.879827353530879,32,329,361,aceptada,Predicción con evidencia suficiente.
3,3548,cloud,cloud,frontend,True,1.05111412065187,-0.6951429399471671,1.746257060599037,15,302,317,aceptada,Predicción con evidencia suficiente.
3,1390,backend,backend,cloud,True,0.6714128696862827,-0.20628397563644407,0.8776968453227267,15,259,274,aceptada,Predicción con evidencia suficiente.
3,2749,datascience,cloud,datascience,False,-0.20675528531578613,-0.24473183704066714,0.037976551724881014,26,329,355,revision,Margen de decisión reducido.
3,1083,backend,backend,datascience,True,0.3707532226877712,-0.4365265712095494,0.8072797938973206,34,362,396,aceptada,Predicción con evidencia suficiente.
3,2535,datascience,datascience,frontend,True,1.4041218859179647,-0.99057138938261,2.3946932753005745,34,327,361,aceptada,Predicción con evidencia suficiente.
3,702,cloud,cloud,frontend,True,0.20026692809400948,-0.7130693931152126,0.913336321209222,22,279,301,aceptada,Predicción con evidencia suficiente.
3,1376,backend,backend,frontend,True,0.10058952194157189,-0.22836286754992816,0.3289523894915001,18,274,292,revision,Margen de decisión reducido.
3,4510,datascience,datascience,frontend,True,1.874133444248311,-1.3807341992076578,3.254867643455969,40,372,412,aceptada,Predicción con evidencia suficiente.
3,895,backend,backend,frontend,True,0.3238090345902891,-0.47500650033309794,0.798815534923387,31,382,413,aceptada,Predicción con evidencia suficiente.
3,172,datascience,datascience,frontend,True,1.685831064094621,-1.2055432939882487,2.89137435808287,23,351,374,aceptada,Predicción con evidencia suficiente.
3,3223,backend,backend,datascience,True,0.6376354286304902,-0.8080294861237607,1.4456649147542509,31,336,367,aceptada,Predicción con evidencia suficiente.
3,474,backend,backend,cloud,True,-0.06918790732287028,-0.5882393545205994,0.5190514471977291,24,432,456,revision,Margen de decisión reducido.
3,1563,backend,backend,cloud,True,0.05151000513499915,-0.375499118125384,0.42700912326038315,33,305,338,revision,Margen de decisión reducido.
3,456,datascience,datascience,frontend,True,1.21220794978692,-1.1443929985515666,2.3566009483384867,28,214,242,aceptada,Predicción con evidencia suficiente.
3,177,backend,backend,cloud,True,0.23245220601811534,0.047040248949794305,0.18541195706832103,28,268,296,revision,Margen de decisión reducido.
3,298,datascience,datascience,cloud,True,0.4809646222059444,-0.8152616498787096,1.296226272084654,50,355,405,aceptada,Predicción con evidencia suficiente.
3,1549,backend,backend,frontend,True,1.8981412643857227,-1.1595660260901417,3.0577072904758644,37,348,385,aceptada,Predicción con evidencia suficiente.
3,561,backend,frontend,cloud,False,-0.004091163790339802,-0.6613865943288723,0.6572954305385325,24,271,295,aceptada,Predicción con evidencia suficiente.
3,4405,cloud,cloud,backend,True,0.6755197780260113,-0.826725429362865,1.5022452073888761,29,221,250,aceptada,Predicción con evidencia suficiente.
3,4131,datascience,datascience,backend,True,1.2016588928589074,-0.7166557441303034,1.9183146369892108,59,512,571,aceptada,Predicción con evidencia suficiente.
3,4482,frontend,backend,frontend,False,0.28008876739081834,-0.16722268363426918,0.4473114510250875,25,339,364,revision,Margen de decisión reducido.
3,4288,backend,frontend,backend,False,0.1243769341120935,-0.405223457336429,0.5296003914485226,28,207,235,revision,Margen de decisión reducido.
3,4014,backend,cloud,frontend,False,2.3768139718656074,-1.5691381505065094,3.945952122372117,47,390,437,aceptada,Predicción con evidencia suficiente.
3,3997,frontend,frontend,datascience,True,0.81756025133,-0.8747399412281941,1.6923001925581942,39,314,353,aceptada,Predicción con evidencia suficiente.
3,4419,cloud,cloud,backend,True,0.9341064126193125,-0.6442498147842187,1.5783562274035312,43,491,534,aceptada,Predicción con evidencia suficiente.
3,1381,backend,datascience,backend,False,-0.502898955464378,-0.5055390788062448,0.002640123341866807,35,275,310,revision,Margen de decisión reducido.
3,1860,datascience,datascience,backend,True,-0.2605557595060014,-0.4953127087323159,0.23475694922631452,31,375,406,revision,Margen de decisión reducido.
3,883,cloud,cloud,backend,True,0.6597048339456827,-0.7076735996222554,1.367378433567938,22,240,262,aceptada,Predicción con evidencia suficiente.
3,2421,datascience,datascience,frontend,True,1.1289340193135593,-1.1751009118260551,2.3040349311396144,26,227,253,aceptada,Predicción con evidencia suficiente.
3,2936,datascience,datascience,backend,True,0.9091105679776529,-0.9517619144878583,1.8608724824655112,44,361,405,aceptada,Predicción con evidencia suficiente.
3,3272,datascience,datascience,frontend,True,0.810548057250562,-0.4456430318619585,1.2561910891125205,19,323,342,aceptada,Predicción con evidencia suficiente.
3,3003,backend,backend,frontend,True,0.4138186704925799,-0.6880192428658484,1.1018379133584282,27,310,337,aceptada,Predicción con evidencia suficiente.
3,1371,cloud,datascience,cloud,False,0.13469149064501185,-0.1567000682673244,0.29139155891233626,28,280,308,revision,Margen de decisión reducido.
3,554,frontend,frontend,backend,True,0.5164178852743031,-0.6317740580702004,1.1481919433445036,19,162,181,aceptada,Predicción con evidencia suficiente.
3,3697,datascience,datascience,backend,True,0.8154448450168558,-0.7029358772811033,1.518380722297959,37,381,418,aceptada,Predicción con evidencia suficiente.
3,3892,datascience,datascience,backend,True,1.3596987625274433,-1.214300489336566,2.5739992518640094,26,207,233,aceptada,Predicción con evidencia suficiente.
3,109,datascience,datascience,frontend,True,0.2844658430212298,-0.5191412331649898,0.8036070761862196,30,278,308,aceptada,Predicción con evidencia suficiente.
3,591,datascience,datascience,frontend,True,0.12434576849636503,-0.5519629942788031,0.6763087627751682,23,210,233,aceptada,Predicción con evidencia suficiente.
3,1017,cloud,cloud,datascience,True,1.5746125295723803,-0.8474814506928746,2.422093980265255,56,440,496,aceptada,Predicción con evidencia suficiente.
3,2691,cloud,cloud,backend,True,0.8120283068623145,-0.6410919625292137,1.4531202693915284,22,322,344,aceptada,Predicción con evidencia suficiente.
3,1479,backend,backend,cloud,True,1.6429125630928267,-1.116798004739489,2.7597105678323155,28,359,387,aceptada,Predicción con evidencia suficiente.
3,916,cloud,cloud,datascience,True,0.9458119778518713,-1.0994778036918529,2.0452897815437243,33,265,298,aceptada,Predicción con evidencia suficiente.
3,171,cloud,cloud,backend,True,1.1327512157481507,-0.9681831495013548,2.1009343652495054,27,287,314,aceptada,Predicción con evidencia suficiente.
3,303,cloud,cloud,backend,True,1.2485571214845521,-0.856940823682931,2.105497945167483,25,313,338,aceptada,Predicción con evidencia suficiente.
3,1240,datascience,datascience,frontend,True,1.5215625198358187,-1.343215635149025,2.864778154984844,24,228,252,aceptada,Predicción con evidencia suficiente.
3,3245,cloud,cloud,frontend,True,1.5567662484672682,-1.2317323915228922,2.78849863999016,25,303,328,aceptada,Predicción con evidencia suficiente.
3,2997,cloud,cloud,datascience,True,0.8370507207949122,-0.6356062033184259,1.472656924113338,28,339,367,aceptada,Predicción con evidencia suficiente.
3,45,datascience,datascience,frontend,True,1.3823700480386973,-1.2555522029888644,2.637922251027562,26,206,232,aceptada,Predicción con evidencia suficiente.
3,2450,backend,datascience,cloud,False,-0.23945814814929378,-0.40220145419338027,0.1627433060440865,14,176,190,revision,Margen de decisión reducido.
3,386,cloud,cloud,backend,True,0.6393522485511743,-0.2448588460003055,0.8842110945514798,28,266,294,aceptada,Predicción con evidencia suficiente.
3,374,datascience,datascience,frontend,True,1.3573637046081664,-1.1526213052101038,2.50998500981827,36,363,399,aceptada,Predicción con evidencia suficiente.
3,3529,frontend,frontend,datascience,True,1.4910872904412427,-1.04165252009057,2.5327398105318126,14,216,230,aceptada,Predicción con evidencia suficiente.
3,4399,cloud,cloud,frontend,True,0.3534606447042373,-0.6393307255329506,0.9927913702371879,33,400,433,aceptada,Predicción con evidencia suficiente.
3,2038,frontend,frontend,backend,True,-0.003558997044663448,-0.7322497620175265,0.728690764972863,28,244,272,aceptada,Predicción con evidencia suficiente.
3,9,frontend,frontend,backend,True,0.15021653117747574,-0.23014697667803719,0.38036350785551293,21,229,250,revision,Margen de decisión reducido.
3,4562,cloud,cloud,backend,True,0.13208961975050648,-0.5389807694461896,0.671070389196696,41,362,403,aceptada,Predicción con evidencia suficiente.
3,1990,cloud,cloud,datascience,True,1.0561217074847713,-0.7050322549183575,1.761153962403129,35,299,334,aceptada,Predicción con evidencia suficiente.
3,4034,datascience,datascience,backend,True,0.5454833076833753,-0.592185487192413,1.1376687948757884,17,209,226,aceptada,Predicción con evidencia suficiente.
3,3225,frontend,frontend,cloud,True,1.783242504363839,-1.3816682458574725,3.1649107502213116,14,148,162,revision,Cobertura reducida de características.
3,184,backend,frontend,cloud,False,-0.29259640808604304,-0.4261499648957654,0.13355355680972236,16,164,180,revision,Margen de decisión reducido.
3,2668,datascience,datascience,cloud,True,1.68033909505299,-1.322609749149525,3.002948844202515,28,309,337,aceptada,Predicción con evidencia suficiente.
3,3526,datascience,datascience,cloud,True,0.9001819425645138,-0.9803252237723319,1.8805071663368458,14,322,336,aceptada,Predicción con evidencia suficiente.
3,4370,backend,backend,cloud,True,0.050847781916690704,-0.21796852632074482,0.2688163082374355,28,294,322,revision,Margen de decisión reducido.
3,1687,cloud,cloud,backend,True,1.2156007819664638,-1.17355864048853,2.389159422454994,42,305,347,aceptada,Predicción con evidencia suficiente.
3,115,backend,backend,cloud,True,1.232655624051771,-0.9468275563009156,2.179483180352687,13,213,226,aceptada,Predicción con evidencia suficiente.
3,438,cloud,cloud,frontend,True,-0.4078421674569825,-0.5273955342408498,0.11955336678386735,24,370,394,revision,Margen de decisión reducido.
3,1412,frontend,frontend,backend,True,0.9468635168319111,-0.8912271392683162,1.8380906561002273,34,254,288,aceptada,Predicción con evidencia suficiente.
3,4195,cloud,cloud,frontend,True,0.6340747366333487,-0.6174768052667177,1.2515515419000662,46,318,364,aceptada,Predicción con evidencia suficiente.
3,614,backend,frontend,backend,False,-0.3091314661285398,-0.5160611723795232,0.2069297062509834,28,363,391,revision,Margen de decisión reducido.
3,1081,datascience,datascience,backend,True,1.2222157386566432,-0.7501384340164605,1.9723541726731038,45,404,449,aceptada,Predicción con evidencia suficiente.
3,3579,cloud,cloud,datascience,True,-0.1514831006714482,-0.5278329740169797,0.3763498733455315,37,245,282,revision,Margen de decisión reducido.
3,826,backend,backend,frontend,True,0.6042619246992951,-0.5936328500682528,1.197894774767548,22,286,308,aceptada,Predicción con evidencia suficiente.
3,1532,backend,backend,frontend,True,0.14064505521490933,-0.34554217101612844,0.4861872262310378,39,277,316,revision,Margen de decisión reducido.
3,4455,datascience,datascience,cloud,True,1.0578623006569106,-1.0588390988596206,2.116701399516531,22,217,239,aceptada,Predicción con evidencia suficiente.
3,2792,frontend,cloud,datascience,False,0.14118526717082291,-0.5064792978247972,0.6476645649956201,17,234,251,aceptada,Predicción con evidencia suficiente.
3,1658,cloud,datascience,cloud,False,0.08618117780736423,-0.4665599709041958,0.5527411487115601,34,319,353,revision,Margen de decisión reducido.
3,1294,cloud,cloud,backend,True,1.152454367754646,-1.1302600883675615,2.2827144561222075,27,255,282,aceptada,Predicción con evidencia suficiente.
3,3663,datascience,datascience,backend,True,1.6410357290330189,-1.4723312054764939,3.1133669345095125,28,294,322,aceptada,Predicción con evidencia suficiente.
3,1344,frontend,cloud,frontend,False,1.5166268725828917,-0.8925234097722601,2.409150282355152,20,213,233,aceptada,Predicción con evidencia suficiente.
3,1163,backend,backend,frontend,True,1.0812817764525577,-0.6156302277766743,1.696912004229232,21,369,390,aceptada,Predicción con evidencia suficiente.
3,639,cloud,frontend,cloud,False,0.16233935375949404,-0.4230363240082642,0.5853756777677582,13,218,231,revision,Margen de decisión reducido.
3,3280,backend,backend,cloud,True,0.6055572883418714,-0.8933683857432742,1.4989256740851455,21,360,381,aceptada,Predicción con evidencia suficiente.
3,116,frontend,frontend,backend,True,1.298681735543467,-1.0978629130471227,2.3965446485905897,14,204,218,aceptada,Predicción con evidencia suficiente.
3,3866,frontend,frontend,datascience,True,2.873478927154685,-1.4549521563241798,4.328431083478865,13,248,261,aceptada,Predicción con evidencia suficiente.
3,3386,backend,backend,datascience,True,1.4099990850758497,-0.8908044895195809,2.3008035745954305,32,384,416,aceptada,Predicción con evidencia suficiente.
3,2293,cloud,cloud,backend,True,1.5571467316966858,-1.444674103604722,3.001820835301408,23,217,240,aceptada,Predicción con evidencia suficiente.
3,3355,backend,backend,cloud,True,-0.04203981006301771,-0.20518685991028712,0.1631470498472694,37,402,439,revision,Margen de decisión reducido.
3,1903,datascience,datascience,backend,True,1.0341661244601514,-0.944036926821928,1.9782030512820794,23,215,238,aceptada,Predicción con evidencia suficiente.
3,1774,backend,backend,cloud,True,0.8283306402963408,-1.0526038125094317,1.8809344528057725,19,257,276,aceptada,Predicción con evidencia suficiente.
3,3921,backend,backend,cloud,True,1.204023938450147,-0.9682295450190543,2.172253483469201,12,251,263,aceptada,Predicción con evidencia suficiente.
3,3681,datascience,datascience,cloud,True,1.259725531879135,-0.56967398076911,1.829399512648245,30,326,356,aceptada,Predicción con evidencia suficiente.
3,4089,datascience,frontend,datascience,False,-0.09494263152773794,-0.2857438164298054,0.19080118490206746,27,447,474,revision,Margen de decisión reducido.
3,2777,backend,frontend,datascience,False,-0.4403994612062769,-0.5179156551323767,0.07751619392609982,18,211,229,revision,Margen de decisión reducido.
3,254,frontend,datascience,frontend,False,-0.23608416376925656,-0.30253693145878907,0.06645276768953251,18,171,189,revision,Margen de decisión reducido.
3,592,frontend,frontend,backend,True,-0.10947824474839088,-0.3114443610664676,0.20196611631807673,32,340,372,revision,Margen de decisión reducido.
3,1539,frontend,cloud,frontend,False,-0.15451939238719958,-0.2498969342652299,0.09537754187803033,12,209,221,revision,Margen de decisión reducido.
3,538,datascience,datascience,frontend,True,1.7720166552046104,-1.5575278080142043,3.3295444632188147,26,221,247,aceptada,Predicción con evidencia suficiente.
3,1361,backend,backend,cloud,True,0.472054778445663,-0.2060410095775207,0.6780957880231837,11,237,248,aceptada,Predicción con evidencia suficiente.
3,4236,frontend,frontend,backend,True,1.2755807669883006,-1.018364638853286,2.293945405841587,9,151,160,revision,Cobertura reducida de características.
3,1798,datascience,cloud,datascience,False,-0.006481445643877315,-0.047596920695466616,0.0411154750515893,22,346,368,revision,Margen de decisión reducido.
3,1937,datascience,datascience,frontend,True,1.5601194111291736,-1.108527317378908,2.6686467285080817,26,218,244,aceptada,Predicción con evidencia suficiente.
3,2121,backend,backend,frontend,True,1.395096180748166,-0.6109664147308562,2.0060625954790225,26,262,288,aceptada,Predicción con evidencia suficiente.
3,3987,backend,backend,cloud,True,-0.2076109754719475,-0.4654438421464411,0.25783286667449357,31,270,301,revision,Margen de decisión reducido.
3,2996,cloud,cloud,backend,True,-0.27523741330094503,-0.48371588342243926,0.20847847012149423,23,296,319,revision,Margen de decisión reducido.
3,626,datascience,datascience,backend,True,0.5375577750035084,-0.32413363327635736,0.8616914082798658,27,281,308,aceptada,Predicción con evidencia suficiente.
3,2819,backend,backend,cloud,True,0.8336279391731582,-0.5202899763324069,1.3539179155055652,33,273,306,aceptada,Predicción con evidencia suficiente.
3,3875,datascience,datascience,frontend,True,1.5521577603738486,-0.9547871019421217,2.5069448623159705,38,260,298,aceptada,Predicción con evidencia suficiente.
3,3583,cloud,backend,cloud,False,0.9474986640135175,-0.8097104757364376,1.7572091397499552,26,284,310,aceptada,Predicción con evidencia suficiente.
3,3694,cloud,cloud,datascience,True,1.6467755197210994,-1.0053455197428123,2.6521210394639114,25,327,352,aceptada,Predicción con evidencia suficiente.
3,697,datascience,cloud,datascience,False,0.005897411378445017,-0.214179971253866,0.22007738263231102,45,328,373,revision,Margen de decisión reducido.
3,2258,backend,backend,datascience,True,0.24803008772094315,-0.6527691567181452,0.9007992444390883,39,308,347,aceptada,Predicción con evidencia suficiente.
3,3307,backend,backend,cloud,True,0.6068567550279231,-0.8687171678870027,1.4755739229149258,21,167,188,aceptada,Predicción con evidencia suficiente.
3,3263,frontend,frontend,datascience,True,1.991782158277034,-1.3779165630916714,3.3696987213687057,22,227,249,aceptada,Predicción con evidencia suficiente.
3,3336,datascience,datascience,frontend,True,1.4937656528703496,-1.3799049513151098,2.8736706041854596,21,217,238,aceptada,Predicción con evidencia suficiente.
3,3072,datascience,datascience,frontend,True,1.1261670600796982,-1.2296719087964154,2.355838968876114,26,227,253,aceptada,Predicción con evidencia suficiente.
3,3112,frontend,frontend,cloud,True,0.014779033141964215,-0.5170107946084648,0.5317898277504289,22,164,186,revision,Margen de decisión reducido.
3,1200,datascience,datascience,frontend,True,0.5240246570912849,-0.68973935823527,1.213764015326555,36,302,338,aceptada,Predicción con evidencia suficiente.
3,2739,datascience,datascience,cloud,True,1.4548239107165046,-1.2657564409666167,2.7205803516831213,34,417,451,aceptada,Predicción con evidencia suficiente.
3,971,datascience,datascience,frontend,True,1.4028521053664313,-1.2000695723163106,2.602921677682742,23,275,298,aceptada,Predicción con evidencia suficiente.
3,4200,cloud,backend,cloud,False,-0.14415500791968172,-0.36393247407573937,0.21977746615605764,13,172,185,revision,Margen de decisión reducido.
3,2595,cloud,cloud,backend,True,0.5786623923272077,-0.4784257147529498,1.0570881070801574,21,316,337,aceptada,Predicción con evidencia suficiente.
3,2616,datascience,datascience,frontend,True,1.0928219552955767,-1.1965916358224842,2.289413591118061,24,227,251,aceptada,Predicción con evidencia suficiente.
3,2019,datascience,datascience,cloud,True,1.5124304360642653,-0.8993627467327119,2.411793182796977,28,368,396,aceptada,Predicción con evidencia suficiente.
3,56,frontend,frontend,cloud,True,0.7703494878717156,-0.2668739816037314,1.037223469475447,32,266,298,aceptada,Predicción con evidencia suficiente.
3,4002,frontend,backend,frontend,False,0.7434101343795216,-0.45452839066871886,1.1979385250482406,12,193,205,aceptada,Predicción con evidencia suficiente.
3,1322,datascience,datascience,frontend,True,1.471100070381926,-1.35003193330704,2.821132003688966,41,346,387,aceptada,Predicción con evidencia suficiente.
3,2665,backend,frontend,backend,False,-0.1649027060406818,-0.2451636529172812,0.0802609468765994,4,252,256,revision,Margen de decisión reducido.
3,2018,backend,backend,datascience,True,-0.18643621082506967,-0.36108463444135785,0.17464842361628818,37,325,362,revision,Margen de decisión reducido.
3,430,frontend,frontend,datascience,True,-0.10651853137321723,-0.28787359998997675,0.1813550686167595,24,285,309,revision,Margen de decisión reducido.
3,281,cloud,cloud,datascience,True,1.082734846669342,-1.0391425488965988,2.121877395565941,23,261,284,aceptada,Predicción con evidencia suficiente.
3,1881,backend,backend,frontend,True,1.1992725808357887,-1.0605139417547222,2.259786522590511,15,256,271,aceptada,Predicción con evidencia suficiente.
3,2137,backend,backend,frontend,True,1.4084623118329131,-0.9378037934553622,2.3462661052882754,10,129,139,revision,Cobertura reducida de características.
3,2881,datascience,datascience,cloud,True,1.9579349501563663,-1.5096677116767672,3.4676026618331335,46,377,423,aceptada,Predicción con evidencia suficiente.
3,4109,frontend,frontend,cloud,True,1.0932937683660366,-0.8221390285451522,1.9154327969111888,20,299,319,aceptada,Predicción con evidencia suficiente.
3,1111,cloud,cloud,frontend,True,2.4166201534397524,-1.3755373594625544,3.792157512902307,26,295,321,aceptada,Predicción con evidencia suficiente.
3,402,datascience,datascience,backend,True,0.20160727884102336,-0.5241230702169932,0.7257303490580166,27,305,332,aceptada,Predicción con evidencia suficiente.
3,2191,datascience,datascience,backend,True,1.276619897205837,-1.1669590263103031,2.44357892351614,37,394,431,aceptada,Predicción con evidencia suficiente.
3,3624,cloud,cloud,datascience,True,0.07724061666076953,-0.3410462256463185,0.418286842307088,36,312,348,revision,Margen de decisión reducido.
3,617,cloud,backend,cloud,False,0.7670566623912252,-0.37980717947422493,1.14686384186545,32,388,420,aceptada,Predicción con evidencia suficiente.
3,2012,backend,backend,cloud,True,1.4340849931150206,-1.1796873906758487,2.6137723837908693,30,333,363,aceptada,Predicción con evidencia suficiente.
3,4143,datascience,datascience,cloud,True,-0.053791767252910794,-0.5210518766798806,0.4672601094269698,25,369,394,revision,Margen de decisión reducido.
3,3952,datascience,datascience,frontend,True,1.408375687829361,-1.3410411848456902,2.7494168726750514,24,210,234,aceptada,Predicción con evidencia suficiente.
3,3173,datascience,datascience,backend,True,0.19226276288256894,-0.4363887425384763,0.6286515054210453,12,189,201,revision,Margen de decisión reducido.
3,2804,frontend,frontend,backend,True,0.7250619890279955,-0.321380968349867,1.0464429573778624,29,238,267,aceptada,Predicción con evidencia suficiente.
3,3818,backend,backend,frontend,True,-0.04739250918316351,-0.5031526512033574,0.4557601420201939,22,197,219,revision,Margen de decisión reducido.
3,2533,cloud,cloud,backend,True,1.2213950664956301,-1.1240713650750869,2.345466431570717,28,277,305,aceptada,Predicción con evidencia suficiente.
3,3,backend,datascience,frontend,False,-0.4112607137346092,-0.47786949480130186,0.06660878106669266,27,326,353,revision,Margen de decisión reducido.
3,3201,backend,backend,cloud,True,0.04403507045873223,-0.5485191896503754,0.5925542601091076,21,246,267,revision,Margen de decisión reducido.
3,2007,frontend,frontend,backend,True,0.6007452344568556,-0.846310886767503,1.4470561212243584,12,206,218,aceptada,Predicción con evidencia suficiente.
3,3228,frontend,frontend,backend,True,1.2083294737851373,-0.0029539706916287267,1.211283444476766,14,192,206,aceptada,Predicción con evidencia suficiente.
3,2311,datascience,datascience,cloud,True,0.44338341388254465,-0.5698252554149343,1.0132086692974789,27,303,330,aceptada,Predicción con evidencia suficiente.
3,241,frontend,frontend,backend,True,0.9609609989602281,-0.8902252740273582,1.8511862729875863,34,254,288,aceptada,Predicción con evidencia suficiente.
3,4264,backend,backend,cloud,True,2.073241627311332,-1.3880156562971755,3.4612572836085076,31,285,316,aceptada,Predicción con evidencia suficiente.
3,524,datascience,datascience,backend,True,1.1028631580739998,-0.9444914595383891,2.047354617612389,51,392,443,aceptada,Predicción con evidencia suficiente.
3,2743,cloud,backend,cloud,False,0.09194291642010566,-0.4215345562765038,0.5134774726966095,29,314,343,revision,Margen de decisión reducido.
3,752,cloud,datascience,frontend,False,0.20254307934919769,-0.7863040467444327,0.9888471260936303,19,198,217,aceptada,Predicción con evidencia suficiente.
3,1463,frontend,frontend,datascience,True,0.5541493665640125,-0.8945987936830668,1.4487481602470793,29,269,298,aceptada,Predicción con evidencia suficiente.
3,3559,frontend,frontend,cloud,True,0.40500352669393885,-0.7733183715691574,1.1783218982630963,25,241,266,aceptada,Predicción con evidencia suficiente.
3,3071,backend,cloud,backend,False,0.5534816946837012,-0.4645274772650544,1.0180091719487556,30,323,353,aceptada,Predicción con evidencia suficiente.
3,242,frontend,frontend,datascience,True,0.9567673428181027,-0.9579378713037974,1.9147052141219,27,269,296,aceptada,Predicción con evidencia suficiente.
3,3791,frontend,frontend,backend,True,0.9275406877159427,-0.2590651973814493,1.186605885097392,35,257,292,aceptada,Predicción con evidencia suficiente.
3,1508,backend,backend,frontend,True,0.2572774952642798,-0.551689952289308,0.8089674475535877,41,456,497,aceptada,Predicción con evidencia suficiente.
3,1325,cloud,cloud,datascience,True,1.3315423585578312,-1.0998531076466953,2.4313954662045267,26,156,182,aceptada,Predicción con evidencia suficiente.
3,4293,frontend,frontend,cloud,True,0.2964896846641177,-0.7525965324190325,1.04908621708315,22,263,285,aceptada,Predicción con evidencia suficiente.
3,3312,frontend,frontend,cloud,True,1.2431632676964723,-0.7517724658228644,1.9949357335193367,21,178,199,aceptada,Predicción con evidencia suficiente.
3,1615,datascience,datascience,frontend,True,0.9442084675090915,-0.009236957147416125,0.9534454246565076,39,343,382,aceptada,Predicción con evidencia suficiente.
3,1144,datascience,datascience,backend,True,1.4979590892487664,-1.258934030435762,2.7568931196845283,26,231,257,aceptada,Predicción con evidencia suficiente.
3,3368,frontend,frontend,cloud,True,1.0601096984037255,-0.6023332090872701,1.6624429074909957,14,263,277,aceptada,Predicción con evidencia suficiente.
3,2220,frontend,frontend,datascience,True,2.2019415971124183,-1.0069104416030883,3.2088520387155066,21,221,242,aceptada,Predicción con evidencia suficiente.
3,4177,datascience,datascience,frontend,True,1.8738888291301845,-1.222987758327384,3.0968765874575688,28,286,314,aceptada,Predicción con evidencia suficiente.
3,2262,frontend,frontend,cloud,True,0.72908267218209,-1.0330192677437873,1.7621019399258773,33,331,364,aceptada,Predicción con evidencia suficiente.
3,2946,datascience,backend,datascience,False,-0.13942478618861953,-0.22450757332953697,0.08508278714091744,9,254,263,revision,Margen de decisión reducido.
3,2024,datascience,datascience,frontend,True,1.2174897350877334,-1.116738786135038,2.334228521222771,21,270,291,aceptada,Predicción con evidencia suficiente.
3,313,datascience,datascience,frontend,True,-0.12001313380824197,-0.5311305314607478,0.4111173976525059,33,335,368,revision,Margen de decisión reducido.
3,1694,backend,backend,cloud,True,1.26294020622243,-0.9466827468962592,2.2096229531186893,28,378,406,aceptada,Predicción con evidencia suficiente.
3,632,frontend,frontend,cloud,True,0.8988803697120631,-1.1122736581570787,2.011154027869142,17,234,251,aceptada,Predicción con evidencia suficiente.
3,549,cloud,datascience,cloud,False,-0.040839034570239074,-0.1207169416250784,0.07987790705483933,34,471,505,revision,Margen de decisión reducido.
3,1785,cloud,cloud,backend,True,1.1759689166677085,-0.9913821093398383,2.167351026007547,26,297,323,aceptada,Predicción con evidencia suficiente.
3,4256,frontend,frontend,cloud,True,0.4348766648303594,-0.8092979427546285,1.244174607584988,27,276,303,aceptada,Predicción con evidencia suficiente.
3,13,backend,backend,frontend,True,0.3205062119813371,-0.7938118981647777,1.1143181101461148,35,294,329,aceptada,Predicción con evidencia suficiente.
3,2010,backend,cloud,backend,False,0.756859942003279,-0.9285747741209269,1.685434716124206,32,422,454,aceptada,Predicción con evidencia suficiente.
3,3886,cloud,cloud,datascience,True,1.343051390525245,-1.1916973645607214,2.5347487550859666,26,156,182,aceptada,Predicción con evidencia suficiente.
3,120,backend,backend,cloud,True,1.9363445015720522,-1.0738521178107712,3.0101966193828233,36,307,343,aceptada,Predicción con evidencia suficiente.
3,4037,frontend,frontend,backend,True,1.5923076112487589,-0.8182781444692456,2.4105857557180044,24,209,233,aceptada,Predicción con evidencia suficiente.
3,1440,frontend,frontend,cloud,True,2.2193693181325735,-1.4971418918532686,3.716511209985842,24,204,228,aceptada,Predicción con evidencia suficiente.
3,3113,backend,backend,datascience,True,1.8981690735864787,-1.368004946129505,3.266174019715984,28,396,424,aceptada,Predicción con evidencia suficiente.
3,4255,cloud,cloud,backend,True,0.2812920637726055,-0.4457500131856818,0.7270420769582873,33,255,288,aceptada,Predicción con evidencia suficiente.
3,1467,frontend,frontend,backend,True,0.4944239734830664,-0.5437684717458576,1.038192445228924,10,212,222,aceptada,Predicción con evidencia suficiente.
3,3635,datascience,backend,cloud,False,-0.21446949234652635,-0.22786965301223439,0.013400160665708039,19,351,370,revision,Margen de decisión reducido.
3,1214,backend,backend,frontend,True,1.5673440096894662,-0.9351154507785577,2.5024594604680237,31,512,543,aceptada,Predicción con evidencia suficiente.
3,4010,backend,backend,frontend,True,0.4981157084987571,-0.8109144996547679,1.309030208153525,24,173,197,aceptada,Predicción con evidencia suficiente.
3,2949,frontend,frontend,backend,True,1.5649715306277756,-1.2152452194826608,2.7802167501104362,7,44,51,revision,Cobertura reducida de características.
3,3502,backend,backend,frontend,True,0.19670164456343298,-0.5372724129649564,0.7339740575283894,19,236,255,aceptada,Predicción con evidencia suficiente.
3,3158,frontend,backend,datascience,False,0.7700885936573605,-1.012187275257069,1.7822758689144296,28,256,284,aceptada,Predicción con evidencia suficiente.
3,566,datascience,datascience,frontend,True,1.2969264673005259,-1.2647706528559208,2.5616971201564467,27,230,257,aceptada,Predicción con evidencia suficiente.
3,163,frontend,frontend,datascience,True,0.2843112453498517,-0.5280887818222815,0.8124000271721332,9,185,194,aceptada,Predicción con evidencia suficiente.
3,3754,datascience,datascience,cloud,True,1.8203713728002326,-1.156986851031601,2.9773582238318337,30,259,289,aceptada,Predicción con evidencia suficiente.
3,1542,cloud,cloud,backend,True,0.5517549090140418,-0.4227578921749704,0.9745128011890122,14,221,235,aceptada,Predicción con evidencia suficiente.
3,2873,frontend,frontend,backend,True,1.0955466966187337,-0.462135795252152,1.5576824918708856,32,331,363,aceptada,Predicción con evidencia suficiente.
3,1067,frontend,frontend,backend,True,0.1412700624063053,-0.032290908789080586,0.17356097119538588,11,142,153,revision,Margen de decisión reducido.
3,3787,frontend,frontend,cloud,True,0.7430774069087858,-0.8329129940185064,1.5759904009272923,28,425,453,aceptada,Predicción con evidencia suficiente.
3,581,datascience,datascience,frontend,True,1.542973710109758,-1.0804596322880242,2.6234333423977825,27,230,257,aceptada,Predicción con evidencia suficiente.
3,2593,frontend,frontend,cloud,True,1.0915577867222817,-0.9129284118985,2.0044861986207816,7,156,163,revision,Cobertura reducida de características.
3,979,frontend,frontend,backend,True,0.8496160268863029,-0.6052013453239204,1.4548173722102233,16,191,207,aceptada,Predicción con evidencia suficiente.
3,949,cloud,cloud,frontend,True,0.4885626684880805,0.4300217651580212,0.05854090333005929,32,245,277,revision,Margen de decisión reducido.
3,2363,backend,backend,frontend,True,0.03973876185453418,-0.030278231021962587,0.07001699287649676,32,395,427,revision,Margen de decisión reducido.
3,4486,datascience,backend,datascience,False,-0.19283351782552072,-0.2821181941101448,0.08928467628462411,15,239,254,revision,Margen de decisión reducido.
3,4175,frontend,frontend,backend,True,0.9919081213218595,-0.9593337721890636,1.951241893510923,11,235,246,aceptada,Predicción con evidencia suficiente.
3,1182,cloud,cloud,backend,True,1.2177525396991151,-1.1769629089924099,2.394715448691525,25,156,181,aceptada,Predicción con evidencia suficiente.
3,1356,frontend,frontend,backend,True,1.5968050125921818,-0.980453662161479,2.5772586747536606,18,263,281,aceptada,Predicción con evidencia suficiente.
3,1846,backend,backend,cloud,True,1.4677004218021474,-1.208772191571534,2.676472613373681,20,275,295,aceptada,Predicción con evidencia suficiente.
3,1880,frontend,frontend,datascience,True,1.3006983646662325,-0.8491486563443503,2.149847021010583,43,319,362,aceptada,Predicción con evidencia suficiente.
3,4410,frontend,frontend,cloud,True,0.18896951501690118,-0.5455194515093668,0.7344889665262679,27,285,312,aceptada,Predicción con evidencia suficiente.
3,2040,datascience,datascience,frontend,True,1.1550005284697722,-0.9857218011700668,2.140722329639839,23,206,229,aceptada,Predicción con evidencia suficiente.
3,2620,frontend,frontend,cloud,True,0.23914638124717685,-0.3072939685132479,0.5464403497604248,35,384,419,revision,Margen de decisión reducido.
3,2184,frontend,frontend,backend,True,0.7039629744016789,-0.6747542686827018,1.3787172430843806,15,247,262,aceptada,Predicción con evidencia suficiente.
3,353,backend,backend,frontend,True,1.706047260539713,-1.0186485929064795,2.7246958534461925,34,321,355,aceptada,Predicción con evidencia suficiente.
3,4196,cloud,cloud,datascience,True,0.7005636353102117,-0.05777047361631338,0.7583341089265251,45,517,562,aceptada,Predicción con evidencia suficiente.
3,2101,backend,backend,frontend,True,1.628898933952707,-1.152664184495427,2.781563118448134,42,323,365,aceptada,Predicción con evidencia suficiente.
3,357,backend,backend,frontend,True,0.0673238294335945,-0.29155082785553404,0.35887465728912854,26,357,383,revision,Margen de decisión reducido.
3,3964,backend,backend,datascience,True,0.4828465152035126,-0.2105793543544835,0.6934258695579961,22,303,325,aceptada,Predicción con evidencia suficiente.
3,1140,frontend,frontend,datascience,True,0.727252748078548,-0.6862609787091076,1.4135137267876556,27,275,302,aceptada,Predicción con evidencia suficiente.
3,3372,frontend,frontend,backend,True,1.4360331462575175,-1.2292803152194987,2.665313461477016,14,223,237,aceptada,Predicción con evidencia suficiente.
3,3267,datascience,datascience,frontend,True,0.39177159985288756,-0.5141610711393988,0.9059326709922864,38,389,427,aceptada,Predicción con evidencia suficiente.
3,578,backend,backend,frontend,True,0.8168281061495568,-0.5785901062040819,1.3954182123536387,21,407,428,aceptada,Predicción con evidencia suficiente.
3,2865,cloud,cloud,datascience,True,0.7380150483085378,-0.9185864129104484,1.6566014612189863,27,317,344,aceptada,Predicción con evidencia suficiente.
3,3453,backend,backend,datascience,True,0.038801296633444005,-0.33029985799594214,0.36910115462938614,21,169,190,revision,Margen de decisión reducido.
3,2725,cloud,cloud,frontend,True,0.5790553276549316,-1.0235527172662289,1.6026080449211606,9,181,190,aceptada,Predicción con evidencia suficiente.
3,1373,cloud,cloud,backend,True,1.2179546295891641,-1.0901344002435072,2.3080890298326713,17,187,204,aceptada,Predicción con evidencia suficiente.
3,1714,frontend,frontend,datascience,True,0.04040034794738401,-0.40836953512604834,0.44876988307343235,16,240,256,revision,Margen de decisión reducido.
3,2365,backend,backend,frontend,True,0.4477915631093812,-0.34690295084325284,0.794694513952634,26,333,359,aceptada,Predicción con evidencia suficiente.
3,3395,datascience,datascience,frontend,True,1.3289562519933305,-1.3051421020877367,2.6340983540810674,26,212,238,aceptada,Predicción con evidencia suficiente.
3,4567,datascience,datascience,backend,True,1.1961327332164418,-1.1280551044377716,2.3241878376542133,18,287,305,aceptada,Predicción con evidencia suficiente.
3,4233,cloud,backend,frontend,False,0.17622216695377846,-0.6715718311469803,0.8477939981007587,28,273,301,aceptada,Predicción con evidencia suficiente.
3,1027,datascience,datascience,frontend,True,1.0691523731686736,-1.0707201135158055,2.139872486684479,20,264,284,aceptada,Predicción con evidencia suficiente.
3,745,backend,backend,frontend,True,1.3134116209940647,-1.1187090823161747,2.4321207033102397,34,370,404,aceptada,Predicción con evidencia suficiente.
3,54,backend,backend,datascience,True,1.1373444363341179,-1.0304882382462015,2.1678326745803194,34,336,370,aceptada,Predicción con evidencia suficiente.
3,1958,datascience,datascience,backend,True,2.141417706652131,-1.5318790463230987,3.67329675297523,23,224,247,aceptada,Predicción con evidencia suficiente.
3,4148,cloud,cloud,backend,True,-0.1477939812833331,-0.4845975058473939,0.3368035245640608,5,165,170,revision,Margen de decisión reducido.
3,307,frontend,cloud,frontend,False,1.1839156005463147,-0.17146712218836513,1.3553827227346797,31,284,315,aceptada,Predicción con evidencia suficiente.
3,2814,datascience,datascience,cloud,True,0.1859439887996429,-0.18424347875415314,0.37018746755379606,18,332,350,revision,Margen de decisión reducido.
3,4484,datascience,datascience,backend,True,0.43368632568348053,-0.5532963039660597,0.9869826296495402,27,308,335,aceptada,Predicción con evidencia suficiente.
3,3598,cloud,cloud,datascience,True,1.47815015421109,-0.6473286605853886,2.1254788147964785,37,337,374,aceptada,Predicción con evidencia suficiente.
3,3133,backend,backend,frontend,True,0.78280481893012,-0.8325025135959796,1.6153073325260996,24,290,314,aceptada,Predicción con evidencia suficiente.
3,3614,datascience,datascience,frontend,True,1.585879413993844,-1.3520420841660223,2.9379214981598665,23,225,248,aceptada,Predicción con evidencia suficiente.
3,3097,cloud,cloud,datascience,True,2.1618452741668355,-1.4983817368780814,3.660227011044917,52,363,415,aceptada,Predicción con evidencia suficiente.
3,238,frontend,frontend,datascience,True,0.8209533103034892,-0.777808815688767,1.5987621259922562,30,231,261,aceptada,Predicción con evidencia suficiente.
3,4434,datascience,datascience,frontend,True,2.4756526458764982,-1.433710655738235,3.909363301614733,32,297,329,aceptada,Predicción con evidencia suficiente.
3,483,cloud,cloud,backend,True,0.35604290052640086,0.10740715393980793,0.24863574658659293,43,356,399,revision,Margen de decisión reducido.
3,2013,backend,backend,datascience,True,-0.46935461480651103,-0.5243631687270034,0.055008553920492365,18,189,207,revision,Margen de decisión reducido.
3,2246,datascience,datascience,backend,True,0.5508956847494323,-0.8159430308256206,1.366838715575053,30,308,338,aceptada,Predicción con evidencia suficiente.
3,2605,frontend,frontend,backend,True,1.0478053258315454,-0.5645986079154733,1.6124039337470188,30,299,329,aceptada,Predicción con evidencia suficiente.
3,2748,cloud,cloud,frontend,True,0.041410861143586386,-0.5228998590161595,0.5643107201597459,24,334,358,revision,Margen de decisión reducido.
3,3757,backend,backend,frontend,True,1.0910286364938913,-1.0773920724476334,2.1684207089415244,31,259,290,aceptada,Predicción con evidencia suficiente.
3,4511,frontend,frontend,backend,True,1.2113683145647254,-0.7063227083680688,1.9176910229327941,15,205,220,aceptada,Predicción con evidencia suficiente.
3,2483,frontend,frontend,datascience,True,0.23288944715558985,-0.6498402405578675,0.8827296877134574,27,259,286,aceptada,Predicción con evidencia suficiente.
3,174,frontend,frontend,backend,True,1.103322810477517,-0.9366434475245408,2.0399662580020577,15,113,128,revision,Cobertura reducida de características.
3,372,frontend,frontend,backend,True,1.648184213440368,-1.239318520843998,2.887502734284366,34,349,383,aceptada,Predicción con evidencia suficiente.
3,643,backend,backend,datascience,True,0.22781825166987923,-0.525375826962706,0.7531940786325853,19,235,254,aceptada,Predicción con evidencia suficiente.
3,458,cloud,cloud,backend,True,0.5574456595834364,-0.6722014736844945,1.2296471332679308,24,304,328,aceptada,Predicción con evidencia suficiente.
3,2086,frontend,datascience,frontend,False,0.5080748302262325,-0.6344808957410222,1.1425557259672545,21,229,250,aceptada,Predicción con evidencia suficiente.
3,2260,frontend,frontend,backend,True,0.07681379331093574,-0.5755901636064908,0.6524039569174266,24,290,314,aceptada,Predicción con evidencia suficiente.
3,178,cloud,datascience,backend,False,0.06260220249283233,-0.1901350110614607,0.252737213554293,49,423,472,revision,Margen de decisión reducido.
3,1076,cloud,cloud,backend,True,0.9210434944921674,-0.9950998434242244,1.9161433379163917,25,244,269,aceptada,Predicción con evidencia suficiente.
3,4392,frontend,frontend,backend,True,1.5326828539871353,-0.7083348287891186,2.241017682776254,10,173,183,aceptada,Predicción con evidencia suficiente.
3,4406,frontend,frontend,backend,True,0.9304937209392676,-0.7585934280710407,1.6890871490103083,14,150,164,revision,Cobertura reducida de características.
3,2378,cloud,cloud,datascience,True,2.013614441201882,-1.6712371100303591,3.6848515512322413,47,528,575,aceptada,Predicción con evidencia suficiente.
3,4151,cloud,cloud,backend,True,0.3138214653142529,-0.679861692659982,0.9936831579742349,17,305,322,aceptada,Predicción con evidencia suficiente.
3,1244,datascience,datascience,frontend,True,1.0872952162656557,-1.153868073564974,2.24116328983063,26,230,256,aceptada,Predicción con evidencia suficiente.
3,1713,backend,backend,frontend,True,1.906824076952842,-1.2676817130367557,3.1745057899895976,28,365,393,aceptada,Predicción con evidencia suficiente.
3,3934,backend,frontend,backend,False,-0.06703693717237463,-0.3898254654152905,0.3227885282429159,21,300,321,revision,Margen de decisión reducido.
3,3086,cloud,cloud,backend,True,0.7514597924956196,-0.5243639856606193,1.275823778156239,29,321,350,aceptada,Predicción con evidencia suficiente.
3,2891,frontend,cloud,frontend,False,-0.001079643827639365,-0.4510477595601419,0.44996811573250256,7,228,235,revision,Margen de decisión reducido.
3,958,datascience,datascience,backend,True,-0.4751892759637024,-0.5711243514968285,0.09593507553312608,32,279,311,revision,Margen de decisión reducido.
3,2299,cloud,cloud,backend,True,0.9427107292164408,-0.8919325351231497,1.8346432643395905,34,301,335,aceptada,Predicción con evidencia suficiente.
3,3998,frontend,frontend,backend,True,0.3101195405065374,-0.30307281087625265,0.61319235138279,25,376,401,revision,Margen de decisión reducido.
3,3153,datascience,datascience,cloud,True,-0.11623525594287254,-0.4963014652460489,0.38006620930317636,22,252,274,revision,Margen de decisión reducido.
3,1636,backend,backend,frontend,True,1.1777036027131174,-0.7889636980039345,1.9666673007170519,22,344,366,aceptada,Predicción con evidencia suficiente.
3,814,datascience,datascience,frontend,True,1.2616362315631164,-1.3511390912547572,2.612775322817874,28,209,237,aceptada,Predicción con evidencia suficiente.
3,1805,backend,backend,datascience,True,0.5703787845633774,-0.46487044984724113,1.0352492344106186,31,436,467,aceptada,Predicción con evidencia suficiente.
3,3208,frontend,frontend,datascience,True,-0.10726656699044987,-0.14949290998001596,0.042226342989566096,17,238,255,revision,Margen de decisión reducido.
3,3200,backend,backend,cloud,True,2.3417560415452456,-1.6402889910791918,3.9820450326244377,39,278,317,aceptada,Predicción con evidencia suficiente.
3,4020,frontend,datascience,cloud,False,-0.1308806117807776,-0.45455447675866056,0.323673864977883,10,235,245,revision,Margen de decisión reducido.
3,1029,cloud,cloud,backend,True,0.6187228493597542,-0.5594256636331252,1.1781485129928795,31,299,330,aceptada,Predicción con evidencia suficiente.
3,250,cloud,datascience,cloud,False,0.023581241016365606,-0.05526812949160609,0.0788493705079717,18,241,259,revision,Margen de decisión reducido.
3,3084,datascience,datascience,backend,True,-0.1250433624246967,-0.2677368692436166,0.1426935068189199,25,395,420,revision,Margen de decisión reducido.
3,3426,cloud,cloud,backend,True,-0.29295015088221943,-0.43623261134408065,0.14328246046186122,15,232,247,revision,Margen de decisión reducido.
3,3050,frontend,frontend,backend,True,0.9435220699138258,-0.6388649554875432,1.582387025401369,18,181,199,aceptada,Predicción con evidencia suficiente.
3,4360,cloud,cloud,frontend,True,-0.4694882950874297,-0.559271714451947,0.08978341936451734,21,321,342,revision,Margen de decisión reducido.
3,3812,backend,backend,datascience,True,1.0017103245887118,-1.060634271561947,2.062344596150659,34,310,344,aceptada,Predicción con evidencia suficiente.
3,3541,backend,backend,datascience,True,0.17842172593611938,-0.5175717016736371,0.6959934276097565,11,245,256,aceptada,Predicción con evidencia suficiente.
3,2641,backend,backend,frontend,True,2.2658816306870104,-1.5218112705823825,3.787692901269393,45,305,350,aceptada,Predicción con evidencia suficiente.
3,208,datascience,datascience,frontend,True,0.42588017809327894,-0.4892328323642198,0.9151130104574987,24,266,290,aceptada,Predicción con evidencia suficiente.
3,419,frontend,frontend,datascience,True,0.5849128653875411,-0.4567828831949295,1.0416957485824705,41,241,282,aceptada,Predicción con evidencia suficiente.
3,3993,datascience,datascience,frontend,True,1.6941730795573413,-1.3699445009316242,3.0641175804889658,21,209,230,aceptada,Predicción con evidencia suficiente.
3,2664,backend,backend,cloud,True,1.3708591152322527,-0.9124698391661306,2.2833289543983835,35,288,323,aceptada,Predicción con evidencia suficiente.
3,4478,frontend,frontend,backend,True,1.4270436734181629,-1.1244457802514236,2.5514894536695865,29,360,389,aceptada,Predicción con evidencia suficiente.
3,2521,frontend,frontend,backend,True,0.20464851960213748,-0.014655058100303986,0.21930357770244147,31,338,369,revision,Margen de decisión reducido.
3,1362,cloud,cloud,frontend,True,1.0999944205934544,-0.5573428389113388,1.6573372595047933,29,437,466,aceptada,Predicción con evidencia suficiente.
3,915,frontend,frontend,datascience,True,1.5367374469723336,-0.9699357245205137,2.506673171492847,20,329,349,aceptada,Predicción con evidencia suficiente.
3,4012,frontend,frontend,backend,True,0.643429370482927,-0.9211139060279097,1.5645432765108367,15,166,181,aceptada,Predicción con evidencia suficiente.
3,2902,frontend,frontend,backend,True,-0.028850914256352528,-0.2883288820040443,0.2594779677476917,15,240,255,revision,Margen de decisión reducido.
3,2993,cloud,cloud,backend,True,1.6908145827483851,-1.0000952931741387,2.690909875922524,14,167,181,aceptada,Predicción con evidencia suficiente.
3,1024,frontend,frontend,backend,True,0.7852136707464046,-0.8174254469482134,1.602639117694618,33,270,303,aceptada,Predicción con evidencia suficiente.
3,1633,cloud,cloud,datascience,True,1.165058552972579,-1.170679099259907,2.3357376522324858,33,265,298,aceptada,Predicción con evidencia suficiente.
3,4554,frontend,frontend,backend,True,0.6821640103207904,-0.8077624848038772,1.4899264951246676,30,310,340,aceptada,Predicción con evidencia suficiente.
3,976,frontend,frontend,backend,True,1.1583285618080703,-0.7416518153105289,1.8999803771185992,12,126,138,revision,Cobertura reducida de características.
3,329,datascience,datascience,cloud,True,0.11490402954720058,-0.43413128950494145,0.549035319052142,22,238,260,revision,Margen de decisión reducido.
3,3829,backend,backend,cloud,True,1.390928876506712,-1.1489552079022507,2.5398840844089627,25,277,302,aceptada,Predicción con evidencia suficiente.
3,899,frontend,frontend,datascience,True,-0.23424460411683232,-0.44464413058125235,0.21039952646442003,40,276,316,revision,Margen de decisión reducido.
3,1451,backend,backend,cloud,True,2.457015129324911,-1.4870084924686862,3.944023621793597,25,306,331,aceptada,Predicción con evidencia suficiente.
3,1484,frontend,frontend,cloud,True,0.9815291367407479,-0.6732614319890269,1.6547905687297748,9,231,240,aceptada,Predicción con evidencia suficiente.
3,107,frontend,frontend,cloud,True,1.4912795207377436,-1.3844429422344429,2.8757224629721865,20,180,200,aceptada,Predicción con evidencia suficiente.
3,1203,datascience,frontend,backend,False,-0.09136455819364678,-0.4708800659157731,0.3795155077221263,26,291,317,revision,Margen de decisión reducido.
3,445,cloud,cloud,datascience,True,-0.38571138064856625,-0.6457902873981933,0.2600789067496271,39,539,578,revision,Margen de decisión reducido.
3,3750,backend,cloud,frontend,False,0.17463302453041463,-0.4470473227273587,0.6216803472577733,30,297,327,revision,Margen de decisión reducido.
3,2436,cloud,cloud,datascience,True,0.35256479291253473,-0.6681507370339707,1.0207155299465054,31,295,326,aceptada,Predicción con evidencia suficiente.
3,1354,cloud,cloud,backend,True,1.4792557628779526,-0.9869225745284085,2.466178337406361,27,313,340,aceptada,Predicción con evidencia suficiente.
3,2058,cloud,backend,datascience,False,-0.4583579404510617,-0.49260228591601024,0.034244345464948533,22,297,319,revision,Margen de decisión reducido.
3,4300,frontend,backend,cloud,False,-0.13895066336673068,-0.3167316012357662,0.17778093786903554,8,132,140,revision,Margen de decisión reducido.
3,2362,cloud,cloud,frontend,True,0.40332843170876564,-0.6433705687612956,1.0466990004700611,18,183,201,aceptada,Predicción con evidencia suficiente.
3,2964,frontend,frontend,datascience,True,2.4489652409833638,-1.5756355776099231,4.024600818593287,11,184,195,aceptada,Predicción con evidencia suficiente.
3,4032,cloud,cloud,datascience,True,0.010776091966438361,-0.6443668104143112,0.6551429023807496,26,406,432,aceptada,Predicción con evidencia suficiente.
3,2626,backend,datascience,cloud,False,-0.4293776178891602,-0.5204897726749768,0.09111215478581658,30,338,368,revision,Margen de decisión reducido.
3,2441,datascience,frontend,datascience,False,0.6278740891137407,-0.5357458121064063,1.163619901220147,11,217,228,aceptada,Predicción con evidencia suficiente.
3,4407,cloud,datascience,cloud,False,0.32356567093897526,0.19370464047021219,0.12986103046876307,23,234,257,revision,Margen de decisión reducido.
3,2740,datascience,datascience,cloud,True,0.34070012923241466,-0.5916534908751991,0.9323536201076138,34,390,424,aceptada,Predicción con evidencia suficiente.
3,3748,cloud,cloud,backend,True,0.9172938269929466,-0.9698265558015904,1.8871203827945369,20,264,284,aceptada,Predicción con evidencia suficiente.
3,286,frontend,frontend,cloud,True,0.15295283673551496,-0.5170988972732757,0.6700517340087907,14,222,236,aceptada,Predicción con evidencia suficiente.
3,858,cloud,cloud,datascience,True,0.15925692428635607,-0.39226618503485183,0.5515231093212078,33,228,261,revision,Margen de decisión reducido.
3,2427,frontend,frontend,backend,True,0.5230909750190145,-0.33449662460364926,0.8575875996226637,34,294,328,aceptada,Predicción con evidencia suficiente.
3,2801,frontend,frontend,backend,True,-0.04920019578694981,-0.5039070967952475,0.4547069010082977,12,145,157,revision,Margen de decisión reducido.
3,1077,frontend,backend,frontend,False,0.6727494752836289,0.23365262278020088,0.43909685250342806,37,311,348,revision,Margen de decisión reducido.
3,4220,datascience,datascience,frontend,True,1.6370184609733904,-1.3632458299866919,3.0002642909600823,23,223,246,aceptada,Predicción con evidencia suficiente.
3,2609,cloud,cloud,datascience,True,0.10534706599014876,-0.3231476078090857,0.42849467379923445,27,330,357,revision,Margen de decisión reducido.
3,4398,backend,backend,cloud,True,0.5391763670874195,-0.8019239318122191,1.3411002988996386,24,378,402,aceptada,Predicción con evidencia suficiente.
3,1368,backend,backend,datascience,True,0.5230672133431447,-0.8942484947172391,1.4173157080603838,28,240,268,aceptada,Predicción con evidencia suficiente.
3,4061,datascience,datascience,cloud,True,-0.045804939494545005,-0.4553915758027247,0.4095866363081797,21,340,361,revision,Margen de decisión reducido.
3,2768,cloud,cloud,datascience,True,1.0990167897144802,-0.7277798859498967,1.826796675664377,20,275,295,aceptada,Predicción con evidencia suficiente.
3,744,frontend,frontend,backend,True,0.4409419240704167,-0.2697245031273744,0.7106664271977912,33,297,330,aceptada,Predicción con evidencia suficiente.
3,4485,backend,cloud,backend,False,0.1988305120260474,-0.06041606843777059,0.259246580463818,12,238,250,revision,Margen de decisión reducido.
3,3233,backend,frontend,backend,False,0.11891301211240896,-0.39200150232227926,0.5109145144346883,13,196,209,revision,Margen de decisión reducido.
3,902,backend,backend,cloud,True,0.4200287349810985,-0.3602169549766713,0.7802456899577698,32,345,377,aceptada,Predicción con evidencia suficiente.
3,1413,frontend,frontend,cloud,True,0.252927339559087,-0.16128406855021216,0.4142114081092992,11,228,239,revision,Margen de decisión reducido.
3,767,frontend,frontend,datascience,True,0.3178172656489579,-0.4633755617030381,0.781192827351996,24,311,335,aceptada,Predicción con evidencia suficiente.
3,2692,datascience,datascience,cloud,True,0.4555689690771413,-0.28093803559648417,0.7365070046736255,5,194,199,aceptada,Predicción con evidencia suficiente.
3,290,frontend,frontend,backend,True,0.08323478527471828,-0.5546884266004581,0.6379232118751764,12,180,192,revision,Margen de decisión reducido.
3,2391,cloud,cloud,frontend,True,1.583015846899566,-0.9857690471288529,2.5687848940284193,29,402,431,aceptada,Predicción con evidencia suficiente.
3,863,frontend,frontend,cloud,True,1.4624797004188845,-1.1701936367739778,2.6326733371928626,30,288,318,aceptada,Predicción con evidencia suficiente.
3,885,datascience,datascience,frontend,True,1.145611690373868,-0.6611788626854123,1.8067905530592803,21,311,332,aceptada,Predicción con evidencia suficiente.
3,1107,cloud,cloud,backend,True,0.8156425100137877,-0.8894014903778276,1.7050440003916152,32,359,391,aceptada,Predicción con evidencia suficiente.
3,255,frontend,frontend,datascience,True,1.5340578079300813,-0.918014851977112,2.452072659907193,7,166,173,revision,Cobertura reducida de características.
3,3234,cloud,cloud,frontend,True,1.1642519644604366,-1.1439915732057855,2.308243537666222,24,157,181,aceptada,Predicción con evidencia suficiente.
3,4170,datascience,datascience,frontend,True,1.298979954630226,-1.2256429081087028,2.524622862738929,23,227,250,aceptada,Predicción con evidencia suficiente.
3,4442,cloud,cloud,backend,True,1.2764652272480128,-1.2205577836277248,2.4970230108757376,25,157,182,aceptada,Predicción con evidencia suficiente.
3,2057,datascience,datascience,cloud,True,1.34947560280035,-1.2160018053238812,2.5654774081242313,20,262,282,aceptada,Predicción con evidencia suficiente.
3,1922,datascience,datascience,backend,True,1.2263923697115495,-1.1001054234172516,2.326497793128801,23,169,192,aceptada,Predicción con evidencia suficiente.
3,4229,cloud,backend,datascience,False,0.7890561959888813,-0.4281909503072656,1.217247146296147,37,359,396,aceptada,Predicción con evidencia suficiente.
3,4506,cloud,cloud,datascience,True,2.4206633776842477,-1.5607927945304594,3.981456172214707,29,217,246,aceptada,Predicción con evidencia suficiente.
3,214,frontend,backend,frontend,False,-0.013018199415696485,-0.15263492549348484,0.13961672607778836,45,280,325,revision,Margen de decisión reducido.
3,2142,backend,cloud,backend,False,-0.015796943955527,-0.16596092441513333,0.15016398045960633,22,375,397,revision,Margen de decisión reducido.
3,2526,backend,backend,cloud,True,0.36067968852193766,-0.7122595327967569,1.0729392213186946,27,302,329,aceptada,Predicción con evidencia suficiente.
3,4460,frontend,cloud,frontend,False,-0.06793537087133483,-0.520159805965988,0.45222443509465315,23,374,397,revision,Margen de decisión reducido.
3,1709,frontend,frontend,datascience,True,2.319781266183751,-1.1500840300432251,3.469865296226976,40,273,313,aceptada,Predicción con evidencia suficiente.
3,1777,frontend,frontend,datascience,True,0.8481384639349889,-0.8535459579283293,1.7016844218633183,25,274,299,aceptada,Predicción con evidencia suficiente.
3,4566,cloud,cloud,backend,True,0.6598779191535037,-0.7706653253976523,1.430543244551156,14,262,276,aceptada,Predicción con evidencia suficiente.
3,1410,datascience,datascience,backend,True,1.710545949247611,-1.3955688772599815,3.1061148265075924,33,316,349,aceptada,Predicción con evidencia suficiente.
3,4221,cloud,cloud,frontend,True,1.2417642573937262,-1.2758363873645706,2.517600644758297,31,255,286,aceptada,Predicción con evidencia suficiente.
3,873,cloud,cloud,datascience,True,0.3339822108554594,-0.039148089810080666,0.3731303006655401,17,266,283,revision,Margen de decisión reducido.
3,2834,frontend,frontend,datascience,True,0.5813222594290848,-0.7656477578641435,1.3469700172932284,34,336,370,aceptada,Predicción con evidencia suficiente.
3,2081,frontend,datascience,frontend,False,-0.513060576461149,-0.5309620962129374,0.01790151975178844,34,233,267,revision,Margen de decisión reducido.
3,1806,datascience,datascience,backend,True,1.6609082769774637,-1.3396708902772003,3.000579167254664,32,258,290,aceptada,Predicción con evidencia suficiente.
3,2867,backend,backend,datascience,True,0.5754511180333162,-0.801518915535117,1.3769700335684332,29,338,367,aceptada,Predicción con evidencia suficiente.
3,60,datascience,cloud,datascience,False,0.7527785118919631,0.2726840844080406,0.4800944274839225,25,240,265,revision,Margen de decisión reducido.
3,1286,frontend,frontend,datascience,True,1.3682843028809804,-0.9382198220152727,2.306504124896253,7,299,306,aceptada,Predicción con evidencia suficiente.
3,2971,backend,datascience,frontend,False,0.09881016220848005,-0.5758853372099179,0.6746954994183979,32,386,418,aceptada,Predicción con evidencia suficiente.
3,4277,datascience,datascience,backend,True,1.3554109391976326,-1.251014699850481,2.6064256390481138,23,267,290,aceptada,Predicción con evidencia suficiente.
3,705,datascience,datascience,backend,True,-0.20141990310642632,-0.35936860271795923,0.1579486996115329,32,313,345,revision,Margen de decisión reducido.
3,2932,datascience,datascience,frontend,True,1.6928147104025886,-1.4111235850167885,3.1039382954193773,23,226,249,aceptada,Predicción con evidencia suficiente.
3,2291,cloud,cloud,datascience,True,1.3231710596169601,-1.2411846970026428,2.564355756619603,28,161,189,aceptada,Predicción con evidencia suficiente.
3,2093,backend,backend,cloud,True,1.0301067368705792,-0.49867497228117175,1.528781709151751,18,268,286,aceptada,Predicción con evidencia suficiente.
3,3218,frontend,backend,frontend,False,0.792307063731392,-0.8550458915911026,1.6473529553224946,68,731,799,aceptada,Predicción con evidencia suficiente.
3,61,datascience,datascience,cloud,True,0.8202758090080017,-0.7256693612805727,1.5459451702885745,15,203,218,aceptada,Predicción con evidencia suficiente.
3,3296,cloud,cloud,datascience,True,0.8411624998710171,-0.5115258889708867,1.3526883888419037,10,227,237,aceptada,Predicción con evidencia suficiente.
3,918,backend,backend,frontend,True,0.6042484342146961,-0.5380396413061727,1.1422880755208689,27,257,284,aceptada,Predicción con evidencia suficiente.
3,2542,cloud,cloud,datascience,True,2.1152072157021258,-1.6841976791335638,3.7994048948356896,33,245,278,aceptada,Predicción con evidencia suficiente.
3,4404,frontend,frontend,backend,True,2.016104585529708,-1.1572815356595798,3.1733861211892878,10,246,256,aceptada,Predicción con evidencia suficiente.
3,443,frontend,frontend,cloud,True,1.3878649408554202,-0.7977624901688709,2.185627431024291,13,185,198,aceptada,Predicción con evidencia suficiente.
3,183,frontend,frontend,datascience,True,0.42661496675577076,-0.6421827955778459,1.0687977623336167,30,332,362,aceptada,Predicción con evidencia suficiente.
3,4369,backend,backend,cloud,True,0.9136159728579663,-0.614020337651333,1.5276363105092994,28,304,332,aceptada,Predicción con evidencia suficiente.
3,1185,backend,backend,datascience,True,1.2146180351033422,-0.740166833881282,1.9547848689846243,17,266,283,aceptada,Predicción con evidencia suficiente.
3,420,cloud,cloud,datascience,True,0.9930290457388838,-0.5463876878399228,1.5394167335788067,23,252,275,aceptada,Predicción con evidencia suficiente.
3,390,cloud,cloud,backend,True,1.347046751995331,-0.8263331182924396,2.1733798702877705,33,305,338,aceptada,Predicción con evidencia suficiente.
3,1058,backend,backend,frontend,True,0.8136227141318648,-0.8954918718227844,1.7091145859546493,12,163,175,revision,Cobertura reducida de características.
3,2460,cloud,cloud,backend,True,0.9119731914938832,-1.0222973251548697,1.9342705166487528,22,257,279,aceptada,Predicción con evidencia suficiente.
3,804,cloud,cloud,frontend,True,0.5306178732412669,-0.09613294927518187,0.6267508225164488,36,311,347,revision,Margen de decisión reducido.
3,4064,frontend,frontend,cloud,True,0.6393143689962646,-0.4984479470093839,1.1377623160056485,22,247,269,aceptada,Predicción con evidencia suficiente.
3,2227,datascience,datascience,backend,True,1.4568083044326343,-1.2178539404003421,2.6746622448329767,23,224,247,aceptada,Predicción con evidencia suficiente.
3,1092,backend,backend,frontend,True,0.21889770461914615,-0.6979385733792616,0.9168362779984077,18,224,242,aceptada,Predicción con evidencia suficiente.
3,855,datascience,datascience,backend,True,1.332676627544879,-1.2792514156037904,2.6119280431486693,27,234,261,aceptada,Predicción con evidencia suficiente.
3,2630,backend,datascience,cloud,False,-0.30597754149414325,-0.5302742271832903,0.22429668568914707,5,230,235,revision,Margen de decisión reducido.
3,800,frontend,frontend,backend,True,0.8281215284906951,-0.9357416784451662,1.7638632069358613,19,279,298,aceptada,Predicción con evidencia suficiente.
3,539,datascience,datascience,cloud,True,0.8621779226361347,-1.0077917642872618,1.8699696869233966,27,291,318,aceptada,Predicción con evidencia suficiente.
3,3492,datascience,backend,datascience,False,0.8198492819855145,0.09905140232302012,0.7207978796624944,38,302,340,aceptada,Predicción con evidencia suficiente.
3,2369,frontend,frontend,datascience,True,1.3236701533230053,-0.8154894778012326,2.139159631124238,33,349,382,aceptada,Predicción con evidencia suficiente.
3,1637,cloud,cloud,backend,True,0.3293369659329065,-0.25498505113376024,0.5843220170666668,33,373,406,revision,Margen de decisión reducido.
3,864,cloud,cloud,frontend,True,2.0417877925639396,-1.1290525018010138,3.1708402943649534,46,579,625,aceptada,Predicción con evidencia suficiente.
3,2701,frontend,frontend,backend,True,0.39712898008120373,-0.17954987829289237,0.576678858374096,12,315,327,revision,Margen de decisión reducido.
3,3100,frontend,backend,datascience,False,-0.28528263714298224,-0.39200691983134683,0.10672428268836459,28,217,245,revision,Margen de decisión reducido.
3,3954,frontend,frontend,datascience,True,-0.10805247535081036,-0.4767034454947708,0.3686509701439604,16,213,229,revision,Margen de decisión reducido.
3,4013,cloud,backend,cloud,False,-0.17009680995499754,-0.18023992432056823,0.010143114365570693,23,295,318,revision,Margen de decisión reducido.
3,3407,backend,backend,datascience,True,1.5402407706794972,-0.9331206642019768,2.473361434881474,28,308,336,aceptada,Predicción con evidencia suficiente.
3,2337,datascience,datascience,cloud,True,0.4180199789187743,-0.4135132357000423,0.8315332146188166,33,349,382,aceptada,Predicción con evidencia suficiente.
3,1585,datascience,datascience,cloud,True,-0.30980131236468444,-0.6673476334505306,0.35754632108584616,27,362,389,revision,Margen de decisión reducido.
3,4171,backend,frontend,backend,False,0.768618045927052,-0.8453720160071756,1.6139900619342276,32,289,321,aceptada,Predicción con evidencia suficiente.
3,3110,datascience,datascience,frontend,True,0.26944221254331413,-0.37200519660517756,0.6414474091484916,18,225,243,revision,Margen de decisión reducido.
3,1126,datascience,frontend,datascience,False,0.8610191677395465,-0.3489534475333893,1.2099726152729358,23,246,269,aceptada,Predicción con evidencia suficiente.
3,743,backend,backend,datascience,True,0.7405508289953942,-0.8626768974454209,1.603227726440815,3,66,69,revision,Cobertura reducida de características.
3,14,cloud,cloud,datascience,True,0.9101272035591349,-0.30831056384736144,1.2184377674064963,24,209,233,aceptada,Predicción con evidencia suficiente.
3,1034,datascience,datascience,backend,True,1.506076792646982,-1.3232090708360715,2.8292858634830536,23,222,245,aceptada,Predicción con evidencia suficiente.
3,1570,backend,frontend,backend,False,-0.18117364350726073,-0.3296974898979476,0.1485238463906869,29,371,400,revision,Margen de decisión reducido.
3,1975,backend,backend,cloud,True,0.4875295752848112,-0.7171823490379767,1.204711924322788,29,342,371,aceptada,Predicción con evidencia suficiente.
3,3512,datascience,cloud,datascience,False,1.0738340803560296,-0.27371511553130023,1.3475491958873298,28,343,371,aceptada,Predicción con evidencia suficiente.
4,2846,backend,backend,frontend,True,0.5145001248627519,-0.7693496177594323,1.2838497426221842,32,308,340,aceptada,Predicción con evidencia suficiente.
4,3215,frontend,frontend,cloud,True,1.3637291973365167,-1.0339789084002384,2.397708105736755,11,215,226,aceptada,Predicción con evidencia suficiente.
4,3166,backend,backend,frontend,True,1.568414124927832,-0.8811929295645256,2.4496070544923576,30,173,203,aceptada,Predicción con evidencia suficiente.
4,1992,frontend,frontend,backend,True,1.2160088831724063,-1.030114930145384,2.2461238133177903,37,291,328,aceptada,Predicción con evidencia suficiente.
4,508,datascience,datascience,frontend,True,2.335686249734315,-1.6465701030117055,3.9822563527460204,23,225,248,aceptada,Predicción con evidencia suficiente.
4,1377,backend,backend,frontend,True,0.8102940094721116,-0.8332500236371515,1.6435440331092632,38,319,357,aceptada,Predicción con evidencia suficiente.
4,3345,backend,backend,cloud,True,0.15406134749796174,-0.48197004566171997,0.6360313931596817,22,314,336,revision,Margen de decisión reducido.
4,3132,datascience,datascience,cloud,True,1.184276973910568,-0.893180437201094,2.077457411111662,33,415,448,aceptada,Predicción con evidencia suficiente.
4,542,cloud,cloud,backend,True,3.0672679004426544,-1.5315531268666662,4.59882102730932,37,266,303,aceptada,Predicción con evidencia suficiente.
4,1617,frontend,frontend,datascience,True,0.9376906947217579,-0.9745942285455089,1.9122849232672667,28,280,308,aceptada,Predicción con evidencia suficiente.
4,1776,frontend,backend,frontend,False,0.19313082506012968,0.10661012509467516,0.08652069996545453,13,154,167,revision,Margen de decisión reducido.
4,1995,backend,backend,datascience,True,0.6222114681357733,-0.7136893616223375,1.3359008297581108,25,355,380,aceptada,Predicción con evidencia suficiente.
4,2650,frontend,frontend,backend,True,1.7468051758299445,-0.7884245268130026,2.535229702642947,25,258,283,aceptada,Predicción con evidencia suficiente.
4,1209,datascience,datascience,frontend,True,0.8900262719826839,-0.9176290302142863,1.8076553021969701,14,215,229,aceptada,Predicción con evidencia suficiente.
4,992,datascience,datascience,cloud,True,1.726707910520166,-1.0408232088990248,2.767531119419191,30,286,316,aceptada,Predicción con evidencia suficiente.
4,658,backend,backend,datascience,True,0.17073053253028192,-0.5954427676855895,0.7661733002158714,27,307,334,aceptada,Predicción con evidencia suficiente.
4,2989,backend,backend,datascience,True,1.8058712454873913,-1.499079460803762,3.3049507062911534,38,335,373,aceptada,Predicción con evidencia suficiente.
4,1269,backend,backend,cloud,True,1.3553513015562098,-1.1984653304512043,2.553816632007414,33,240,273,aceptada,Predicción con evidencia suficiente.
4,3349,frontend,frontend,backend,True,1.7030419424140724,-1.0304159415634242,2.7334578839774966,30,298,328,aceptada,Predicción con evidencia suficiente.
4,1404,backend,backend,datascience,True,0.03359006856964042,-0.6978188360696597,0.7314089046393001,28,309,337,aceptada,Predicción con evidencia suficiente.
4,3885,cloud,cloud,datascience,True,0.9261345625475825,-0.6635497490219652,1.5896843115695476,28,345,373,aceptada,Predicción con evidencia suficiente.
4,487,backend,backend,cloud,True,-0.08608804525524605,-0.5470935178314579,0.4610054725762118,20,287,307,revision,Margen de decisión reducido.
4,1146,backend,backend,frontend,True,0.07138434213490208,-0.6591299111791824,0.7305142533140845,35,356,391,aceptada,Predicción con evidencia suficiente.
4,1885,datascience,backend,cloud,False,-0.22714500631391077,-0.44944898002720285,0.22230397371329208,18,350,368,revision,Margen de decisión reducido.
4,209,frontend,frontend,datascience,True,0.03165683644082029,-0.701486833065111,0.7331436695059312,28,332,360,aceptada,Predicción con evidencia suficiente.
4,825,frontend,frontend,backend,True,1.027603659426473,-0.4350743462901,1.462678005716573,48,370,418,aceptada,Predicción con evidencia suficiente.
4,4450,cloud,cloud,backend,True,1.2518338499039754,-1.2739195290393717,2.525753378943347,33,296,329,aceptada,Predicción con evidencia suficiente.
4,4375,cloud,frontend,backend,False,0.2733817471307778,-0.3591888899828214,0.6325706371135992,6,256,262,revision,Margen de decisión reducido.
4,653,frontend,frontend,backend,True,0.4230077698453091,-0.48792277177261456,0.9109305416179236,33,281,314,aceptada,Predicción con evidencia suficiente.
4,4223,datascience,backend,frontend,False,-0.07755626970914209,-0.5174486682592393,0.4398923985500972,32,283,315,revision,Margen de decisión reducido.
4,2756,backend,backend,cloud,True,0.1939207840964292,-0.707697925081053,0.9016187091774822,30,328,358,aceptada,Predicción con evidencia suficiente.
4,3011,cloud,cloud,frontend,True,0.03383801292757549,-0.5307597332219066,0.5645977461494821,43,561,604,revision,Margen de decisión reducido.
4,1256,datascience,backend,frontend,False,0.18484882796749424,-0.7466505281857078,0.931499356153202,23,202,225,aceptada,Predicción con evidencia suficiente.
4,2504,cloud,cloud,backend,True,1.7816480469328666,-0.02851047973236731,1.810158526665234,32,363,395,aceptada,Predicción con evidencia suficiente.
4,3396,frontend,frontend,backend,True,1.2257323733871544,-0.9788705513436751,2.204602924730829,26,437,463,aceptada,Predicción con evidencia suficiente.
4,935,cloud,cloud,datascience,True,1.2098296409993292,-1.1134376182905827,2.3232672592899117,25,153,178,revision,Cobertura reducida de características.
4,2261,datascience,datascience,frontend,True,2.7646990540783207,-1.7730232435907816,4.537722297669102,26,217,243,aceptada,Predicción con evidencia suficiente.
4,3946,frontend,frontend,cloud,True,0.6000792576882356,-0.6499595985771313,1.2500388562653668,16,221,237,aceptada,Predicción con evidencia suficiente.
4,1290,cloud,cloud,datascience,True,0.5385647433179033,-0.7724592359856739,1.3110239793035772,31,363,394,aceptada,Predicción con evidencia suficiente.
4,1819,datascience,datascience,cloud,True,1.8918262698354138,-1.4500274670183644,3.3418537368537784,27,204,231,aceptada,Predicción con evidencia suficiente.
4,3678,datascience,datascience,backend,True,1.410255744926994,-1.3768514613472511,2.787107206274245,19,215,234,aceptada,Predicción con evidencia suficiente.
4,4559,cloud,cloud,datascience,True,1.3232409840267876,-0.8442001440436867,2.1674411280704744,26,295,321,aceptada,Predicción con evidencia suficiente.
4,3584,cloud,cloud,frontend,True,0.19046545018117989,-0.548124883050587,0.7385903332317669,24,325,349,aceptada,Predicción con evidencia suficiente.
4,739,cloud,cloud,backend,True,0.8913908213439419,-0.697771757065272,1.5891625784092138,23,295,318,aceptada,Predicción con evidencia suficiente.
4,1026,backend,backend,datascience,True,0.954716902073012,-0.5541824244345332,1.5088993265075452,43,376,419,aceptada,Predicción con evidencia suficiente.
4,1592,frontend,frontend,datascience,True,1.4408990907481214,-1.287832740649812,2.7287318313979334,13,196,209,aceptada,Predicción con evidencia suficiente.
4,4036,frontend,frontend,backend,True,0.5788175586441524,0.1880386119127736,0.3907789467313788,28,320,348,revision,Margen de decisión reducido.
4,3804,datascience,datascience,backend,True,0.7224523674652716,-0.5306831429760472,1.2531355104413189,39,424,463,aceptada,Predicción con evidencia suficiente.
4,567,frontend,frontend,datascience,True,0.5406834508336369,-0.782010374589967,1.3226938254236038,19,198,217,aceptada,Predicción con evidencia suficiente.
4,196,cloud,cloud,frontend,True,0.009322791203461245,-0.6553075863016132,0.6646303775050745,25,179,204,aceptada,Predicción con evidencia suficiente.
4,3427,backend,backend,frontend,True,1.4455433625668326,-0.9406901977492241,2.3862335603160565,28,289,317,aceptada,Predicción con evidencia suficiente.
4,3448,datascience,datascience,frontend,True,1.3301950492695689,-1.199889296851464,2.5300843461210327,37,382,419,aceptada,Predicción con evidencia suficiente.
4,1388,cloud,frontend,backend,False,0.229781776402865,-0.3788812557553461,0.6086630321582112,35,308,343,revision,Margen de decisión reducido.
4,261,cloud,cloud,datascience,True,2.1398452064546594,-1.5739174890271004,3.7137626954817597,14,302,316,aceptada,Predicción con evidencia suficiente.
4,3944,cloud,cloud,backend,True,0.6924633921719763,-0.6060229089067047,1.2984863010786811,24,240,264,aceptada,Predicción con evidencia suficiente.
4,1787,cloud,cloud,backend,True,0.8802000799532466,-0.9899118176659951,1.8701118976192417,21,275,296,aceptada,Predicción con evidencia suficiente.
4,3474,backend,backend,cloud,True,-0.21021356519400836,-0.3086688547194338,0.09845528952542543,35,387,422,revision,Margen de decisión reducido.
4,2507,cloud,backend,cloud,False,0.1111164711821293,-0.37551475196829753,0.48663122315042684,25,315,340,revision,Margen de decisión reducido.
4,1180,frontend,frontend,datascience,True,1.4233803158103688,-1.1694384119448298,2.5928187277551986,21,262,283,aceptada,Predicción con evidencia suficiente.
4,2857,datascience,datascience,backend,True,-0.0891842080406069,-0.47117823235004125,0.38199402430943435,25,330,355,revision,Margen de decisión reducido.
4,63,cloud,cloud,frontend,True,0.4102892204742983,-0.5394065566856066,0.9496957771599048,23,284,307,aceptada,Predicción con evidencia suficiente.
4,360,frontend,frontend,cloud,True,0.677867148159503,-0.4166361080101291,1.0945032561696322,18,178,196,aceptada,Predicción con evidencia suficiente.
4,637,backend,datascience,cloud,False,-0.010632869136948941,-0.4618016777219872,0.4511688085850383,44,329,373,revision,Margen de decisión reducido.
4,2889,datascience,datascience,cloud,True,-0.20254693147652147,-0.3786894348730366,0.1761425033965151,23,251,274,revision,Margen de decisión reducido.
4,1358,frontend,frontend,datascience,True,-0.3448529090977177,-0.46666688069824414,0.12181397160052643,25,434,459,revision,Margen de decisión reducido.
4,148,datascience,datascience,backend,True,1.4306981586376992,-1.182855358241012,2.613553516878711,21,255,276,aceptada,Predicción con evidencia suficiente.
4,2259,frontend,frontend,cloud,True,0.6647646746887464,-0.629560188578081,1.2943248632668274,31,343,374,aceptada,Predicción con evidencia suficiente.
4,2958,datascience,datascience,cloud,True,0.8377049077476115,-0.9483385384046708,1.7860434461522823,31,422,453,aceptada,Predicción con evidencia suficiente.
4,4176,cloud,cloud,backend,True,1.36252692060004,-0.967548814583986,2.330075735184026,24,414,438,aceptada,Predicción con evidencia suficiente.
4,1761,datascience,datascience,frontend,True,-0.1857218179319322,-0.6755509419201979,0.4898291239882657,32,347,379,revision,Margen de decisión reducido.
4,4245,frontend,frontend,cloud,True,1.7845417127904941,-1.3976926426325054,3.1822343554229997,11,182,193,aceptada,Predicción con evidencia suficiente.
4,1632,frontend,frontend,backend,True,0.9591083244923772,-1.1666788177934155,2.125787142285793,22,327,349,aceptada,Predicción con evidencia suficiente.
4,1220,frontend,frontend,datascience,True,1.2855841396336332,-1.017586248120534,2.303170387754167,22,336,358,aceptada,Predicción con evidencia suficiente.
4,2043,cloud,cloud,backend,True,0.41574951961763906,-0.373082631330588,0.788832150948227,20,272,292,aceptada,Predicción con evidencia suficiente.
4,1324,cloud,cloud,datascience,True,0.18056949342222228,-0.7069591549612722,0.8875286483834944,22,312,334,aceptada,Predicción con evidencia suficiente.
4,3585,frontend,frontend,cloud,True,1.3273518079267066,-0.8229892538784888,2.1503410618051952,29,372,401,aceptada,Predicción con evidencia suficiente.
4,1804,frontend,frontend,backend,True,0.20131375228031434,-0.7548360277804785,0.9561497800607929,23,205,228,aceptada,Predicción con evidencia suficiente.
4,1204,datascience,datascience,frontend,True,1.417458537924183,-1.1257330348742343,2.5431915727984173,23,205,228,aceptada,Predicción con evidencia suficiente.
4,1794,frontend,frontend,datascience,True,0.49374430562782345,-0.7746230427101766,1.268367348338,27,273,300,aceptada,Predicción con evidencia suficiente.
4,1007,frontend,frontend,datascience,True,1.203894921648991,-1.1476552339238775,2.3515501555728684,26,280,306,aceptada,Predicción con evidencia suficiente.
4,4512,backend,backend,frontend,True,0.06639314480129976,-0.28898120811797484,0.3553743529192746,27,254,281,revision,Margen de decisión reducido.
4,4182,frontend,frontend,backend,True,1.4965869981579676,-1.2442547759713394,2.740841774129307,36,259,295,aceptada,Predicción con evidencia suficiente.
4,3905,backend,datascience,backend,False,-0.17544848948108904,-0.4551240710946262,0.27967558161353717,29,325,354,revision,Margen de decisión reducido.
4,2703,datascience,datascience,cloud,True,1.2993522191179394,-1.1718231010302267,2.4711753201481663,17,261,278,aceptada,Predicción con evidencia suficiente.
4,2553,cloud,cloud,backend,True,1.39072255109958,-0.8752869199491353,2.266009471048715,21,183,204,aceptada,Predicción con evidencia suficiente.
4,876,datascience,datascience,backend,True,0.9996995125021646,-0.8108085382116125,1.8105080507137772,36,368,404,aceptada,Predicción con evidencia suficiente.
4,1528,backend,frontend,backend,False,0.1560285162743793,-0.6960387388909207,0.8520672551653,20,266,286,aceptada,Predicción con evidencia suficiente.
4,2257,backend,backend,frontend,True,1.2702760347096331,-0.6983488543753305,1.9686248890849636,26,305,331,aceptada,Predicción con evidencia suficiente.
4,230,cloud,cloud,datascience,True,1.176800330561611,-0.9010148682959006,2.0778151988575115,20,230,250,aceptada,Predicción con evidencia suficiente.
4,2742,backend,backend,cloud,True,0.6030706646358743,-0.7845753297387272,1.3876459943746016,24,187,211,aceptada,Predicción con evidencia suficiente.
4,4401,datascience,datascience,frontend,True,0.5022348869419213,-0.7965839015410741,1.2988187884829954,18,246,264,aceptada,Predicción con evidencia suficiente.
4,1982,cloud,cloud,frontend,True,3.07169149057169,-1.5982374724773591,4.669928963049049,22,287,309,aceptada,Predicción con evidencia suficiente.
4,1453,cloud,cloud,backend,True,0.6168224822234236,-0.6328088794921698,1.2496313617155934,37,380,417,aceptada,Predicción con evidencia suficiente.
4,4465,frontend,cloud,backend,False,-0.28727546498497697,-0.34380117612481953,0.05652571113984256,37,233,270,revision,Margen de decisión reducido.
4,2758,cloud,backend,frontend,False,0.40175594334618303,-0.06384033706504927,0.4655962804112323,13,291,304,revision,Margen de decisión reducido.
4,3924,backend,backend,datascience,True,1.075817586030936,-0.7880476362884637,1.8638652223193999,44,622,666,aceptada,Predicción con evidencia suficiente.
4,3515,cloud,cloud,backend,True,0.09074516304110769,-0.08724745704697157,0.17799262008807926,30,277,307,revision,Margen de decisión reducido.
4,2226,frontend,frontend,cloud,True,0.6309534410072729,-0.6201981206375825,1.2511515616448554,26,244,270,aceptada,Predicción con evidencia suficiente.
4,757,cloud,cloud,datascience,True,0.5991093463447403,0.21343785816976424,0.3856714881749761,30,292,322,revision,Margen de decisión reducido.
4,3257,datascience,datascience,frontend,True,1.1393495031646776,-1.1014247767447878,2.2407742799094654,26,230,256,aceptada,Predicción con evidencia suficiente.
4,4550,backend,backend,frontend,True,0.3799298926126764,-0.589663546920373,0.9695934395330494,36,368,404,aceptada,Predicción con evidencia suficiente.
4,3619,datascience,datascience,cloud,True,0.7240488469669311,-0.37437274249942326,1.0984215894663543,31,251,282,aceptada,Predicción con evidencia suficiente.
4,1644,backend,backend,cloud,True,0.37011212478631283,-0.6821824761252361,1.0522946009115488,31,315,346,aceptada,Predicción con evidencia suficiente.
4,2060,frontend,frontend,backend,True,-0.2899288689321779,-0.4115973184870309,0.12166844955485301,32,283,315,revision,Margen de decisión reducido.
4,813,backend,backend,cloud,True,0.7176095925647576,-0.7260491435540779,1.4436587361188356,15,292,307,aceptada,Predicción con evidencia suficiente.
4,3383,backend,frontend,cloud,False,-0.0652964684063867,-0.5413591015616529,0.4760626331552662,26,355,381,revision,Margen de decisión reducido.
4,3511,cloud,cloud,frontend,True,0.7147368371756191,-1.0184283104262373,1.7331651476018564,27,369,396,aceptada,Predicción con evidencia suficiente.
4,468,datascience,datascience,cloud,True,1.3494609079109015,-1.194248892299067,2.5437098002099683,25,269,294,aceptada,Predicción con evidencia suficiente.
4,3777,frontend,frontend,backend,True,1.4530271906333452,-1.052228163920069,2.505255354553414,19,228,247,aceptada,Predicción con evidencia suficiente.
4,1897,frontend,frontend,backend,True,1.2902270775319975,-1.0827432984073748,2.3729703759393725,35,364,399,aceptada,Predicción con evidencia suficiente.
4,3715,datascience,datascience,backend,True,1.0706996797910184,-0.851609431113551,1.9223091109045694,40,292,332,aceptada,Predicción con evidencia suficiente.
4,4412,backend,backend,datascience,True,1.3533506147626444,-0.4839749483210029,1.8373255630836474,25,288,313,aceptada,Predicción con evidencia suficiente.
4,1638,cloud,cloud,datascience,True,1.914195346367125,-1.308516870501048,3.2227122168681728,36,274,310,aceptada,Predicción con evidencia suficiente.
4,2113,frontend,frontend,backend,True,0.9418180401045985,-0.784126884943573,1.7259449250481715,36,249,285,aceptada,Predicción con evidencia suficiente.
4,2213,datascience,datascience,cloud,True,1.7489645965314298,-1.0935700368431631,2.842534633374593,36,305,341,aceptada,Predicción con evidencia suficiente.
4,3763,backend,backend,frontend,True,0.18488307034342455,-0.39298409912873056,0.5778671694721551,39,238,277,revision,Margen de decisión reducido.
4,2340,datascience,datascience,frontend,True,-0.1647324693897022,-0.6439775123393998,0.4792450429496976,25,214,239,revision,Margen de decisión reducido.
4,4453,datascience,datascience,cloud,True,1.7596963941562984,-0.8300674323735305,2.589763826529829,32,297,329,aceptada,Predicción con evidencia suficiente.
4,2497,backend,datascience,cloud,False,-0.3504654905145505,-0.5489562647708393,0.19849077425628875,34,226,260,revision,Margen de decisión reducido.
4,1148,frontend,frontend,backend,True,1.239800235619318,-0.6276255012427441,1.8674257368620621,11,132,143,revision,Cobertura reducida de características.
4,893,datascience,datascience,backend,True,1.1486912442547774,-0.7209074500565471,1.8695986943113245,24,257,281,aceptada,Predicción con evidencia suficiente.
4,2393,datascience,datascience,frontend,True,1.486393621783978,-1.3052339535682491,2.7916275753522273,23,224,247,aceptada,Predicción con evidencia suficiente.
4,1657,backend,backend,cloud,True,0.8792928752150457,-0.9315691540040532,1.810862029219099,28,330,358,aceptada,Predicción con evidencia suficiente.
4,1991,datascience,datascience,frontend,True,1.4816443057662168,-1.242619792074401,2.724264097840618,25,281,306,aceptada,Predicción con evidencia suficiente.
4,4425,backend,backend,frontend,True,1.4553390265559216,-1.1302326703022179,2.5855716968581395,24,307,331,aceptada,Predicción con evidencia suficiente.
4,2655,datascience,datascience,frontend,True,1.8751191507239258,-1.2756872010133797,3.1508063517373053,28,266,294,aceptada,Predicción con evidencia suficiente.
4,2303,frontend,frontend,cloud,True,2.5270721097779,-1.5515916350952883,4.078663744873189,37,311,348,aceptada,Predicción con evidencia suficiente.
4,2065,datascience,datascience,cloud,True,-0.13379365609570615,-0.6353444146854024,0.5015507585896962,32,288,320,revision,Margen de decisión reducido.
4,2046,frontend,backend,frontend,False,0.3058520769401647,-0.30489892713402783,0.6107510040741926,28,316,344,revision,Margen de decisión reducido.
4,3362,backend,backend,datascience,True,0.26976187365078896,-0.5731602078364257,0.8429220814872147,19,325,344,aceptada,Predicción con evidencia suficiente.
4,4473,frontend,backend,frontend,False,0.069693313714426,-0.1402582745764805,0.2099515882909065,5,186,191,revision,Margen de decisión reducido.
4,960,datascience,datascience,cloud,True,-0.31421708843430474,-0.36897504844448176,0.05475796001017702,16,184,200,revision,Margen de decisión reducido.
4,4351,cloud,cloud,frontend,True,0.674417999681096,-0.43495167039242794,1.1093696700735238,17,199,216,aceptada,Predicción con evidencia suficiente.
4,2636,cloud,cloud,frontend,True,1.915373844995734,-1.356793636234741,3.272167481230475,17,374,391,aceptada,Predicción con evidencia suficiente.
4,3514,cloud,datascience,cloud,False,0.06516565577018385,-0.4603427089275893,0.5255083646977732,21,358,379,revision,Margen de decisión reducido.
4,3447,datascience,datascience,cloud,True,1.1758174815691238,-1.0591525914756232,2.234970073044747,24,271,295,aceptada,Predicción con evidencia suficiente.
4,2027,cloud,cloud,datascience,True,-0.08184319934448459,-0.2009500838695749,0.11910688452509033,36,282,318,revision,Margen de decisión reducido.
4,3634,cloud,cloud,backend,True,2.4402642056020136,-1.4850451167412957,3.9253093223433093,15,310,325,aceptada,Predicción con evidencia suficiente.
4,1980,cloud,datascience,frontend,False,-0.49514963884100865,-0.5145559971992821,0.01940635835827348,2,234,236,revision,Margen de decisión reducido.
4,3803,backend,backend,frontend,True,0.4820567417026873,-0.6182692797240905,1.1003260214267778,34,267,301,aceptada,Predicción con evidencia suficiente.
4,3298,datascience,datascience,backend,True,2.0151341147219366,-1.6104336027010544,3.625567717422991,26,214,240,aceptada,Predicción con evidencia suficiente.
4,97,backend,backend,cloud,True,1.4768128414298791,-1.026250509573757,2.503063351003636,16,202,218,aceptada,Predicción con evidencia suficiente.
4,271,cloud,cloud,frontend,True,1.366171836453173,-0.8297930301563945,2.1959648666095672,36,268,304,aceptada,Predicción con evidencia suficiente.
4,2787,backend,backend,frontend,True,0.4886945842933652,-0.7028965542400392,1.1915911385334044,33,371,404,aceptada,Predicción con evidencia suficiente.
4,3549,datascience,datascience,frontend,True,1.0547338975035077,-1.1481538393040471,2.202887736807555,26,223,249,aceptada,Predicción con evidencia suficiente.
4,2218,backend,backend,cloud,True,0.3429442034830583,-0.06971879934315461,0.41266300282621293,38,372,410,revision,Margen de decisión reducido.
4,875,cloud,cloud,frontend,True,-0.0015574691666135898,-0.554085436326611,0.5525279671599974,39,337,376,revision,Margen de decisión reducido.
4,3184,backend,backend,datascience,True,0.12192958900956208,-0.009725862136413244,0.13165545114597532,34,282,316,revision,Margen de decisión reducido.
4,3085,datascience,datascience,backend,True,1.353344628600101,-1.2368191608908183,2.5901637894909193,19,252,271,aceptada,Predicción con evidencia suficiente.
4,3920,datascience,datascience,frontend,True,1.038881966783719,-0.9397139222045181,1.9785958889882371,18,216,234,aceptada,Predicción con evidencia suficiente.
4,266,datascience,datascience,cloud,True,0.06450682489499926,0.047793915072757764,0.016712909822241495,4,100,104,revision,Margen de decisión reducido.
4,2092,datascience,datascience,backend,True,0.12369832901577948,-0.7293471516838708,0.8530454806996502,25,382,407,aceptada,Predicción con evidencia suficiente.
4,1293,frontend,frontend,cloud,True,0.0851160032605045,-0.7429020740083665,0.828018077268871,37,328,365,aceptada,Predicción con evidencia suficiente.
4,2420,backend,backend,datascience,True,2.0661861769595617,-1.6022669726800483,3.66845314963961,36,277,313,aceptada,Predicción con evidencia suficiente.
4,304,cloud,cloud,datascience,True,2.019947964069053,-1.4145765775867924,3.4345245416558456,12,216,228,aceptada,Predicción con evidencia suficiente.
4,1149,datascience,cloud,datascience,False,0.34229720327513435,-0.6275171203936756,0.9698143236688099,22,362,384,aceptada,Predicción con evidencia suficiente.
4,4118,backend,backend,frontend,True,0.5406032653348949,-0.1494200099955584,0.6900232753304533,22,243,265,aceptada,Predicción con evidencia suficiente.
4,1668,cloud,cloud,datascience,True,0.9590238404285409,-0.3798165894339295,1.3388404298624703,21,306,327,aceptada,Predicción con evidencia suficiente.
4,3154,cloud,backend,frontend,False,-0.3078696714385404,-0.4255216801958581,0.11765200875731774,32,363,395,revision,Margen de decisión reducido.
4,682,cloud,cloud,frontend,True,0.3485191727790724,-0.6220826965239525,0.9706018693030249,14,172,186,aceptada,Predicción con evidencia suficiente.
4,3274,backend,backend,cloud,True,0.7148050634518259,-0.5372309434488645,1.2520360069006904,29,270,299,aceptada,Predicción con evidencia suficiente.
4,3731,backend,frontend,datascience,False,0.02806741496464743,-0.5445546798770033,0.5726220948416507,10,179,189,revision,Margen de decisión reducido.
4,2721,cloud,cloud,datascience,True,0.7691032581671997,-1.007985449052186,1.7770887072193857,26,245,271,aceptada,Predicción con evidencia suficiente.
4,3266,frontend,cloud,frontend,False,0.28650310472920937,-0.18455312428610884,0.4710562290153182,18,233,251,revision,Margen de decisión reducido.
4,1717,backend,backend,cloud,True,0.7600679104452397,-0.7291442091794967,1.4892121196247365,16,274,290,aceptada,Predicción con evidencia suficiente.
4,2201,frontend,frontend,datascience,True,1.5898309656070602,-0.9717368055094062,2.5615677711164664,21,281,302,aceptada,Predicción con evidencia suficiente.
4,1454,cloud,cloud,datascience,True,1.1619977662399978,-0.35639124638520214,1.5183890126252,12,157,169,revision,Cobertura reducida de características.
4,2141,datascience,datascience,backend,True,1.5708058281581099,-1.2735307999039134,2.844336628062023,23,252,275,aceptada,Predicción con evidencia suficiente.
4,3967,cloud,cloud,backend,True,2.2788387271047275,-1.663358807982684,3.9421975350874114,35,254,289,aceptada,Predicción con evidencia suficiente.
4,1947,backend,backend,frontend,True,0.256686459219331,-0.1216635466341861,0.3783500058535171,20,279,299,revision,Margen de decisión reducido.
4,2300,backend,backend,frontend,True,-0.24271745176183346,-0.311423301036405,0.06870584927457152,43,338,381,revision,Margen de decisión reducido.
4,1330,frontend,frontend,cloud,True,0.5811948749138295,-0.03497761532928523,0.6161724902431147,24,217,241,revision,Margen de decisión reducido.
4,4007,frontend,frontend,backend,True,1.047924325700384,-1.0025285992894395,2.0504529249898233,13,172,185,aceptada,Predicción con evidencia suficiente.
4,1138,datascience,datascience,backend,True,0.4592316907747884,-0.8309719276865868,1.2902036184613752,23,301,324,aceptada,Predicción con evidencia suficiente.
4,1659,frontend,frontend,datascience,True,0.11203753260727906,-0.5574308752115003,0.6694684078187794,16,158,174,revision,Cobertura reducida de características.
4,1405,backend,backend,datascience,True,-0.022477906927999336,-0.45606311445352987,0.43358520752553054,31,278,309,revision,Margen de decisión reducido.
4,2230,datascience,cloud,frontend,False,1.0374774364212598,-0.3305164150841516,1.3679938515054113,32,378,410,aceptada,Predicción con evidencia suficiente.
4,920,backend,backend,cloud,True,1.6010997209884412,-0.6613902887573404,2.2624900097457816,55,432,487,aceptada,Predicción con evidencia suficiente.
4,1044,backend,backend,cloud,True,0.3351632311979149,-0.5240262781116827,0.8591895093095976,30,401,431,aceptada,Predicción con evidencia suficiente.
4,3853,frontend,frontend,cloud,True,1.142856438013951,-1.258966546800432,2.401822984814383,17,175,192,aceptada,Predicción con evidencia suficiente.
4,3318,frontend,frontend,backend,True,1.158356132044692,-0.8069424982341799,1.965298630278872,22,158,180,aceptada,Predicción con evidencia suficiente.
4,2149,cloud,cloud,datascience,True,0.6587467579767228,-0.6906089267470316,1.3493556847237542,8,151,159,revision,Cobertura reducida de características.
4,264,backend,backend,datascience,True,0.22927686523011248,-0.753258512958904,0.9825353781890165,17,193,210,aceptada,Predicción con evidencia suficiente.
4,2611,datascience,datascience,backend,True,1.9607946505471612,-1.2097602943904684,3.1705549449376296,19,155,174,revision,Cobertura reducida de características.
4,1118,datascience,datascience,frontend,True,1.3831820420376066,-1.1564805936166218,2.5396626356542287,26,245,271,aceptada,Predicción con evidencia suficiente.
4,631,backend,backend,cloud,True,0.691597867840616,-0.6407594533487581,1.3323573211893742,33,266,299,aceptada,Predicción con evidencia suficiente.
4,1587,backend,backend,datascience,True,1.193594615663284,-0.877502947786676,2.07109756344996,25,380,405,aceptada,Predicción con evidencia suficiente.
4,2899,backend,frontend,datascience,False,0.7374411057116549,-0.9098764169125102,1.647317522624165,24,316,340,aceptada,Predicción con evidencia suficiente.
4,3845,backend,backend,frontend,True,1.384879029352642,-1.2249068822734634,2.6097859116261057,33,253,286,aceptada,Predicción con evidencia suficiente.
4,2979,cloud,cloud,backend,True,2.308883910038695,-1.4018227205672809,3.7107066306059755,32,214,246,aceptada,Predicción con evidencia suficiente.
4,1526,datascience,datascience,backend,True,0.704748509360652,-0.7771283879247932,1.4818768972854452,23,250,273,aceptada,Predicción con evidencia suficiente.
4,4540,cloud,cloud,backend,True,1.680882022048058,-1.1404688009858714,2.8213508230339297,31,428,459,aceptada,Predicción con evidencia suficiente.
4,2241,backend,backend,cloud,True,0.6286936817546511,-0.4498822592209655,1.0785759409756166,24,298,322,aceptada,Predicción con evidencia suficiente.
4,1416,backend,backend,datascience,True,0.2532233058987601,-0.4601918259554033,0.7134151318541634,27,367,394,aceptada,Predicción con evidencia suficiente.
4,1303,backend,backend,cloud,True,0.025088675450255504,-0.14513836876792896,0.17022704421818446,30,340,370,revision,Margen de decisión reducido.
4,2968,cloud,cloud,datascience,True,1.4626020232884214,-0.6104388016387949,2.073040824927216,33,327,360,aceptada,Predicción con evidencia suficiente.
4,2508,frontend,frontend,backend,True,1.1030759696992671,-0.7830340748498749,1.886110044549142,26,241,267,aceptada,Predicción con evidencia suficiente.
4,764,datascience,datascience,backend,True,1.4253642960088204,-1.0095401842940015,2.434904480302822,33,259,292,aceptada,Predicción con evidencia suficiente.
4,818,datascience,datascience,backend,True,1.3168345784294762,-1.1793424034051543,2.4961769818346307,27,229,256,aceptada,Predicción con evidencia suficiente.
4,2876,frontend,frontend,backend,True,1.493606393859122,-0.959758602596579,2.4533649964557007,36,343,379,aceptada,Predicción con evidencia suficiente.
4,3665,cloud,cloud,frontend,True,0.3664999214849418,-0.6006325862264172,0.9671325077113591,18,183,201,aceptada,Predicción con evidencia suficiente.
4,759,backend,cloud,backend,False,-0.312262560457315,-0.5750917044750299,0.2628291440177149,25,333,358,revision,Margen de decisión reducido.
4,1433,frontend,frontend,backend,True,0.2679303292973624,-0.10804699158254427,0.37597732087990665,40,398,438,revision,Margen de decisión reducido.
4,3276,cloud,cloud,datascience,True,1.2906124617658363,-0.962887106404571,2.2534995681704073,39,345,384,aceptada,Predicción con evidencia suficiente.
4,1062,backend,frontend,backend,False,0.3595029740299055,-0.4053402985526724,0.7648432725825779,25,282,307,aceptada,Predicción con evidencia suficiente.
4,1317,datascience,backend,frontend,False,0.46906403008595676,-0.6504557897636547,1.1195198198496115,26,357,383,aceptada,Predicción con evidencia suficiente.
4,415,datascience,datascience,cloud,True,0.12272803792706877,-0.13349497691674284,0.2562230148438116,36,420,456,revision,Margen de decisión reducido.
4,2763,cloud,cloud,frontend,True,3.007636857567991,-2.1020936058972497,5.10973046346524,15,167,182,aceptada,Predicción con evidencia suficiente.
4,3976,datascience,datascience,frontend,True,1.3776001848054935,-0.7069527654077167,2.0845529502132103,12,192,204,aceptada,Predicción con evidencia suficiente.
4,2892,frontend,frontend,datascience,True,1.6690205489261145,-1.2733260503022166,2.942346599228331,6,124,130,revision,Cobertura reducida de características.
4,95,cloud,cloud,datascience,True,0.6842210242077518,-0.3610522509619273,1.045273275169679,22,220,242,aceptada,Predicción con evidencia suficiente.
4,2109,cloud,cloud,datascience,True,0.6719747709027777,-0.9248731928124312,1.5968479637152089,28,252,280,aceptada,Predicción con evidencia suficiente.
4,1921,backend,backend,cloud,True,0.8443762569259898,0.26998188882642915,0.5743943680995607,14,234,248,revision,Margen de decisión reducido.
4,3950,cloud,cloud,datascience,True,0.5720547262934235,-0.7220956509014096,1.294150377194833,33,353,386,aceptada,Predicción con evidencia suficiente.
4,649,backend,backend,frontend,True,0.2966402432609503,0.1678170583763004,0.1288231848846499,21,250,271,revision,Margen de decisión reducido.
4,1173,backend,backend,frontend,True,0.4697800913542718,0.19789012180265542,0.2718899695516164,35,321,356,revision,Margen de decisión reducido.
4,1267,cloud,frontend,backend,False,-0.17592001727995882,-0.26936706575259706,0.09344704847263824,26,307,333,revision,Margen de decisión reducido.
4,311,datascience,datascience,cloud,True,2.271913614745122,-1.4374073345591356,3.7093209493042574,47,366,413,aceptada,Predicción con evidencia suficiente.
4,1090,cloud,frontend,cloud,False,-0.1836490121302275,-0.44381803292156397,0.26016902079133647,23,206,229,revision,Margen de decisión reducido.
4,1106,frontend,frontend,backend,True,0.6873633906593065,-0.959385333480488,1.6467487241397945,13,202,215,aceptada,Predicción con evidencia suficiente.
4,2512,datascience,backend,datascience,False,-0.26084906961293086,-0.3361374386813476,0.07528836906841674,22,241,263,revision,Margen de decisión reducido.
4,2088,frontend,frontend,backend,True,0.9750688680421494,-1.0563708475684963,2.0314397156106456,4,154,158,revision,Cobertura reducida de características.
4,280,backend,backend,datascience,True,-0.20415318003273442,-0.6087212164042886,0.40456803637155414,22,228,250,revision,Margen de decisión reducido.
4,1272,backend,backend,cloud,True,1.3395191146468954,-1.1503567569817823,2.4898758716286777,37,297,334,aceptada,Predicción con evidencia suficiente.
4,3497,backend,backend,cloud,True,0.8361012993106882,-0.8789422514949727,1.715043550805661,23,184,207,aceptada,Predicción con evidencia suficiente.
4,2781,datascience,datascience,cloud,True,0.5250268058971954,-0.8428672112525539,1.3678940171497493,26,256,282,aceptada,Predicción con evidencia suficiente.
4,10,frontend,frontend,cloud,True,1.3998846870247181,-1.0540953653175986,2.4539800523423168,13,169,182,aceptada,Predicción con evidencia suficiente.
4,3639,backend,backend,frontend,True,0.8806439587345374,-0.7651897260921239,1.6458336848266613,26,326,352,aceptada,Predicción con evidencia suficiente.
4,83,frontend,frontend,cloud,True,0.9188522330279288,-0.8709433622389755,1.7897955952669045,56,709,765,aceptada,Predicción con evidencia suficiente.
4,3937,cloud,cloud,backend,True,1.1512136946698455,-1.1110562260799584,2.262269920749804,26,157,183,aceptada,Predicción con evidencia suficiente.
4,3968,cloud,datascience,frontend,False,0.2551838025925124,-0.5803483267615974,0.8355321293541098,21,203,224,aceptada,Predicción con evidencia suficiente.
4,2251,datascience,datascience,backend,True,-0.05967134151259379,-0.4218541414861668,0.362182799973573,33,329,362,revision,Margen de decisión reducido.
4,4528,backend,backend,datascience,True,0.5278284981520522,-0.6721257003271761,1.1999541984792284,25,327,352,aceptada,Predicción con evidencia suficiente.
4,195,backend,backend,cloud,True,0.785904445223869,-0.882155017080346,1.668059462304215,30,324,354,aceptada,Predicción con evidencia suficiente.
4,3498,cloud,cloud,backend,True,0.6580263262767041,-0.9641867706994378,1.622213096976142,18,222,240,aceptada,Predicción con evidencia suficiente.
4,1343,datascience,datascience,frontend,True,0.7635233817912921,-0.9183728802553114,1.6818962620466036,28,254,282,aceptada,Predicción con evidencia suficiente.
4,3478,cloud,cloud,frontend,True,0.6759986884512088,-0.7754262079937917,1.4514248964450005,43,347,390,aceptada,Predicción con evidencia suficiente.
4,3464,cloud,cloud,datascience,True,1.876382359240865,-1.1703349572089787,3.046717316449844,45,368,413,aceptada,Predicción con evidencia suficiente.
4,2967,cloud,cloud,frontend,True,0.28897130875406485,-0.37749195435808147,0.6664632631121463,21,367,388,aceptada,Predicción con evidencia suficiente.
4,2144,frontend,frontend,cloud,True,1.317083648030549,-0.9098863955239737,2.2269700435545228,17,258,275,aceptada,Predicción con evidencia suficiente.
4,3801,cloud,cloud,backend,True,-0.20083731131237426,-0.46686053484916534,0.2660232235367911,27,280,307,revision,Margen de decisión reducido.
4,1402,frontend,frontend,cloud,True,1.025550780620959,-0.5999204545579668,1.6254712351789258,18,190,208,aceptada,Predicción con evidencia suficiente.
4,1682,datascience,datascience,frontend,True,0.5925109668434989,-0.6416227900558535,1.2341337568993525,19,193,212,aceptada,Predicción con evidencia suficiente.
4,1815,backend,datascience,frontend,False,-0.455836545500532,-0.5049755027980032,0.0491389572974712,17,271,288,revision,Margen de decisión reducido.
4,267,backend,backend,frontend,True,1.2544120056667512,-0.8624629242010386,2.11687492986779,29,302,331,aceptada,Predicción con evidencia suficiente.
4,471,datascience,datascience,frontend,True,1.4289909742986968,-1.2071159717483033,2.636106946047,25,217,242,aceptada,Predicción con evidencia suficiente.
4,24,backend,backend,frontend,True,0.6571809906023989,-0.520679101285547,1.1778600918879458,21,243,264,aceptada,Predicción con evidencia suficiente.
4,2352,cloud,cloud,backend,True,2.1021749341472695,-1.43460734831151,3.5367822824587796,29,197,226,aceptada,Predicción con evidencia suficiente.
4,989,frontend,frontend,backend,True,1.0960138853482406,-0.8998724863113754,1.995886371659616,19,321,340,aceptada,Predicción con evidencia suficiente.
4,4578,cloud,cloud,backend,True,0.7710855366660543,-0.775865021658519,1.5469505583245733,32,257,289,aceptada,Predicción con evidencia suficiente.
4,3707,frontend,datascience,cloud,False,-0.38263500911642995,-0.4444711958491061,0.06183618673267616,14,186,200,revision,Margen de decisión reducido.
4,2167,frontend,frontend,backend,True,0.4270506109555984,-0.15845207235183545,0.5855026833074338,34,232,266,revision,Margen de decisión reducido.
4,4157,cloud,cloud,datascience,True,1.4814804571177516,-0.552775729676048,2.0342561867937996,35,373,408,aceptada,Predicción con evidencia suficiente.
4,3101,datascience,datascience,backend,True,1.2824915169093087,-1.155669798089314,2.4381613149986228,23,216,239,aceptada,Predicción con evidencia suficiente.
4,151,backend,cloud,backend,False,-0.0875182858668343,-0.4153334595206866,0.3278151736538523,28,422,450,revision,Margen de decisión reducido.
4,4561,backend,backend,cloud,True,0.7610792722113857,-0.896522076070252,1.6576013482816379,28,414,442,aceptada,Predicción con evidencia suficiente.
4,575,backend,backend,frontend,True,0.8616339390796159,-0.7186712131778245,1.5803051522574405,13,342,355,aceptada,Predicción con evidencia suficiente.
4,1428,backend,backend,frontend,True,0.9281136427131278,-0.9883717457885105,1.9164853885016382,18,268,286,aceptada,Predicción con evidencia suficiente.
4,629,datascience,backend,datascience,False,-0.2075097753028976,-0.35679686851567755,0.14928709321277994,26,263,289,revision,Margen de decisión reducido.
4,2448,frontend,cloud,frontend,False,0.6293770828942833,-0.782493654091283,1.4118707369855663,13,202,215,aceptada,Predicción con evidencia suficiente.
4,35,datascience,datascience,backend,True,0.9692512127137758,-1.1308710280983134,2.100122240812089,17,249,266,aceptada,Predicción con evidencia suficiente.
4,859,datascience,cloud,datascience,False,-0.10615153532360466,-0.4124667114342089,0.3063151761106042,15,199,214,revision,Margen de decisión reducido.
4,3237,backend,backend,cloud,True,-0.10937483416482996,-0.13326056613798654,0.023885731973156576,30,390,420,revision,Margen de decisión reducido.
4,1867,datascience,datascience,backend,True,0.6484467021893439,-0.2971584987474163,0.9456052009367601,31,241,272,aceptada,Predicción con evidencia suficiente.
4,4493,backend,backend,frontend,True,0.9977756130958599,-0.8837812478111465,1.8815568609070064,17,161,178,revision,Cobertura reducida de características.
4,408,cloud,cloud,datascience,True,1.4239949969992658,-1.196819045078806,2.620814042078072,19,207,226,aceptada,Predicción con evidencia suficiente.
4,2317,backend,backend,cloud,True,0.7870847018211502,-0.6836811247017719,1.4707658265229222,18,287,305,aceptada,Predicción con evidencia suficiente.
4,2156,datascience,datascience,frontend,True,0.389072297632973,-0.7350742244693556,1.1241465221023286,32,457,489,aceptada,Predicción con evidencia suficiente.
4,510,cloud,cloud,backend,True,1.15188868224997,-1.3313255172933836,2.4832141995433537,19,196,215,aceptada,Predicción con evidencia suficiente.
4,401,backend,backend,frontend,True,1.0705486805691808,-0.6546800612112166,1.7252287417803975,33,278,311,aceptada,Predicción con evidencia suficiente.
4,3439,backend,backend,cloud,True,1.8526380400002875,-1.2295740880708037,3.0822121280710912,31,327,358,aceptada,Predicción con evidencia suficiente.
4,3106,frontend,backend,frontend,False,0.2583016622537242,-0.5039218902107433,0.7622235524644675,36,359,395,aceptada,Predicción con evidencia suficiente.
4,1622,frontend,frontend,datascience,True,-0.2611303772295762,-0.5775438489865945,0.3164134717570183,35,266,301,revision,Margen de decisión reducido.
4,695,backend,backend,datascience,True,2.661543715582205,-1.4793908313305124,4.1409345469127175,43,352,395,aceptada,Predicción con evidencia suficiente.
4,454,datascience,datascience,frontend,True,0.6676964796521292,-0.7410273270203284,1.4087238066724574,34,268,302,aceptada,Predicción con evidencia suficiente.
4,1512,datascience,datascience,frontend,True,1.3043233015439928,-1.2600983743313374,2.56442167587533,24,230,254,aceptada,Predicción con evidencia suficiente.
4,3588,frontend,frontend,backend,True,0.5308894303023685,-0.571047590493104,1.1019370207954724,20,244,264,aceptada,Predicción con evidencia suficiente.
4,2909,backend,backend,frontend,True,2.16167807000481,-1.6130622456185861,3.7747403156233963,36,312,348,aceptada,Predicción con evidencia suficiente.
4,2548,cloud,cloud,datascience,True,2.3976203310476447,-1.55308977295095,3.9507101039985946,32,357,389,aceptada,Predicción con evidencia suficiente.
4,359,datascience,datascience,cloud,True,0.21883428154252815,-0.44551329859369876,0.6643475801362269,12,199,211,aceptada,Predicción con evidencia suficiente.
4,1073,backend,backend,datascience,True,0.9592368613897029,-0.6031653705076208,1.5624022318973236,31,256,287,aceptada,Predicción con evidencia suficiente.
4,771,backend,backend,datascience,True,0.5032452118577213,-0.4445690721421957,0.9478142839999171,36,371,407,aceptada,Predicción con evidencia suficiente.
4,3320,datascience,datascience,frontend,True,1.4643534654203634,-1.266563787332258,2.7309172527526213,26,201,227,aceptada,Predicción con evidencia suficiente.
4,2934,datascience,datascience,cloud,True,1.121968278572304,-1.2026967672228044,2.3246650457951086,26,232,258,aceptada,Predicción con evidencia suficiente.
4,2139,backend,backend,cloud,True,0.4949453440816196,-0.7088093978969943,1.2037547419786139,25,275,300,aceptada,Predicción con evidencia suficiente.
4,1826,frontend,frontend,datascience,True,0.892934074346993,-0.9141019628865354,1.8070360372335283,8,158,166,revision,Cobertura reducida de características.
4,1866,datascience,datascience,frontend,True,0.42739568603114053,-0.411203065431598,0.8385987514627385,29,330,359,aceptada,Predicción con evidencia suficiente.
4,3712,cloud,cloud,backend,True,0.799758081276716,-0.4818162066423943,1.2815742879191103,20,322,342,aceptada,Predicción con evidencia suficiente.
4,2102,datascience,datascience,cloud,True,1.7881332107447607,-1.0626335229711494,2.8507667337159104,33,219,252,aceptada,Predicción con evidencia suficiente.
4,1105,cloud,cloud,datascience,True,1.436393978045679,-1.1788720637474048,2.6152660417930838,27,379,406,aceptada,Predicción con evidencia suficiente.
4,1739,frontend,frontend,backend,True,-0.1687472424291731,-0.40225862451266564,0.23351138208349254,29,368,397,revision,Margen de decisión reducido.
4,926,frontend,frontend,datascience,True,0.46157603146145343,-0.5609450448485973,1.0225210763100507,35,429,464,aceptada,Predicción con evidencia suficiente.
4,2761,frontend,frontend,backend,True,0.47709619857656305,-0.7140809346286232,1.1911771332051861,31,366,397,aceptada,Predicción con evidencia suficiente.
4,3238,datascience,datascience,backend,True,0.3559915384252199,-0.024708041631630095,0.38069958005685,30,308,338,revision,Margen de decisión reducido.
4,522,cloud,cloud,frontend,True,1.295615278785636,-1.1557247159181108,2.451339994703747,29,344,373,aceptada,Predicción con evidencia suficiente.
4,1374,frontend,frontend,datascience,True,1.98995307372122,-0.9089334280099421,2.8988865017311625,31,275,306,aceptada,Predicción con evidencia suficiente.
4,2496,datascience,datascience,backend,True,0.5021171564966778,-0.5858484971098528,1.0879656536065305,33,313,346,aceptada,Predicción con evidencia suficiente.
4,3305,cloud,cloud,frontend,True,2.119822001893036,-1.0597781698627995,3.1796001717558355,21,251,272,aceptada,Predicción con evidencia suficiente.
4,3597,frontend,frontend,datascience,True,1.8148449988895003,-1.0423598542310342,2.8572048531205345,19,204,223,aceptada,Predicción con evidencia suficiente.
4,2399,backend,backend,datascience,True,0.7339715320902791,-0.8929398487536437,1.6269113808439228,26,313,339,aceptada,Predicción con evidencia suficiente.
4,2536,cloud,cloud,backend,True,0.6370944352486232,-0.83916769902398,1.4762621342726032,15,242,257,aceptada,Predicción con evidencia suficiente.
4,3049,datascience,datascience,backend,True,0.822442264560832,-0.5942153967908957,1.4166576613517279,38,422,460,aceptada,Predicción con evidencia suficiente.
4,4238,cloud,datascience,cloud,False,-0.3051379640474391,-0.38746271907842467,0.08232475503098557,12,340,352,revision,Margen de decisión reducido.
4,3542,frontend,frontend,datascience,True,0.5587242229959799,-0.8825754411710148,1.4412996641669946,24,357,381,aceptada,Predicción con evidencia suficiente.
4,1112,cloud,cloud,datascience,True,0.8928124858203206,-0.78965829450374,1.6824707803240606,48,522,570,aceptada,Predicción con evidencia suficiente.
4,3708,cloud,backend,cloud,False,0.8213772222857556,-0.6383016661478154,1.459678888433571,28,306,334,aceptada,Predicción con evidencia suficiente.
4,1063,frontend,frontend,datascience,True,0.2432608216156098,-0.3417110985300507,0.5849719201456605,13,155,168,revision,Margen de decisión reducido.
4,3711,cloud,cloud,datascience,True,2.1119825835371553,-1.3863067734854686,3.4982893570226237,24,342,366,aceptada,Predicción con evidencia suficiente.
4,2637,backend,backend,datascience,True,-0.040033409077157245,-0.1750080219758534,0.13497461289869617,18,262,280,revision,Margen de decisión reducido.
4,1002,frontend,datascience,backend,False,-0.3036279507444992,-0.3249529283842033,0.02132497763970409,32,340,372,revision,Margen de decisión reducido.
4,2282,backend,backend,frontend,True,1.36929781955087,-0.6637488512455034,2.0330466707963737,16,218,234,aceptada,Predicción con evidencia suficiente.
4,224,backend,backend,cloud,True,0.5144303506098542,0.2875173856724129,0.22691296493744129,13,180,193,revision,Margen de decisión reducido.
4,231,backend,backend,cloud,True,2.0592173300940457,-1.355633865338651,3.4148511954326968,34,341,375,aceptada,Predicción con evidencia suficiente.
4,53,cloud,cloud,backend,True,1.0384203015958762,-0.6748843168563087,1.713304618452185,21,304,325,aceptada,Predicción con evidencia suficiente.
4,1642,frontend,frontend,datascience,True,1.0645620932694602,-1.0131729381459225,2.077735031415383,16,199,215,aceptada,Predicción con evidencia suficiente.
4,3309,backend,backend,frontend,True,-0.3727519952104339,-0.6614487254095003,0.2886967301990664,29,216,245,revision,Margen de decisión reducido.
4,1646,frontend,frontend,cloud,True,1.1000180893387084,-1.0014321805572146,2.101450269895923,29,220,249,aceptada,Predicción con evidencia suficiente.
4,3289,frontend,cloud,backend,False,-0.16630116911394333,-0.42718553597604464,0.2608843668621013,26,284,310,revision,Margen de decisión reducido.
4,2178,frontend,frontend,backend,True,0.7688273957599702,-0.9037010783343361,1.6725284740943063,34,254,288,aceptada,Predicción con evidencia suficiente.
4,2854,datascience,datascience,cloud,True,-0.1665166021009954,-0.2738690487058732,0.1073524466048778,23,379,402,revision,Margen de decisión reducido.
4,1274,backend,backend,frontend,True,0.3376670735199161,-0.7284537786185148,1.0661208521384309,46,273,319,aceptada,Predicción con evidencia suficiente.
4,3337,backend,frontend,backend,False,-0.06330823473928562,-0.20049312516400097,0.13718489042471535,31,294,325,revision,Margen de decisión reducido.
4,134,cloud,cloud,datascience,True,0.7249060486060994,-0.7005358383467373,1.4254418869528367,15,240,255,aceptada,Predicción con evidencia suficiente.
4,2080,datascience,datascience,cloud,True,0.9338074543480104,-0.83423814474093,1.7680455990889405,22,163,185,aceptada,Predicción con evidencia suficiente.
4,436,backend,backend,cloud,True,1.5021832256655732,-1.2750340047454611,2.7772172304110345,25,179,204,aceptada,Predicción con evidencia suficiente.
4,2475,backend,backend,cloud,True,0.9367129976932698,-0.7223767519093262,1.6590897496025958,29,301,330,aceptada,Predicción con evidencia suficiente.
4,1558,cloud,cloud,datascience,True,0.16062737298949592,-0.7268474553160483,0.8874748283055442,26,365,391,aceptada,Predicción con evidencia suficiente.
4,2482,backend,backend,frontend,True,1.8667466123703302,-1.3997230043666726,3.2664696167370026,27,357,384,aceptada,Predicción con evidencia suficiente.
4,2424,datascience,datascience,backend,True,1.9943730238357256,-1.2726798818202973,3.2670529056560227,28,303,331,aceptada,Predicción con evidencia suficiente.
4,2757,backend,datascience,cloud,False,0.3562028487002056,-0.7662375425849574,1.122440391285163,30,327,357,aceptada,Predicción con evidencia suficiente.
4,2064,frontend,frontend,cloud,True,-0.12183599979084511,-0.25944241664461043,0.13760641685376532,30,163,193,revision,Margen de decisión reducido.
4,2653,cloud,cloud,datascience,True,1.8656625508755202,-1.2854199474513386,3.1510824983268586,36,250,286,aceptada,Predicción con evidencia suficiente.
4,640,backend,backend,datascience,True,0.6152892606901748,-0.8465322533125743,1.461821514002749,30,373,403,aceptada,Predicción con evidencia suficiente.
4,2687,datascience,datascience,backend,True,1.5820067138560894,-1.2150481106649218,2.797054824521011,25,209,234,aceptada,Predicción con evidencia suficiente.
4,3265,frontend,frontend,backend,True,0.3621624026762389,0.02153589191314864,0.34062651076309025,26,248,274,revision,Margen de decisión reducido.
4,3789,cloud,datascience,frontend,False,0.15707651408022538,-0.12825406419925847,0.2853305782794838,27,224,251,revision,Margen de decisión reducido.
4,638,backend,backend,frontend,True,0.7636728717392842,-0.24363803281237775,1.007310904551662,36,250,286,aceptada,Predicción con evidencia suficiente.
4,161,cloud,cloud,datascience,True,2.09772343206993,-1.1008361606104318,3.1985595926803616,25,248,273,aceptada,Predicción con evidencia suficiente.
4,2785,datascience,datascience,frontend,True,1.2051729837435097,-1.2225435617809386,2.427716545524448,26,235,261,aceptada,Predicción con evidencia suficiente.
4,2243,backend,backend,cloud,True,0.3586343718149472,-0.656696752622947,1.0153311244378942,24,357,381,aceptada,Predicción con evidencia suficiente.
4,2175,cloud,cloud,frontend,True,1.2862494168850964,-1.2445482571070001,2.5307976739920965,7,134,141,revision,Cobertura reducida de características.
4,2318,backend,backend,frontend,True,0.6923684130780916,-0.6748395445802868,1.3672079576583784,34,542,576,aceptada,Predicción con evidencia suficiente.
4,3833,datascience,datascience,cloud,True,1.209584742380599,0.032416590834402514,1.1771681515461965,33,331,364,aceptada,Predicción con evidencia suficiente.
4,404,datascience,datascience,frontend,True,0.5089954436670805,-0.7671357999469802,1.2761312436140608,36,327,363,aceptada,Predicción con evidencia suficiente.
4,4239,datascience,datascience,frontend,True,2.049458536761124,-1.290596145191428,3.340054681952552,35,405,440,aceptada,Predicción con evidencia suficiente.
4,3469,datascience,datascience,backend,True,1.610074006226496,-0.517142470749544,2.1272164769760398,40,274,314,aceptada,Predicción con evidencia suficiente.
4,2471,backend,backend,datascience,True,1.7468639230947398,-1.3219035711488427,3.0687674942435823,45,320,365,aceptada,Predicción con evidencia suficiente.
4,1987,frontend,frontend,cloud,True,-0.28027813407616,-0.5377142688313723,0.2574361347552123,26,286,312,revision,Margen de decisión reducido.
4,1466,frontend,frontend,backend,True,1.8858540466097957,-0.9143224296333469,2.8001764762431427,18,150,168,revision,Cobertura reducida de características.
4,596,backend,datascience,backend,False,-0.0735207706098906,-0.32137119868356856,0.24785042807367796,34,309,343,revision,Margen de decisión reducido.
4,2780,frontend,frontend,cloud,True,2.1792202239515843,-1.1341987348629785,3.313418958814563,22,198,220,aceptada,Predicción con evidencia suficiente.
4,2469,datascience,datascience,frontend,True,1.0581733199254797,-1.051920526834499,2.1100938467599786,26,234,260,aceptada,Predicción con evidencia suficiente.
4,4199,cloud,cloud,backend,True,1.80292410254902,-1.1438011799300123,2.946725282479032,32,281,313,aceptada,Predicción con evidencia suficiente.
4,4004,datascience,datascience,backend,True,1.4939355856699568,-1.2485197042513425,2.742455289921299,26,217,243,aceptada,Predicción con evidencia suficiente.
4,3308,datascience,datascience,frontend,True,1.364776052189028,-1.2008448127597142,2.565620864948742,25,223,248,aceptada,Predicción con evidencia suficiente.
4,3719,cloud,frontend,backend,False,-0.08790862262420293,-0.4769676890415741,0.3890590664173712,16,368,384,revision,Margen de decisión reducido.
4,1618,frontend,frontend,backend,True,-0.05442765771731092,-0.31317008753441006,0.25874242981709916,37,328,365,revision,Margen de decisión reducido.
4,3883,datascience,datascience,frontend,True,1.0078836702794827,-0.8706571013570895,1.878540771636572,30,315,345,aceptada,Predicción con evidencia suficiente.
4,945,cloud,cloud,datascience,True,1.2380927020299697,-0.9261670342176398,2.1642597362476095,32,268,300,aceptada,Predicción con evidencia suficiente.
4,2412,cloud,cloud,frontend,True,0.31831856241867096,-0.17288143090682145,0.4911999933254924,30,302,332,revision,Margen de decisión reducido.
4,2444,datascience,datascience,backend,True,1.247445001190602,-1.257707033370869,2.505152034561471,26,229,255,aceptada,Predicción con evidencia suficiente.
4,1521,cloud,cloud,frontend,True,1.4358618500828544,-1.1714089773375447,2.607270827420399,17,175,192,aceptada,Predicción con evidencia suficiente.
4,3533,datascience,datascience,cloud,True,1.100266512303501,-0.6286264632760638,1.7288929755795648,23,218,241,aceptada,Predicción con evidencia suficiente.
4,3536,cloud,backend,frontend,False,0.27726524238521955,-0.8560540567112805,1.1333192990965002,15,290,305,aceptada,Predicción con evidencia suficiente.
4,2885,frontend,frontend,backend,True,0.5592063876096312,-0.29873988979156,0.8579462774011912,24,373,397,aceptada,Predicción con evidencia suficiente.
4,4519,backend,backend,cloud,True,0.5847464058899421,-0.48408608681068477,1.068832492700627,31,299,330,aceptada,Predicción con evidencia suficiente.
4,1500,cloud,cloud,datascience,True,1.563454073095436,-0.9281597491137907,2.491613822209227,28,242,270,aceptada,Predicción con evidencia suficiente.
4,3338,datascience,datascience,backend,True,-0.2035616729538693,-0.3236754181281723,0.12011374517430301,24,302,326,revision,Margen de decisión reducido.
4,1193,backend,backend,datascience,True,0.889548265994927,-1.0098152358117811,1.899363501806708,36,256,292,aceptada,Predicción con evidencia suficiente.
4,1934,cloud,cloud,frontend,True,1.198460234827336,-0.8686316660696877,2.0670919008970237,21,195,216,aceptada,Predicción con evidencia suficiente.
4,3701,frontend,frontend,backend,True,0.6112300131214657,-0.6169274841988456,1.2281574973203113,16,230,246,aceptada,Predicción con evidencia suficiente.
4,2688,datascience,backend,datascience,False,-0.2559749579765909,-0.3822758495258685,0.1263008915492776,29,307,336,revision,Margen de decisión reducido.
4,2388,backend,backend,frontend,True,2.3044209181431023,-1.3969829361135648,3.701403854256667,33,361,394,aceptada,Predicción con evidencia suficiente.
4,1457,datascience,datascience,backend,True,0.5337331013942979,-0.8326781721650924,1.3664112735593903,27,240,267,aceptada,Predicción con evidencia suficiente.
4,586,backend,backend,frontend,True,-0.07971526680894514,-0.48600979982556913,0.406294533016624,35,300,335,revision,Margen de decisión reducido.
4,1211,cloud,cloud,frontend,True,2.8072012687333814,-1.698650095554517,4.505851364287898,31,353,384,aceptada,Predicción con evidencia suficiente.
4,1750,datascience,datascience,backend,True,2.665004545518448,-1.50747849611786,4.172483041636308,29,242,271,aceptada,Predicción con evidencia suficiente.
4,1136,datascience,datascience,frontend,True,1.0929406202710743,-1.1302991816486125,2.2232398019196866,26,233,259,aceptada,Predicción con evidencia suficiente.
4,2544,datascience,datascience,frontend,True,1.652456567193388,-1.3888136801282815,3.0412702473216697,29,266,295,aceptada,Predicción con evidencia suficiente.
4,4139,backend,backend,frontend,True,0.8366673030128156,-0.995309212423678,1.8319765154364935,29,266,295,aceptada,Predicción con evidencia suficiente.
4,480,backend,backend,cloud,True,0.47136619227241927,-0.3699908993367867,0.8413570916092059,19,261,280,aceptada,Predicción con evidencia suficiente.
4,1613,backend,backend,frontend,True,0.2723279502230713,-0.5335478335979891,0.8058757838210604,8,241,249,aceptada,Predicción con evidencia suficiente.
4,565,cloud,cloud,backend,True,1.4877908251491685,-1.231940838001809,2.7197316631509776,27,245,272,aceptada,Predicción con evidencia suficiente.
4,3025,backend,backend,frontend,True,0.42477984286006154,-0.5114020434981458,0.9361818863582073,32,278,310,aceptada,Predicción con evidencia suficiente.
4,3651,backend,frontend,backend,False,0.12478323657894658,-0.5146669436845173,0.6394501802634638,35,268,303,revision,Margen de decisión reducido.
4,3871,frontend,frontend,datascience,True,0.4247861541650334,-0.1415301541876971,0.5663163083527305,12,164,176,revision,Margen de decisión reducido.
4,2020,datascience,datascience,backend,True,1.499358268363361,-1.2352697694596009,2.734628037822962,23,211,234,aceptada,Predicción con evidencia suficiente.
4,2207,datascience,datascience,backend,True,1.446247451125694,-1.2220132293865136,2.6682606805122075,23,213,236,aceptada,Predicción con evidencia suficiente.
4,2947,frontend,backend,frontend,False,0.5218376082977279,-0.6758932158764102,1.197730824174138,18,206,224,aceptada,Predicción con evidencia suficiente.
4,2519,cloud,cloud,frontend,True,-0.18882387804883383,-0.3180344353989437,0.1292105573501099,20,151,171,revision,Margen de decisión reducido.
4,3324,backend,backend,datascience,True,-0.04361020664295867,-0.6394994466306766,0.5958892399877179,29,253,282,revision,Margen de decisión reducido.
4,2403,datascience,datascience,cloud,True,0.9665147161794834,-1.0300004559372555,1.996515172116739,29,273,302,aceptada,Predicción con evidencia suficiente.
4,2911,frontend,frontend,cloud,True,0.1073359422113418,-0.6976240738982803,0.8049600161096221,25,219,244,aceptada,Predicción con evidencia suficiente.
4,998,datascience,datascience,frontend,True,0.7670776671931883,-0.9280928018714992,1.6951704690646876,34,489,523,aceptada,Predicción con evidencia suficiente.
4,1189,datascience,datascience,cloud,True,1.4502759624617878,-1.0779859270539318,2.5282618895157194,43,371,414,aceptada,Predicción con evidencia suficiente.
4,1986,cloud,cloud,backend,True,0.8573319587608945,-0.9478881989613066,1.8052201577222011,29,324,353,aceptada,Predicción con evidencia suficiente.
4,4536,frontend,datascience,frontend,False,-0.048150128056232644,-0.16642251813625858,0.11827239008002594,13,330,343,revision,Margen de decisión reducido.
4,427,cloud,cloud,datascience,True,0.8051995757676589,-0.7739447297540863,1.5791443055217451,32,371,403,aceptada,Predicción con evidencia suficiente.
4,211,backend,datascience,frontend,False,0.420018050473453,-0.7343041305260947,1.1543221809995476,32,221,253,aceptada,Predicción con evidencia suficiente.
4,2070,backend,backend,frontend,True,0.3912170289687684,-0.8118430958951319,1.2030601248639003,22,346,368,aceptada,Predicción con evidencia suficiente.
4,4124,frontend,frontend,backend,True,1.066149196963298,-0.8041592664854622,1.8703084634487601,16,176,192,aceptada,Predicción con evidencia suficiente.
4,2334,cloud,datascience,cloud,False,-0.12424015435866076,-0.2580817940623954,0.13384163970373464,37,308,345,revision,Margen de decisión reducido.
4,4495,frontend,frontend,datascience,True,1.771993833546142,-1.3449018548356106,3.116895688381753,24,343,367,aceptada,Predicción con evidencia suficiente.
4,4317,datascience,datascience,backend,True,1.3816206701943459,-1.217989866946671,2.599610537141017,19,271,290,aceptada,Predicción con evidencia suficiente.
4,3161,cloud,cloud,frontend,True,-0.17414546213851234,-0.4262931990899159,0.2521477369514036,32,334,366,revision,Margen de decisión reducido.
4,2714,datascience,datascience,cloud,True,1.1804142352297748,-0.7987157882384404,1.9791300234682152,16,207,223,aceptada,Predicción con evidencia suficiente.
4,3467,frontend,frontend,backend,True,1.079741609979484,-1.084372999459923,2.164114609439407,35,427,462,aceptada,Predicción con evidencia suficiente.
4,1437,frontend,frontend,backend,True,0.4653569283396458,-0.41602822370434545,0.8813851520439913,28,336,364,aceptada,Predicción con evidencia suficiente.
4,1548,cloud,cloud,datascience,True,1.3312987043400488,-1.1211466776350656,2.4524453819751146,28,161,189,aceptada,Predicción con evidencia suficiente.
4,500,backend,frontend,backend,False,0.13530978372230051,-0.22383830355667345,0.35914808727897396,44,297,341,revision,Margen de decisión reducido.
4,394,backend,backend,cloud,True,0.25232032171921204,-0.6451181521371604,0.8974384738563724,33,332,365,aceptada,Predicción con evidencia suficiente.
4,1160,backend,backend,cloud,True,0.7030465431608337,-0.6865372600118304,1.389583803172664,40,384,424,aceptada,Predicción con evidencia suficiente.
4,3066,cloud,cloud,datascience,True,1.6090453681163734,-1.2712655365706964,2.88031090468707,50,505,555,aceptada,Predicción con evidencia suficiente.
4,1311,backend,backend,frontend,True,0.2742184099757565,-0.7489320657555887,1.0231504757313452,30,334,364,aceptada,Predicción con evidencia suficiente.
4,3768,frontend,frontend,datascience,True,-0.2505593160365238,-0.29791967447865986,0.04736035844213604,17,191,208,revision,Margen de decisión reducido.
4,1336,datascience,datascience,frontend,True,1.1256897311988507,-1.1716855624387312,2.297375293637582,26,218,244,aceptada,Predicción con evidencia suficiente.
4,2695,frontend,backend,frontend,False,0.2985367239983425,-0.5297751260787149,0.8283118500770574,22,209,231,aceptada,Predicción con evidencia suficiente.
4,4030,frontend,frontend,backend,True,1.5592156564531598,-1.0682288940760505,2.6274445505292103,7,195,202,aceptada,Predicción con evidencia suficiente.
4,3376,datascience,datascience,frontend,True,1.3435236102012247,-1.105213389540356,2.4487369997415804,26,208,234,aceptada,Predicción con evidencia suficiente.
4,3629,datascience,datascience,backend,True,1.191992777077098,-1.2009547178539695,2.392947494931067,28,218,246,aceptada,Predicción con evidencia suficiente.
4,2649,datascience,frontend,cloud,False,-0.14106153604222432,-0.3058657854505807,0.16480424940835636,18,385,403,revision,Margen de decisión reducido.
4,2600,cloud,cloud,backend,True,0.40065016278098686,-0.7778709733198641,1.178521136100851,30,237,267,aceptada,Predicción con evidencia suficiente.
4,1365,frontend,frontend,datascience,True,1.204196629887201,-0.551972961750848,1.756169591638049,12,226,238,aceptada,Predicción con evidencia suficiente.
4,1959,cloud,cloud,backend,True,-0.23603661502028356,-0.3268106640364495,0.09077404901616593,34,318,352,revision,Margen de decisión reducido.
4,1460,datascience,cloud,datascience,False,0.04469411647779131,-0.43150603121231834,0.47620014769010965,30,334,364,revision,Margen de decisión reducido.
4,1954,cloud,cloud,backend,True,1.0137081077701646,-0.8049567153983029,1.8186648231684677,28,169,197,aceptada,Predicción con evidencia suficiente.
4,2417,cloud,cloud,backend,True,1.0426932904376949,-0.9543515659059906,1.9970448563436856,34,299,333,aceptada,Predicción con evidencia suficiente.
4,3573,cloud,cloud,frontend,True,0.5316113598096261,-0.48369530490841656,1.0153066647180427,34,411,445,aceptada,Predicción con evidencia suficiente.
4,1510,frontend,frontend,datascience,True,1.35893286175761,-0.9488975088614974,2.3078303706191075,25,257,282,aceptada,Predicción con evidencia suficiente.
4,756,datascience,frontend,datascience,False,-0.0094793616727466,-0.5523834321050829,0.5429040704323362,33,322,355,revision,Margen de decisión reducido.
4,131,datascience,datascience,backend,True,1.4754126724561092,-1.264131864157179,2.7395445366132885,26,225,251,aceptada,Predicción con evidencia suficiente.
4,760,cloud,cloud,backend,True,0.8237275547609872,-1.0353050593949185,1.8590326141559057,33,230,263,aceptada,Predicción con evidencia suficiente.
4,2984,frontend,frontend,backend,True,0.8027958193416359,-0.567961078364894,1.3707568977065299,36,338,374,aceptada,Predicción con evidencia suficiente.
4,911,frontend,backend,cloud,False,1.2887234513316026,-1.0919694334419243,2.380692884773527,27,305,332,aceptada,Predicción con evidencia suficiente.
4,3873,frontend,frontend,backend,True,1.213924501733604,-1.1134561729024428,2.327380674636047,11,153,164,revision,Cobertura reducida de características.
4,2827,cloud,cloud,frontend,True,0.4672408585649055,-0.28448206727964287,0.7517229258445484,32,348,380,aceptada,Predicción con evidencia suficiente.
4,129,frontend,frontend,datascience,True,0.9214979532315307,-0.8808846485518588,1.8023826017833895,42,241,283,aceptada,Predicción con evidencia suficiente.
4,2524,cloud,cloud,backend,True,1.130676906824643,-0.8492116542928112,1.9798885611174541,42,320,362,aceptada,Predicción con evidencia suficiente.
4,2481,datascience,datascience,cloud,True,1.201259336148403,-1.1025561002843096,2.3038154364327124,27,367,394,aceptada,Predicción con evidencia suficiente.
4,3054,backend,frontend,datascience,False,0.2954380178726115,-0.8898044361606284,1.18524245403324,26,233,259,aceptada,Predicción con evidencia suficiente.
4,1578,backend,backend,frontend,True,0.7505984629031146,-1.0739141971325794,1.824512660035694,31,244,275,aceptada,Predicción con evidencia suficiente.
4,2723,datascience,datascience,backend,True,0.8711537495327519,-0.941036477552742,1.812190227085494,42,289,331,aceptada,Predicción con evidencia suficiente.
4,1871,frontend,frontend,cloud,True,0.8166950003583916,-1.0398300402129024,1.8565250405712939,25,357,382,aceptada,Predicción con evidencia suficiente.
4,1927,datascience,datascience,cloud,True,1.490929793984434,-1.265675892094824,2.756605686079258,40,350,390,aceptada,Predicción con evidencia suficiente.
4,117,frontend,frontend,datascience,True,0.6898947281486243,-0.9755380452606441,1.6654327734092684,24,318,342,aceptada,Predicción con evidencia suficiente.
4,2419,backend,backend,cloud,True,-0.05514612352958681,-0.7098019872638026,0.6546558637342158,28,321,349,aceptada,Predicción con evidencia suficiente.
4,2186,datascience,datascience,cloud,True,1.3880437528953908,-1.1826359989297592,2.57067975182515,21,265,286,aceptada,Predicción con evidencia suficiente.
4,3379,frontend,frontend,backend,True,0.32481351821649407,-0.5018474385561276,0.8266609567726216,17,204,221,aceptada,Predicción con evidencia suficiente.
4,50,frontend,cloud,frontend,False,0.48898923193799626,-0.1914328218819859,0.6804220538199821,8,197,205,aceptada,Predicción con evidencia suficiente.
4,684,datascience,datascience,frontend,True,1.269296911723479,-1.0906374626193993,2.3599343743428784,25,206,231,aceptada,Predicción con evidencia suficiente.
4,828,cloud,cloud,datascience,True,0.8985568416692036,-0.8294288924916005,1.727985734160804,29,255,284,aceptada,Predicción con evidencia suficiente.
4,847,frontend,frontend,backend,True,0.7084517247375284,0.21412876113331858,0.4943229636042098,32,393,425,revision,Margen de decisión reducido.
4,3566,cloud,cloud,backend,True,0.28486145703459476,-0.786870089443467,1.0717315464780617,30,313,343,aceptada,Predicción con evidencia suficiente.
4,3188,datascience,datascience,backend,True,-0.0223795127426184,-0.397673510679184,0.3752939979365656,31,317,348,revision,Margen de decisión reducido.
4,1863,backend,frontend,cloud,False,0.5284682622965583,-0.3526630532754993,0.8811313155720576,29,326,355,aceptada,Predicción con evidencia suficiente.
4,4382,datascience,datascience,cloud,True,1.159608266481876,-1.2262217630122834,2.3858300294941595,28,225,253,aceptada,Predicción con evidencia suficiente.
4,4053,backend,backend,frontend,True,0.4025152716557563,-0.33077667915544834,0.7332919508112046,30,296,326,aceptada,Predicción con evidencia suficiente.
4,1039,backend,backend,frontend,True,-0.3372503600840851,-0.34167822505439,0.0044278649703048956,31,333,364,revision,Margen de decisión reducido.
4,69,backend,backend,cloud,True,0.16314887916605048,-0.666923240818855,0.8300721199849055,27,317,344,aceptada,Predicción con evidencia suficiente.
4,2823,cloud,cloud,datascience,True,1.863133151316863,-0.9312678048639945,2.7944009561808576,25,254,279,aceptada,Predicción con evidencia suficiente.
4,1266,cloud,backend,cloud,False,0.04769619553648641,-0.6244423880836885,0.6721385836201749,35,364,399,aceptada,Predicción con evidencia suficiente.
4,3897,cloud,cloud,datascience,True,2.3792094917730315,-1.5523650681515893,3.931574559924621,39,340,379,aceptada,Predicción con evidencia suficiente.
4,3910,frontend,frontend,cloud,True,1.4629063494676489,-0.9482582620651052,2.411164611532754,23,260,283,aceptada,Predicción con evidencia suficiente.
4,2320,frontend,frontend,backend,True,0.687007100545462,-0.7972118953910807,1.4842189959365428,34,253,287,aceptada,Predicción con evidencia suficiente.
4,1424,cloud,cloud,datascience,True,1.8692216750777253,-1.4740030877311932,3.3432247628089184,22,278,300,aceptada,Predicción con evidencia suficiente.
4,4262,backend,backend,cloud,True,1.1577857230164594,-0.9260948974420486,2.0838806204585083,27,336,363,aceptada,Predicción con evidencia suficiente.
4,4452,backend,backend,datascience,True,0.043785655460731765,-0.30919687976786314,0.3529825352285949,27,280,307,revision,Margen de decisión reducido.
4,37,frontend,frontend,datascience,True,0.08471227184278246,-0.5472064224077834,0.6319186942505659,11,185,196,revision,Margen de decisión reducido.
4,4549,cloud,datascience,frontend,False,-0.4355380877185694,-0.5179412170381616,0.08240312931959226,22,302,324,revision,Margen de decisión reducido.
4,1208,datascience,datascience,backend,True,1.3765422098828497,-1.16364892766139,2.5401911375442396,26,209,235,aceptada,Predicción con evidencia suficiente.
4,598,frontend,frontend,datascience,True,1.1992779392730748,-0.8589704979369712,2.058248437210046,29,252,281,aceptada,Predicción con evidencia suficiente.
4,3571,frontend,frontend,cloud,True,2.2870396502936776,-1.4764510994562134,3.763490749749891,9,213,222,aceptada,Predicción con evidencia suficiente.
4,3972,datascience,datascience,cloud,True,1.4982144209686654,-1.131725606245801,2.6299400272144666,39,383,422,aceptada,Predicción con evidencia suficiente.
4,371,frontend,frontend,cloud,True,1.1762944481797124,-0.9699054207584966,2.146199868938209,37,343,380,aceptada,Predicción con evidencia suficiente.
4,1438,datascience,frontend,cloud,False,-0.3695092110659196,-0.4740307052182744,0.10452149415235479,28,267,295,revision,Margen de decisión reducido.
4,1231,frontend,frontend,cloud,True,-0.20474059988756244,-0.5848581278816877,0.38011752799412524,35,251,286,revision,Margen de decisión reducido.
4,1908,backend,cloud,backend,False,-0.054918030151311026,-0.19220275986956314,0.13728472971825212,27,348,375,revision,Margen de decisión reducido.
4,1419,datascience,datascience,cloud,True,0.49479744737313114,-0.738829003335796,1.2336264507089272,27,257,284,aceptada,Predicción con evidencia suficiente.
4,4097,backend,backend,cloud,True,0.9925334076243519,-0.7029202700921852,1.6954536777165372,28,411,439,aceptada,Predicción con evidencia suficiente.
4,3767,cloud,cloud,backend,True,0.663583120937618,-0.9018679858290646,1.5654511067666825,34,366,400,aceptada,Predicción con evidencia suficiente.
4,4323,backend,backend,frontend,True,1.2074120794572698,-0.9880734500732483,2.1954855295305182,38,329,367,aceptada,Predicción con evidencia suficiente.
4,3094,datascience,datascience,frontend,True,1.5267484569178482,-1.210925312826261,2.7376737697441094,29,213,242,aceptada,Predicción con evidencia suficiente.
4,1224,cloud,backend,cloud,False,-0.20109408591408884,-0.2572213272820631,0.05612724136797426,14,278,292,revision,Margen de decisión reducido.
4,2841,cloud,cloud,datascience,True,0.8058779738128814,-0.832914989522491,1.6387929633353724,28,264,292,aceptada,Predicción con evidencia suficiente.
4,2029,datascience,datascience,backend,True,0.5971130364490336,-0.6710589489653338,1.2681719854143674,33,319,352,aceptada,Predicción con evidencia suficiente.
4,4248,frontend,frontend,datascience,True,0.8681420183124516,-0.8320513060282072,1.7001933243406588,15,248,263,aceptada,Predicción con evidencia suficiente.
4,4337,cloud,cloud,backend,True,1.6693939483324485,-1.1704196853058713,2.83981363363832,25,308,333,aceptada,Predicción con evidencia suficiente.
4,3496,datascience,datascience,cloud,True,0.9160449199416056,-0.5205377431724534,1.436582663114059,26,205,231,aceptada,Predicción con evidencia suficiente.
4,2961,backend,datascience,backend,False,0.13846810488075956,-0.3171404618036041,0.45560856668436367,30,308,338,revision,Margen de decisión reducido.
4,985,datascience,datascience,backend,True,-0.16859821740058467,-0.6586613763700849,0.49006315896950026,28,358,386,revision,Margen de decisión reducido.
4,1931,cloud,cloud,frontend,True,0.6116649034483199,-0.5851043085835538,1.1967692120318736,36,401,437,aceptada,Predicción con evidencia suficiente.
4,2642,datascience,datascience,backend,True,1.6124409770678019,-1.0379427443290372,2.650383721396839,48,460,508,aceptada,Predicción con evidencia suficiente.
4,1445,frontend,frontend,cloud,True,-0.16379619898915163,-0.5453057611632683,0.3815095621741167,49,389,438,revision,Margen de decisión reducido.
4,2962,frontend,datascience,frontend,False,0.4971082390030399,-0.042242484125145696,0.5393507231281855,15,193,208,revision,Margen de decisión reducido.
4,4251,cloud,cloud,backend,True,-0.3198686591056178,-0.42672674936917027,0.10685809026355247,38,296,334,revision,Margen de decisión reducido.
4,2663,backend,backend,frontend,True,0.5050184244830809,-0.5024999690112036,1.0075183934942844,28,227,255,aceptada,Predicción con evidencia suficiente.
4,834,cloud,cloud,backend,True,0.709465749752471,-0.4817595647706732,1.1912253145231442,28,278,306,aceptada,Predicción con evidencia suficiente.
4,2041,backend,backend,datascience,True,1.0508954841913996,-0.842855703184424,1.8937511873758237,35,303,338,aceptada,Predicción con evidencia suficiente.
4,2904,datascience,backend,datascience,False,1.079910531303381,-0.560294431705409,1.64020496300879,48,379,427,aceptada,Predicción con evidencia suficiente.
4,4477,frontend,frontend,backend,True,2.580584682400723,-1.7106072005395698,4.291191882940293,30,379,409,aceptada,Predicción con evidencia suficiente.
4,3863,frontend,frontend,datascience,True,1.3097570682980226,-0.5468065951076674,1.85656366340569,14,151,165,revision,Cobertura reducida de características.
4,4126,backend,backend,cloud,True,0.4794839342894641,-0.5328433545653116,1.0123272888547756,67,805,872,aceptada,Predicción con evidencia suficiente.
4,2627,datascience,datascience,backend,True,1.105144787274299,-1.120306500490117,2.225451287764416,46,344,390,aceptada,Predicción con evidencia suficiente.
4,3367,datascience,backend,cloud,False,-0.3496945311940157,-0.4600769636448715,0.11038243245085577,26,224,250,revision,Margen de decisión reducido.
4,3321,cloud,cloud,backend,True,1.950229432154635,-1.300482440591032,3.2507118727456668,10,157,167,revision,Cobertura reducida de características.
4,1171,frontend,frontend,cloud,True,1.6192577428552153,-1.0464203999395427,2.665678142794758,41,446,487,aceptada,Predicción con evidencia suficiente.
4,519,cloud,backend,datascience,False,-0.11347082556547816,-0.17999930755674198,0.06652848199126382,20,146,166,revision,Margen de decisión reducido.
4,2491,backend,backend,frontend,True,1.2872992594814272,-1.1147357550606691,2.402035014542096,26,212,238,aceptada,Predicción con evidencia suficiente.
4,2826,frontend,frontend,datascience,True,0.6740025049187802,-0.8942073414995383,1.5682098464183185,8,289,297,aceptada,Predicción con evidencia suficiente.
4,425,backend,frontend,datascience,False,0.21013564185737932,-0.6185310866852707,0.82866672854265,27,322,349,aceptada,Predicción con evidencia suficiente.
4,4086,datascience,datascience,frontend,True,0.8885384631114182,-0.9805332111430513,1.8690716742544695,22,161,183,aceptada,Predicción con evidencia suficiente.
4,708,datascience,datascience,frontend,True,1.5242484659771918,-1.2145587889575111,2.738807254934703,26,225,251,aceptada,Predicción con evidencia suficiente.
4,4379,cloud,cloud,frontend,True,0.21941258642268802,-0.3366455411554325,0.5560581275781205,22,325,347,revision,Margen de decisión reducido.
4,3271,backend,backend,frontend,True,1.8123645582013184,-1.6743706334428574,3.4867351916441756,37,354,391,aceptada,Predicción con evidencia suficiente.
4,503,cloud,cloud,frontend,True,0.38102980447565415,-0.4962132589627348,0.877243063438389,46,376,422,aceptada,Predicción con evidencia suficiente.
4,683,cloud,cloud,datascience,True,1.2797334421115227,-1.0195025132996418,2.2992359554111648,33,253,286,aceptada,Predicción con evidencia suficiente.
4,2346,frontend,frontend,datascience,True,2.442843125074847,-1.6713693713930744,4.114212496467921,17,301,318,aceptada,Predicción con evidencia suficiente.
4,2476,frontend,frontend,cloud,True,2.281813145941947,-1.4248923221550132,3.70670546809696,38,415,453,aceptada,Predicción con evidencia suficiente.
4,1919,cloud,cloud,frontend,True,1.6140512932484206,-1.2967836134531172,2.9108349067015378,34,216,250,aceptada,Predicción con evidencia suficiente.
4,4076,frontend,frontend,datascience,True,1.6548659930596465,-1.1253179128889992,2.780183905948646,24,235,259,aceptada,Predicción con evidencia suficiente.
4,4380,backend,backend,cloud,True,0.8629640573494788,-0.6319671817911455,1.4949312391406244,20,281,301,aceptada,Predicción con evidencia suficiente.
4,4338,datascience,datascience,frontend,True,1.995582317141266,-1.3984821260758582,3.3940644432171245,23,218,241,aceptada,Predicción con evidencia suficiente.
4,1605,datascience,datascience,frontend,True,1.3434048122336002,-1.1401395643089662,2.483544376542566,20,276,296,aceptada,Predicción con evidencia suficiente.
4,3482,cloud,cloud,datascience,True,0.7602398199699594,-0.4636978150346779,1.2239376350046371,35,539,574,aceptada,Predicción con evidencia suficiente.
4,3880,datascience,datascience,frontend,True,0.38224788527184206,-0.6905308428617014,1.0727787281335435,35,364,399,aceptada,Predicción con evidencia suficiente.
4,1177,cloud,cloud,datascience,True,0.9986961145043971,-0.2352688338257295,1.2339649483301267,34,351,385,aceptada,Predicción con evidencia suficiente.
4,2561,backend,backend,frontend,True,0.36649175875797235,-0.7223516531570677,1.08884341191504,29,229,258,aceptada,Predicción con evidencia suficiente.
4,1066,backend,backend,frontend,True,1.3859908019445542,-1.0060125965380693,2.3920033984826237,36,319,355,aceptada,Predicción con evidencia suficiente.
4,1948,frontend,frontend,backend,True,0.8106540745523795,-0.6976456703203606,1.50829974487274,13,255,268,aceptada,Predicción con evidencia suficiente.
4,77,datascience,datascience,frontend,True,0.7148174983559419,-0.8485271005674431,1.563344598923385,28,362,390,aceptada,Predicción con evidencia suficiente.
4,2861,datascience,datascience,cloud,True,0.36574624367092223,-0.5214851277109109,0.8872313713818332,22,245,267,aceptada,Predicción con evidencia suficiente.
4,1518,datascience,datascience,frontend,True,1.9435376351307145,-1.3782675796366188,3.321805214767333,23,220,243,aceptada,Predicción con evidencia suficiente.
4,3891,frontend,frontend,datascience,True,0.4408714133527286,-0.5907199450264566,1.0315913583791851,35,362,397,aceptada,Predicción con evidencia suficiente.
4,478,backend,backend,cloud,True,0.6066620621412291,-0.534900139835323,1.1415622019765521,25,318,343,aceptada,Predicción con evidencia suficiente.
4,1801,datascience,datascience,backend,True,1.2890136360116322,-1.1075130573912433,2.3965266934028753,26,230,256,aceptada,Predicción con evidencia suficiente.
4,4294,cloud,cloud,frontend,True,2.3912301505467526,-1.3597114312212284,3.750941581767981,31,390,421,aceptada,Predicción con evidencia suficiente.
4,3463,cloud,cloud,backend,True,0.24533692965872833,0.04117876423373179,0.20415816542499654,3,269,272,revision,Margen de decisión reducido.
4,4440,frontend,frontend,cloud,True,1.8099275562961457,-1.1378518402983744,2.94777939659452,22,184,206,aceptada,Predicción con evidencia suficiente.
4,4462,cloud,cloud,frontend,True,2.0719920233643565,-1.129780729559137,3.2017727529234934,28,261,289,aceptada,Predicción con evidencia suficiente.
4,4067,datascience,datascience,cloud,True,0.6420649372868712,-0.3853016626933682,1.0273665999802395,27,308,335,aceptada,Predicción con evidencia suficiente.
4,321,datascience,datascience,backend,True,0.5696016256054379,-0.6052290284366488,1.1748306540420868,25,395,420,aceptada,Predicción con evidencia suficiente.
4,2163,backend,backend,frontend,True,0.15107027399130124,-0.5145864939707687,0.66565676796207,12,225,237,aceptada,Predicción con evidencia suficiente.
4,4160,backend,backend,cloud,True,0.43278525641031296,-0.027255168692370768,0.4600404251026837,29,339,368,revision,Margen de decisión reducido.
4,1527,frontend,frontend,cloud,True,1.3375637575930281,-1.044601349191804,2.382165106784832,10,166,176,revision,Cobertura reducida de características.
4,2068,cloud,cloud,frontend,True,0.25276686160481265,-0.44658372967749377,0.6993505912823064,24,251,275,aceptada,Predicción con evidencia suficiente.
4,2717,datascience,datascience,backend,True,0.3435005590794864,-0.39575781139955235,0.7392583704790388,11,259,270,aceptada,Predicción con evidencia suficiente.
4,3989,cloud,cloud,frontend,True,-0.26191005989797644,-0.4567176696242702,0.19480760972629374,30,304,334,revision,Margen de decisión reducido.
4,3554,frontend,frontend,backend,True,0.6188617044117465,-0.6682351923607693,1.2870968967725158,17,220,237,aceptada,Predicción con evidencia suficiente.
4,3667,datascience,datascience,backend,True,1.3514422793684202,-0.9020801440902868,2.253522423458707,47,447,494,aceptada,Predicción con evidencia suficiente.
4,2160,datascience,datascience,frontend,True,0.7464395577142315,-0.7841180199564195,1.530557577670651,40,308,348,aceptada,Predicción con evidencia suficiente.
4,4216,cloud,cloud,datascience,True,0.88871343652862,-0.053246248555195885,0.9419596850838159,9,194,203,aceptada,Predicción con evidencia suficiente.
4,2480,frontend,frontend,cloud,True,0.3077837549120468,-0.330505379446287,0.6382891343583338,6,154,160,revision,Margen de decisión reducido.
4,2114,datascience,cloud,backend,False,-0.2619448654464171,-0.3668669540974441,0.10492208865102698,43,563,606,revision,Margen de decisión reducido.
4,3002,cloud,cloud,frontend,True,-0.09769052769031905,-0.24126816581718774,0.1435776381268687,22,353,375,revision,Margen de decisión reducido.
4,3930,backend,backend,datascience,True,-0.09976135766559013,-0.1711325667723519,0.07137120910676176,33,376,409,revision,Margen de decisión reducido.
4,1215,frontend,frontend,datascience,True,2.1127287738548044,-1.3421933107185209,3.454922084573325,34,260,294,aceptada,Predicción con evidencia suficiente.
4,3068,cloud,cloud,datascience,True,2.1578626183233185,-1.0307116987430338,3.1885743170663523,21,245,266,aceptada,Predicción con evidencia suficiente.
4,4237,cloud,cloud,frontend,True,1.3688567876226303,-0.8612106051953412,2.2300673928179715,23,274,297,aceptada,Predicción con evidencia suficiente.
4,1470,datascience,datascience,frontend,True,0.8842276165732421,-0.8125169484917664,1.6967445650650084,28,372,400,aceptada,Predicción con evidencia suficiente.
4,3969,backend,backend,datascience,True,-0.0735747328467179,-0.6614880628534673,0.5879133300067494,8,109,117,revision,Margen de decisión reducido.
4,7,frontend,frontend,cloud,True,1.1385480748307253,-0.8697537639694013,2.0083018388001266,19,172,191,aceptada,Predicción con evidencia suficiente.
4,797,backend,backend,datascience,True,0.939493790687493,-0.7295804349705581,1.669074225658051,33,329,362,aceptada,Predicción con evidencia suficiente.
4,2588,datascience,datascience,backend,True,1.29514496070312,-1.1482520568648475,2.4433970175679676,24,255,279,aceptada,Predicción con evidencia suficiente.
4,2955,backend,cloud,datascience,False,-0.4840418514275306,-0.5223892567440648,0.03834740531653419,35,356,391,revision,Margen de decisión reducido.
4,27,datascience,datascience,backend,True,1.1941829632586984,-1.1555603789594924,2.349743342218191,24,258,282,aceptada,Predicción con evidencia suficiente.
4,4276,datascience,datascience,backend,True,0.6927154613856359,-0.9079901494945877,1.6007056108802236,22,400,422,aceptada,Predicción con evidencia suficiente.
4,4162,cloud,cloud,backend,True,0.61769333454358,-0.7109804843628371,1.3286738189064171,34,360,394,aceptada,Predicción con evidencia suficiente.
4,1109,frontend,frontend,cloud,True,0.3734922826096677,-0.619332906594522,0.9928251892041897,19,298,317,aceptada,Predicción con evidencia suficiente.
4,3525,backend,backend,datascience,True,1.9700946229248053,-1.2199653525771408,3.190059975501946,42,305,347,aceptada,Predicción con evidencia suficiente.
4,2331,cloud,cloud,datascience,True,0.1574544933176929,-0.2662324340953751,0.423686927413068,24,275,299,revision,Margen de decisión reducido.
4,3135,frontend,backend,frontend,False,0.5169805666821323,-0.22063916028312097,0.7376197269652534,25,299,324,aceptada,Predicción con evidencia suficiente.
4,3755,cloud,cloud,frontend,True,0.007319672229470386,-0.4451933886940105,0.45251306092348087,24,243,267,revision,Margen de decisión reducido.
4,1273,backend,backend,frontend,True,1.0223859852006405,-0.6787061861367802,1.7010921713374207,41,411,452,aceptada,Predicción con evidencia suficiente.
4,470,cloud,cloud,datascience,True,0.8843657413052135,-0.8509016892452028,1.7352674305504163,44,404,448,aceptada,Predicción con evidencia suficiente.
4,2129,cloud,cloud,datascience,True,2.178228376271319,-0.8916381943783054,3.069866570649624,18,188,206,aceptada,Predicción con evidencia suficiente.
4,888,frontend,frontend,backend,True,0.7583999513695708,-0.575402385703771,1.3338023370733418,30,308,338,aceptada,Predicción con evidencia suficiente.
4,704,backend,backend,frontend,True,0.5102724936707166,-0.455408803152082,0.9656812968227986,15,192,207,aceptada,Predicción con evidencia suficiente.
4,17,cloud,cloud,datascience,True,2.03134403168819,-1.2185579392208294,3.2499019709090193,29,298,327,aceptada,Predicción con evidencia suficiente.
4,3709,backend,backend,datascience,True,1.1949744966962468,-0.8777452988650694,2.072719795561316,20,197,217,aceptada,Predicción con evidencia suficiente.
4,3244,frontend,frontend,cloud,True,1.6650976778063828,-0.9969816509852357,2.6620793287916187,35,369,404,aceptada,Predicción con evidencia suficiente.
4,3779,datascience,cloud,backend,False,-0.16442042852525895,-0.3324275882399768,0.16800715971471786,41,328,369,revision,Margen de decisión reducido.
4,3551,cloud,cloud,frontend,True,0.713472019396868,-0.7720061508719873,1.4854781702688553,43,363,406,aceptada,Predicción con evidencia suficiente.
4,3333,cloud,frontend,cloud,False,0.6833224455258788,0.6298156051721748,0.05350684035370401,15,156,171,revision,Margen de decisión reducido.
4,2021,frontend,frontend,cloud,True,2.3389017099220717,-1.2555244744116445,3.594426184333716,36,402,438,aceptada,Predicción con evidencia suficiente.
4,4501,cloud,cloud,datascience,True,1.421109191042714,-1.3555960272117957,2.7767052182545098,37,240,277,aceptada,Predicción con evidencia suficiente.
4,4210,frontend,frontend,datascience,True,0.283904429179354,-0.597473592934691,0.881378022114045,31,414,445,aceptada,Predicción con evidencia suficiente.
4,3458,datascience,datascience,frontend,True,0.083044260649491,-0.5271207112743452,0.6101649719238362,31,293,324,revision,Margen de decisión reducido.
4,2108,cloud,cloud,datascience,True,0.28147660431233434,-0.6418898396257543,0.9233664439380886,17,280,297,aceptada,Predicción con evidencia suficiente.
4,531,cloud,cloud,datascience,True,1.066747341295754,-0.7976470323434053,1.8643943736391593,18,200,218,aceptada,Predicción con evidencia suficiente.
4,490,frontend,frontend,datascience,True,1.9104468869957318,-1.2551630096185913,3.165609896614323,29,263,292,aceptada,Predicción con evidencia suficiente.
4,155,backend,backend,datascience,True,0.9808971082297466,-1.066124543997132,2.0470216522268787,22,311,333,aceptada,Predicción con evidencia suficiente.
4,16,backend,backend,cloud,True,1.574432410443962,-1.0379092973411126,2.612341707785075,39,484,523,aceptada,Predicción con evidencia suficiente.
4,820,backend,cloud,backend,False,0.5654219751307954,-0.5423433045717471,1.1077652797025426,22,335,357,aceptada,Predicción con evidencia suficiente.
4,1120,cloud,cloud,datascience,True,0.602107805821583,-0.7093382546061064,1.3114460604276894,35,263,298,aceptada,Predicción con evidencia suficiente.
4,2356,cloud,cloud,datascience,True,2.172632141970467,-1.1408019680854804,3.3134341100559475,24,341,365,aceptada,Predicción con evidencia suficiente.
4,2085,cloud,cloud,backend,True,0.8241511845843419,-0.6857775176339025,1.5099287022182444,28,477,505,aceptada,Predicción con evidencia suficiente.
4,2779,cloud,cloud,frontend,True,0.7833260061800922,-0.8277363890238425,1.6110623952039347,23,306,329,aceptada,Predicción con evidencia suficiente.
4,4367,frontend,frontend,cloud,True,2.2057160876706443,-1.4868640524261774,3.6925801400968217,46,262,308,aceptada,Predicción con evidencia suficiente.
4,543,cloud,cloud,frontend,True,0.27105947282065945,-0.5933217575864623,0.8643812304071218,44,301,345,aceptada,Predicción con evidencia suficiente.
4,1887,frontend,frontend,backend,True,0.3623232247959236,-0.4491347212345143,0.8114579460304379,35,332,367,aceptada,Predicción con evidencia suficiente.
4,2410,cloud,cloud,backend,True,0.7587509343077672,-0.3582931247803254,1.1170440590880926,19,358,377,aceptada,Predicción con evidencia suficiente.
4,2232,cloud,cloud,frontend,True,-0.3687279068624371,-0.48346911526080827,0.11474120839837115,27,298,325,revision,Margen de decisión reducido.
4,3858,datascience,datascience,backend,True,1.0104746917730612,-1.13905331439154,2.1495280061646014,42,322,364,aceptada,Predicción con evidencia suficiente.
4,936,frontend,frontend,cloud,True,1.132377205156767,-0.8782217073224369,2.010598912479204,19,283,302,aceptada,Predicción con evidencia suficiente.
4,1476,frontend,frontend,backend,True,1.8748185399842558,-1.6818526060794818,3.5566711460637377,24,250,274,aceptada,Predicción con evidencia suficiente.
4,110,backend,backend,datascience,True,-0.050757317551802794,-0.34912263324026416,0.29836531568846136,30,339,369,revision,Margen de decisión reducido.
4,2640,backend,backend,cloud,True,0.49837886925995556,0.4387708378804398,0.05960803137951576,27,414,441,revision,Margen de decisión reducido.
4,4214,backend,backend,frontend,True,0.9522892469710034,-0.9873673131976526,1.939656560168656,30,251,281,aceptada,Predicción con evidencia suficiente.
4,2888,backend,frontend,backend,False,-0.19737188317554277,-0.5297744874794839,0.3324026043039411,7,123,130,revision,Margen de decisión reducido.
4,3014,frontend,frontend,backend,True,0.5919003608632954,-0.05748939477139492,0.6493897556346904,31,323,354,aceptada,Predicción con evidencia suficiente.
4,1568,datascience,datascience,cloud,True,1.511744035114994,-1.2270608530427545,2.7388048881577483,25,208,233,aceptada,Predicción con evidencia suficiente.
4,534,backend,backend,frontend,True,1.2068025893040297,-1.0308398465267283,2.2376424358307583,15,253,268,aceptada,Predicción con evidencia suficiente.
4,1722,backend,cloud,backend,False,0.46670945647153017,-0.3646241047312534,0.8313335612027836,22,268,290,aceptada,Predicción con evidencia suficiente.
4,3359,cloud,cloud,datascience,True,0.40403206034824724,-0.2847152309258697,0.6887472912741169,41,373,414,aceptada,Predicción con evidencia suficiente.
4,4454,cloud,cloud,frontend,True,1.1715450530284393,-1.3126164923659305,2.48416154539437,22,266,288,aceptada,Predicción con evidencia suficiente.
4,2719,frontend,frontend,cloud,True,2.310622158847554,-1.5527931956575307,3.8634153545050847,22,261,283,aceptada,Predicción con evidencia suficiente.
4,4044,frontend,frontend,backend,True,0.005249461885242557,-0.37756335138701863,0.3828128132722612,31,235,266,revision,Margen de decisión reducido.
4,3600,cloud,cloud,backend,True,0.3440946257105577,-0.3098644953282539,0.6539591210388116,24,358,382,aceptada,Predicción con evidencia suficiente.
4,574,datascience,datascience,backend,True,0.9537556648003873,-0.6328063888178032,1.5865620536181906,35,302,337,aceptada,Predicción con evidencia suficiente.
4,4443,frontend,frontend,datascience,True,0.10973236977849066,-0.6690768080996288,0.7788091778781194,31,342,373,aceptada,Predicción con evidencia suficiente.
4,3806,datascience,backend,frontend,False,-0.21665629498504468,-0.5049975404508071,0.28834124546576245,29,379,408,revision,Margen de decisión reducido.
4,3795,frontend,frontend,cloud,True,1.7748108414446722,-1.1522594099061956,2.9270702513508677,24,262,286,aceptada,Predicción con evidencia suficiente.
4,2138,frontend,frontend,cloud,True,1.388701277003407,-0.9535725410829594,2.3422738180863663,17,241,258,aceptada,Predicción con evidencia suficiente.
4,3535,backend,cloud,backend,False,-0.22772524852301218,-0.2711520506435399,0.04342680212052774,11,142,153,revision,Margen de decisión reducido.
4,139,datascience,datascience,backend,True,0.4636381206141704,-0.5925270954050993,1.0561652160192696,30,409,439,aceptada,Predicción con evidencia suficiente.
4,3258,datascience,datascience,cloud,True,1.3769264655525608,-1.0542959150575875,2.4312223806101483,55,423,478,aceptada,Predicción con evidencia suficiente.
4,1788,cloud,cloud,frontend,True,0.8642377746414571,-0.9800024173314692,1.8442401919729263,30,341,371,aceptada,Predicción con evidencia suficiente.
4,218,frontend,frontend,cloud,True,1.1439450099602015,-0.5094731475120245,1.6534181574722262,37,347,384,aceptada,Predicción con evidencia suficiente.
4,2090,backend,backend,datascience,True,0.7445162237000089,-0.9237713746598953,1.6682875983599041,26,323,349,aceptada,Predicción con evidencia suficiente.
4,1757,cloud,cloud,datascience,True,2.175651271527652,-1.4903740174513325,3.6660252889789846,31,353,384,aceptada,Predicción con evidencia suficiente.
4,1468,frontend,backend,datascience,False,-0.1448252701511088,-0.5943755334366823,0.44955026328557346,14,199,213,revision,Margen de decisión reducido.
4,2869,frontend,frontend,datascience,True,1.428767502377584,-1.184787898666082,2.613555401043666,14,136,150,revision,Cobertura reducida de características.
4,1363,cloud,cloud,datascience,True,1.6879257978643971,-1.320925836105373,3.00885163396977,33,438,471,aceptada,Predicción con evidencia suficiente.
4,1756,frontend,frontend,backend,True,0.080634896915798,-0.6305404546779084,0.7111753515937065,16,176,192,aceptada,Predicción con evidencia suficiente.
4,1814,datascience,datascience,backend,True,1.3482194082455605,-1.145146082144432,2.4933654903899924,27,214,241,aceptada,Predicción con evidencia suficiente.
4,4372,cloud,cloud,frontend,True,2.8858532337541014,-1.971262534240005,4.857115767994106,42,275,317,aceptada,Predicción con evidencia suficiente.
4,3306,frontend,frontend,backend,True,2.6868411686045808,-1.4513942037321426,4.138235372336723,20,223,243,aceptada,Predicción con evidencia suficiente.
4,2328,datascience,datascience,frontend,True,1.0690675629245638,-1.0867383905037156,2.1558059534282794,22,291,313,aceptada,Predicción con evidencia suficiente.
4,1904,backend,backend,datascience,True,1.168475333917979,-0.9577071438998332,2.126182477817812,24,305,329,aceptada,Predicción con evidencia suficiente.
4,3879,frontend,frontend,backend,True,0.8650552783444428,-0.7920058745714731,1.657061152915916,22,200,222,aceptada,Predicción con evidencia suficiente.
4,2954,frontend,frontend,datascience,True,0.564267070365443,-0.6921468471955164,1.2564139175609594,13,168,181,aceptada,Predicción con evidencia suficiente.
4,547,datascience,frontend,datascience,False,-0.08340391675077136,-0.5455833920055153,0.46217947525474395,12,172,184,revision,Margen de decisión reducido.
4,2173,backend,backend,datascience,True,1.1142049956908584,-0.9368115600951585,2.051016555786017,50,346,396,aceptada,Predicción con evidencia suficiente.
4,839,frontend,frontend,backend,True,0.7846703853847968,-0.8696104519214833,1.6542808373062803,14,232,246,aceptada,Predicción con evidencia suficiente.
4,1151,cloud,cloud,datascience,True,1.3406275781841734,-1.0575082323556317,2.398135810539805,24,339,363,aceptada,Predicción con evidencia suficiente.
4,2182,datascience,datascience,frontend,True,2.4429351443442915,-1.7371288279802806,4.180063972324572,40,371,411,aceptada,Predicción con evidencia suficiente.
4,4001,cloud,cloud,backend,True,0.43247435100640375,-0.4445367419838887,0.8770110929902925,32,339,371,aceptada,Predicción con evidencia suficiente.
4,2824,backend,backend,frontend,True,1.229311578711275,-1.2398574190549931,2.469168997766268,35,309,344,aceptada,Predicción con evidencia suficiente.
4,202,datascience,datascience,backend,True,1.481433841475478,-1.2632962584717635,2.7447300999472413,27,233,260,aceptada,Predicción con evidencia suficiente.
4,4319,frontend,frontend,backend,True,0.7302198261460068,-0.8736524026365801,1.6038722287825868,35,338,373,aceptada,Predicción con evidencia suficiente.
4,3907,cloud,cloud,backend,True,1.54083063132382,-1.3728937368130818,2.9137243681369016,43,299,342,aceptada,Predicción con evidencia suficiente.
4,1493,datascience,datascience,backend,True,0.0068061293304785275,-0.31876152378399425,0.3255676531144728,19,364,383,revision,Margen de decisión reducido.
4,2674,backend,frontend,datascience,False,0.13650590876167834,-0.2965947695085016,0.43310067827017995,21,324,345,revision,Margen de decisión reducido.
4,497,backend,backend,frontend,True,0.26294134485054643,-0.5894623843311173,0.8524037291816637,28,294,322,aceptada,Predicción con evidencia suficiente.
4,1900,cloud,cloud,backend,True,1.3705784849742275,-1.2458733643218127,2.6164518492960402,32,270,302,aceptada,Predicción con evidencia suficiente.
4,3966,frontend,frontend,backend,True,0.12836351440089955,-0.07734276731420242,0.20570628171510197,30,239,269,revision,Margen de decisión reducido.
4,3975,cloud,cloud,datascience,True,0.770733494056091,-0.69023339431703,1.460966888373121,36,256,292,aceptada,Predicción con evidencia suficiente.
4,4006,datascience,datascience,cloud,True,2.1076302565962832,-1.0155234051853064,3.12315366178159,41,401,442,aceptada,Predicción con evidencia suficiente.
4,4538,backend,backend,cloud,True,0.4413356030519444,-0.4514703104509978,0.8928059135029422,30,280,310,aceptada,Predicción con evidencia suficiente.
4,1429,frontend,frontend,cloud,True,0.4240428451366708,-0.630239847625731,1.0542826927624018,31,257,288,aceptada,Predicción con evidencia suficiente.
4,878,frontend,frontend,backend,True,0.09662121618326724,-0.6685815689713075,0.7652027851545747,25,336,361,aceptada,Predicción con evidencia suficiente.
4,4403,frontend,frontend,cloud,True,-0.11670395627750352,-0.14391663264713184,0.02721267636962832,29,310,339,revision,Margen de decisión reducido.
4,499,backend,backend,cloud,True,1.0804954548243013,-1.0895912635068496,2.170086718331151,39,314,353,aceptada,Predicción con evidencia suficiente.
4,1234,backend,cloud,backend,False,0.15616416945963407,-0.4580109431723132,0.6141751126319472,23,236,259,revision,Margen de decisión reducido.
4,4490,frontend,frontend,datascience,True,0.33633128097517295,-0.7113292299816483,1.0476605109568213,28,254,282,aceptada,Predicción con evidencia suficiente.
4,2397,frontend,frontend,datascience,True,0.06813527144743958,-0.3745826580119001,0.4427179294593397,10,186,196,revision,Margen de decisión reducido.
4,3010,cloud,backend,cloud,False,0.35563136749609936,0.08764512627840937,0.26798624121769,30,349,379,revision,Margen de decisión reducido.
4,1803,frontend,frontend,datascience,True,0.981138240928262,-0.4136624502020932,1.3948006911303552,7,123,130,revision,Cobertura reducida de características.
4,3494,backend,frontend,datascience,False,-0.22562505315524808,-0.5560684893908043,0.3304434362355563,26,153,179,revision,Margen de decisión reducido.
4,1747,frontend,frontend,datascience,True,0.985567376480793,-0.9425219211059136,1.9280892975867066,21,117,138,revision,Cobertura reducida de características.
4,4542,frontend,cloud,datascience,False,0.5052311308827482,-0.6982949697756792,1.2035261006584275,19,212,231,aceptada,Predicción con evidencia suficiente.
4,3177,cloud,cloud,backend,True,0.7201242297689681,-1.2125762512911564,1.9327004810601245,26,299,325,aceptada,Predicción con evidencia suficiente.
4,3531,backend,backend,frontend,True,0.03825052546902685,-0.5332570430690476,0.5715075685380745,10,361,371,revision,Margen de decisión reducido.
4,3741,cloud,cloud,backend,True,0.8799921530615822,-0.7873368069290936,1.6673289599906758,29,249,278,aceptada,Predicción con evidencia suficiente.
4,2478,frontend,frontend,backend,True,0.24882538801207177,-0.47908374197061926,0.727909129982691,16,195,211,aceptada,Predicción con evidencia suficiente.
4,2736,datascience,cloud,frontend,False,0.048649360770475214,-0.34626126761316073,0.39491062838363594,13,188,201,revision,Margen de decisión reducido.
4,2623,cloud,cloud,backend,True,-0.12376223220026439,-0.4711404444395724,0.34737821223930804,7,220,227,revision,Margen de decisión reducido.
4,1065,frontend,frontend,backend,True,0.07787428282916337,-0.39165453209483825,0.4695288149240016,33,366,399,revision,Margen de decisión reducido.
4,3644,backend,backend,frontend,True,1.1270783314163062,-0.8043821621585014,1.9314604935748076,24,302,326,aceptada,Predicción con evidencia suficiente.
4,1732,cloud,cloud,datascience,True,0.3709826154071685,-0.6309701174702425,1.001952732877411,31,377,408,aceptada,Predicción con evidencia suficiente.
4,4333,datascience,datascience,frontend,True,1.3550611552564968,-1.1066418206348558,2.4617029758913525,28,345,373,aceptada,Predicción con evidencia suficiente.
4,735,cloud,cloud,backend,True,1.207655253452485,-0.8804837429650558,2.0881389964175407,31,253,284,aceptada,Predicción con evidencia suficiente.
4,1093,backend,backend,frontend,True,1.137252151458472,-1.0994567172675915,2.2367088687260637,25,328,353,aceptada,Predicción con evidencia suficiente.
4,4569,cloud,cloud,frontend,True,1.2040826784381073,-0.7833567630465103,1.9874394414846175,12,147,159,revision,Cobertura reducida de características.
4,3577,datascience,datascience,frontend,True,1.7944599852443595,-1.4526361337668598,3.2470961190112195,18,212,230,aceptada,Predicción con evidencia suficiente.
4,1567,frontend,frontend,cloud,True,1.4032127244347108,-1.0943873200329395,2.4976000444676503,14,252,266,aceptada,Predicción con evidencia suficiente.
4,3696,cloud,cloud,frontend,True,-0.10181267780145531,-0.39782228136855524,0.29600960356709993,26,341,367,revision,Margen de decisión reducido.
4,1544,frontend,frontend,datascience,True,1.6679311054451427,-1.308473578002482,2.9764046834476248,36,249,285,aceptada,Predicción con evidencia suficiente.
4,426,cloud,cloud,datascience,True,1.187231716854806,-1.1112600934889034,2.2984918103437098,25,156,181,aceptada,Predicción con evidencia suficiente.
4,2169,backend,backend,datascience,True,0.6879902835041638,-1.003328724960206,1.6913190084643699,29,318,347,aceptada,Predicción con evidencia suficiente.
4,1346,frontend,frontend,datascience,True,0.09298162282850542,-0.451598009610048,0.5445796324385535,33,314,347,revision,Margen de decisión reducido.
4,4241,datascience,datascience,cloud,True,1.8308989774266389,-1.3543701013157283,3.185269078742367,37,351,388,aceptada,Predicción con evidencia suficiente.
4,299,datascience,datascience,cloud,True,1.1536824549655953,-0.938309234397249,2.0919916893628443,27,292,319,aceptada,Predicción con evidencia suficiente.
4,4565,backend,backend,cloud,True,0.39285016439857046,-0.78929370220009,1.1821438665986603,24,346,370,aceptada,Predicción con evidencia suficiente.
4,1162,backend,backend,frontend,True,-0.26261232966676595,-0.3962753090345032,0.13366297936773724,5,227,232,revision,Margen de decisión reducido.
4,2458,backend,backend,datascience,True,0.7579499255829223,-0.5349109409498451,1.2928608665327674,27,295,322,aceptada,Predicción con evidencia suficiente.
4,2342,frontend,frontend,backend,True,2.4399346269202553,-1.3751941760373405,3.815128802957596,12,165,177,revision,Cobertura reducida de características.
4,784,backend,backend,datascience,True,1.0696058769005903,-0.5642054303596937,1.633811307260284,27,305,332,aceptada,Predicción con evidencia suficiente.
4,367,datascience,datascience,cloud,True,1.3314083466361926,-1.0178979245575221,2.349306271193715,27,247,274,aceptada,Predicción con evidencia suficiente.
4,3093,frontend,frontend,backend,True,0.10127844487176163,-0.46450715580907126,0.5657856006808328,20,336,356,revision,Margen de decisión reducido.
4,1186,frontend,frontend,backend,True,0.4342069599140195,-0.44812677831825215,0.8823337382322716,24,315,339,aceptada,Predicción con evidencia suficiente.
4,675,datascience,datascience,frontend,True,1.530040605544926,-1.1124165181426675,2.642457123687594,24,219,243,aceptada,Predicción con evidencia suficiente.
4,2943,cloud,cloud,backend,True,1.2478764745348523,-0.5524304151332664,1.8003068896681187,26,319,345,aceptada,Predicción con evidencia suficiente.
4,4526,frontend,frontend,cloud,True,1.2729992062261233,-1.218958442605409,2.4919576488315323,45,291,336,aceptada,Predicción con evidencia suficiente.
4,1334,cloud,cloud,backend,True,1.9531151109440765,-0.9989774738745889,2.9520925848186654,27,405,432,aceptada,Predicción con evidencia suficiente.
4,716,datascience,datascience,frontend,True,0.8958780493884633,-0.30111325608901607,1.1969913054774795,35,372,407,aceptada,Predicción con evidencia suficiente.
4,1198,frontend,backend,frontend,False,0.06804854230334445,-0.12445471660359755,0.192503258906942,33,435,468,revision,Margen de decisión reducido.
4,597,backend,backend,datascience,True,0.032762925654246766,-0.05106042103538522,0.08382334668963198,42,434,476,revision,Margen de decisión reducido.
4,946,backend,backend,cloud,True,1.2943336248593493,-1.0491194107659578,2.3434530356253074,34,337,371,aceptada,Predicción con evidencia suficiente.
4,423,frontend,frontend,backend,True,1.0419741387151769,-1.0694512255725943,2.111425364287771,14,209,223,aceptada,Predicción con evidencia suficiente.
4,1859,frontend,cloud,frontend,False,-0.10567162710167632,-0.3998945747692926,0.29422294766761625,38,350,388,revision,Margen de decisión reducido.
4,2244,datascience,datascience,frontend,True,1.5083616374832818,-1.1763481338270267,2.6847097713103087,24,219,243,aceptada,Predicción con evidencia suficiente.
4,3869,frontend,frontend,datascience,True,1.4181489857775285,-0.9231098459305358,2.341258831708064,29,305,334,aceptada,Predicción con evidencia suficiente.
4,4181,datascience,datascience,backend,True,1.2282787863543565,-0.9900724479302838,2.2183512342846403,53,416,469,aceptada,Predicción con evidencia suficiente.
4,4548,frontend,backend,cloud,False,-0.10800838814935254,-0.7019425757664852,0.5939341876171327,9,193,202,revision,Margen de decisión reducido.
4,4024,datascience,datascience,frontend,True,1.2890471869786542,-1.2651287440858434,2.5541759310644974,24,230,254,aceptada,Predicción con evidencia suficiente.
4,3655,frontend,frontend,cloud,True,0.7059342146905305,-0.4948871068759063,1.200821321566437,40,325,365,aceptada,Predicción con evidencia suficiente.
4,651,cloud,cloud,datascience,True,1.235275043199454,-1.210878077897254,2.446153121096708,29,210,239,aceptada,Predicción con evidencia suficiente.
4,541,datascience,datascience,frontend,True,1.200182383074844,-1.2315566725336824,2.431739055608526,25,235,260,aceptada,Predicción con evidencia suficiente.
4,923,frontend,frontend,datascience,True,1.3643422428935188,-1.0827338913213644,2.4470761342148832,28,343,371,aceptada,Predicción con evidencia suficiente.
4,3052,cloud,cloud,datascience,True,2.2232805794838946,-1.5513208569735677,3.7746014364574623,35,338,373,aceptada,Predicción con evidencia suficiente.
4,2555,frontend,cloud,datascience,False,0.17760655475629283,-0.11761883735790502,0.29522539211419785,20,286,306,revision,Margen de decisión reducido.
4,40,backend,backend,cloud,True,1.1219764940871733,-1.105368730270308,2.227345224357481,31,290,321,aceptada,Predicción con evidencia suficiente.
4,957,frontend,frontend,backend,True,0.5061780760884239,-0.49548564057681066,1.0016637166652345,30,258,288,aceptada,Predicción con evidencia suficiente.
4,3941,frontend,backend,cloud,False,-0.12618171707390013,-0.535825647742997,0.4096439306690969,10,201,211,revision,Margen de decisión reducido.
4,4038,frontend,frontend,cloud,True,1.3751229549908301,-1.097388604572036,2.472511559562866,21,176,197,aceptada,Predicción con evidencia suficiente.
4,150,frontend,frontend,cloud,True,1.1217717344530453,-0.7759482495473847,1.89771998400043,32,291,323,aceptada,Predicción con evidencia suficiente.
4,2345,backend,backend,cloud,True,1.071072947567361,-0.5744480243597458,1.645520971927107,38,273,311,aceptada,Predicción con evidencia suficiente.
4,1038,backend,backend,datascience,True,0.29359356958842864,-0.48177944094020353,0.7753730105286322,28,276,304,aceptada,Predicción con evidencia suficiente.
4,395,backend,backend,cloud,True,1.2554425473509003,-1.1199695733040906,2.3754121206549907,34,299,333,aceptada,Predicción con evidencia suficiente.
4,4525,backend,cloud,backend,False,0.8396007633313907,-0.4779113377029797,1.3175121010343704,33,406,439,aceptada,Predicción con evidencia suficiente.
4,3325,frontend,frontend,datascience,True,0.5313454429758064,-0.23379560127559296,0.7651410442513994,23,259,282,aceptada,Predicción con evidencia suficiente.
4,3155,datascience,datascience,backend,True,1.2151214249053781,-1.128840716591931,2.3439621414973093,43,413,456,aceptada,Predicción con evidencia suficiente.
5,169,cloud,cloud,datascience,True,-0.0034973439355142633,-0.3751541540017931,0.3716568100662788,26,357,383,revision,Margen de decisión reducido.
5,2747,frontend,frontend,datascience,True,1.0283804356301227,-1.1545334874472686,2.1829139230773915,11,232,243,aceptada,Predicción con evidencia suficiente.
5,1767,cloud,cloud,backend,True,0.5314728008524691,-1.0317514926726692,1.5632242935251384,11,172,183,aceptada,Predicción con evidencia suficiente.
5,253,backend,backend,datascience,True,0.7732041737292461,-0.99079651713194,1.764000690861186,29,303,332,aceptada,Predicción con evidencia suficiente.
5,1678,backend,backend,cloud,True,1.344620651937213,-1.0521914540349222,2.3968121059721352,35,299,334,aceptada,Predicción con evidencia suficiente.
5,2170,backend,backend,cloud,True,-0.09731097032790481,-0.5736762050979973,0.4763652347700925,24,335,359,revision,Margen de decisión reducido.
5,1387,cloud,cloud,backend,True,-0.12561670190969498,-0.6154759093684109,0.4898592074587159,28,246,274,revision,Margen de decisión reducido.
5,535,frontend,frontend,backend,True,0.7855118955441973,-0.578581203265981,1.3640930988101783,32,322,354,aceptada,Predicción con evidencia suficiente.
5,1304,backend,backend,frontend,True,0.2877459126040116,0.13435425194389122,0.1533916606601204,22,287,309,revision,Margen de decisión reducido.
5,699,backend,backend,cloud,True,0.7822092986279996,-0.7849727457895775,1.567182044417577,15,188,203,aceptada,Predicción con evidencia suficiente.
5,3466,frontend,backend,cloud,False,0.6835563723077431,-1.0929850323142258,1.776541404621969,14,166,180,aceptada,Predicción con evidencia suficiente.
5,1276,frontend,frontend,backend,True,0.8675905845670668,-0.9205328360094716,1.7881234205765384,17,215,232,aceptada,Predicción con evidencia suficiente.
5,2738,datascience,datascience,frontend,True,1.258674064638821,-1.1609181117912122,2.419592176430033,26,309,335,aceptada,Predicción con evidencia suficiente.
5,1056,datascience,backend,datascience,False,-0.23255117721791863,-0.4994148168707668,0.26686363965284815,23,287,310,revision,Margen de decisión reducido.
5,162,backend,backend,datascience,True,0.03997303827438092,-0.48511268211740394,0.5250857203917849,33,328,361,revision,Margen de decisión reducido.
5,2800,backend,backend,cloud,True,0.46066712598848203,-0.36662086788363357,0.8272879938721156,34,339,373,aceptada,Predicción con evidencia suficiente.
5,79,cloud,cloud,backend,True,1.117431961611036,-0.9426633845966155,2.0600953462076514,33,332,365,aceptada,Predicción con evidencia suficiente.
5,2831,frontend,frontend,backend,True,0.6023256347005772,-0.3161074398272863,0.9184330745278635,37,331,368,aceptada,Predicción con evidencia suficiente.
5,322,datascience,datascience,frontend,True,1.3740098697592944,-1.1762372385746873,2.5502471083339815,37,338,375,aceptada,Predicción con evidencia suficiente.
5,3194,cloud,cloud,backend,True,1.3477286129942017,-0.9822669766991248,2.3299955896933264,42,374,416,aceptada,Predicción con evidencia suficiente.
5,4188,datascience,datascience,cloud,True,0.12986574741606216,-0.4507340864665486,0.5805998338826108,24,381,405,revision,Margen de decisión reducido.
5,1648,frontend,frontend,backend,True,1.0397557321711848,-0.16422559648378998,1.2039813286549748,42,340,382,aceptada,Predicción con evidencia suficiente.
5,1749,frontend,frontend,backend,True,0.3215264542512915,-0.37616780456721194,0.6976942588185034,27,280,307,aceptada,Predicción con evidencia suficiente.
5,2225,datascience,datascience,backend,True,0.11018083553542823,-0.5027378259072139,0.6129186614426422,19,245,264,revision,Margen de decisión reducido.
5,344,datascience,datascience,frontend,True,1.6822441742840262,-1.2170155118351635,2.8992596861191897,31,427,458,aceptada,Predicción con evidencia suficiente.
5,1996,frontend,frontend,datascience,True,2.147493444376402,-1.001033745653415,3.1485271900298173,21,254,275,aceptada,Predicción con evidencia suficiente.
5,3254,cloud,cloud,frontend,True,1.5135042096127966,-0.998618979397004,2.5121231890098006,29,324,353,aceptada,Predicción con evidencia suficiente.
5,2582,cloud,cloud,datascience,True,-0.021314673927361527,-0.6135971260424489,0.5922824521150873,25,212,237,revision,Margen de decisión reducido.
5,2134,datascience,datascience,frontend,True,1.5950590238729285,-1.0299480439699311,2.6250070678428594,32,360,392,aceptada,Predicción con evidencia suficiente.
5,31,datascience,datascience,cloud,True,0.3957202120768959,-0.5682561385268857,0.9639763506037816,30,301,331,aceptada,Predicción con evidencia suficiente.
5,88,datascience,datascience,cloud,True,1.2697431641465697,-0.6272435147929727,1.8969866789395424,18,320,338,aceptada,Predicción con evidencia suficiente.
5,3038,frontend,frontend,backend,True,0.3524768794856797,-0.787782602831302,1.1402594823169816,26,275,301,aceptada,Predicción con evidencia suficiente.
5,1985,frontend,datascience,frontend,False,-0.11018020078266055,-0.43259852356756373,0.3224183227849032,36,416,452,revision,Margen de decisión reducido.
5,347,backend,backend,datascience,True,-0.20086710029706722,-0.6423903838743796,0.4415232835773124,31,374,405,revision,Margen de decisión reducido.
5,528,datascience,datascience,backend,True,1.7384203177016069,-1.389169480576824,3.127589798278431,26,225,251,aceptada,Predicción con evidencia suficiente.
5,3131,datascience,datascience,backend,True,1.1322249910541395,-1.039849895150471,2.1720748862046104,47,421,468,aceptada,Predicción con evidencia suficiente.
5,1770,cloud,backend,cloud,False,0.9437449722634481,-0.44072304833730047,1.3844680206007487,20,240,260,aceptada,Predicción con evidencia suficiente.
5,126,cloud,backend,datascience,False,0.09061163975234154,-0.5006391830746584,0.5912508228269999,54,742,796,revision,Margen de decisión reducido.
5,3343,frontend,frontend,backend,True,-0.10431286028407744,-0.6415462425644137,0.5372333822803363,28,319,347,revision,Margen de decisión reducido.
5,1511,datascience,datascience,cloud,True,0.37721455487777455,-0.3348894098668098,0.7121039647445844,23,240,263,aceptada,Predicción con evidencia suficiente.
5,3867,datascience,backend,datascience,False,-0.09750071719077735,-0.13107382004384793,0.03357310285307058,40,400,440,revision,Margen de decisión reducido.
5,660,datascience,datascience,cloud,True,1.8779077683208847,-1.2794505435926427,3.1573583119135273,25,231,256,aceptada,Predicción con evidencia suficiente.
5,192,datascience,datascience,frontend,True,1.2088774169147358,-0.9189903072147962,2.127867724129532,23,198,221,aceptada,Predicción con evidencia suficiente.
5,4371,datascience,datascience,frontend,True,1.0166390951606914,-0.8461554619348008,1.8627945570954922,24,385,409,aceptada,Predicción con evidencia suficiente.
5,3890,backend,backend,cloud,True,-0.2297017162745998,-0.5161850266326106,0.2864833103580108,24,367,391,revision,Margen de decisión reducido.
5,1843,backend,backend,datascience,True,0.11021117720321905,-0.090805527767583,0.20101670497080204,26,277,303,revision,Margen de decisión reducido.
5,3591,cloud,cloud,backend,True,0.8570232890901174,-1.0596808581238668,1.9167041472139843,9,200,209,aceptada,Predicción con evidencia suficiente.
5,836,cloud,cloud,backend,True,0.44761875262237394,-0.5467099656553394,0.9943287182777133,38,247,285,aceptada,Predicción con evidencia suficiente.
5,2325,frontend,frontend,cloud,True,1.5898593907117944,-1.2313738213306473,2.8212332120424417,29,325,354,aceptada,Predicción con evidencia suficiente.
5,4201,backend,backend,datascience,True,1.6189227713811776,-1.3863063295086782,3.0052291008898555,40,279,319,aceptada,Predicción con evidencia suficiente.
5,4082,backend,backend,datascience,True,0.3562880988554531,-0.877405980887008,1.2336940797424611,32,382,414,aceptada,Predicción con evidencia suficiente.
5,882,frontend,frontend,cloud,True,0.22303792134551498,-0.668575040712415,0.8916129620579301,25,328,353,aceptada,Predicción con evidencia suficiente.
5,3963,datascience,datascience,frontend,True,1.4495508062843592,-1.356442589801188,2.8059933960855474,21,209,230,aceptada,Predicción con evidencia suficiente.
5,4428,cloud,cloud,datascience,True,0.19549066326971265,-0.2485750292217963,0.44406569249150896,36,328,364,revision,Margen de decisión reducido.
5,1143,cloud,backend,cloud,False,-0.02554354113850643,-0.07710240208092634,0.051558860942419904,57,505,562,revision,Margen de decisión reducido.
5,3772,datascience,datascience,frontend,True,1.1479884753237823,-1.087879500798188,2.2358679761219706,26,206,232,aceptada,Predicción con evidencia suficiente.
5,2772,frontend,frontend,datascience,True,2.4674167387600234,-1.5164211456116587,3.983837884371682,18,187,205,aceptada,Predicción con evidencia suficiente.
5,2915,datascience,datascience,backend,True,1.7941293398980012,-1.3793418311223768,3.173471171020378,29,203,232,aceptada,Predicción con evidencia suficiente.
5,1369,cloud,cloud,frontend,True,0.2529226519116132,-0.5026816466309009,0.7556042985425141,21,169,190,aceptada,Predicción con evidencia suficiente.
5,1299,frontend,frontend,backend,True,-0.11170858937653372,-0.25771192209766863,0.14600333272113492,20,250,270,revision,Margen de decisión reducido.
5,81,frontend,frontend,datascience,True,0.6917887024181604,-0.022692469400785176,0.7144811718189455,40,379,419,aceptada,Predicción con evidencia suficiente.
5,3235,backend,datascience,backend,False,0.06779614139840262,-0.21040426916921506,0.2782004105676177,39,342,381,revision,Margen de decisión reducido.
5,4042,cloud,cloud,frontend,True,1.6436536979682677,-1.0207010757232595,2.664354773691527,39,362,401,aceptada,Predicción con evidencia suficiente.
5,4269,datascience,datascience,backend,True,2.1287744058253186,-1.2454173275519766,3.3741917333772955,36,226,262,aceptada,Predicción con evidencia suficiente.
5,4305,frontend,frontend,backend,True,0.7030233829184194,-0.7774929459346105,1.4805163288530299,37,320,357,aceptada,Predicción con evidencia suficiente.
5,350,backend,frontend,backend,False,0.497159230508531,-0.06889667211585115,0.5660559026243821,34,386,420,revision,Margen de decisión reducido.
5,3725,datascience,datascience,backend,True,1.5120934472827594,-0.7520700297893809,2.2641634770721404,35,271,306,aceptada,Predicción con evidencia suficiente.
5,1082,cloud,cloud,backend,True,0.7172695134418324,-0.8825893429201339,1.5998588563619665,36,324,360,aceptada,Predicción con evidencia suficiente.
5,2219,datascience,datascience,frontend,True,1.220503931844291,-1.1293983785354702,2.349902310379761,28,223,251,aceptada,Predicción con evidencia suficiente.
5,3771,datascience,datascience,frontend,True,1.388648374772158,-1.0222265584422132,2.4108749332143713,26,210,236,aceptada,Predicción con evidencia suficiente.
5,1890,cloud,cloud,datascience,True,1.2538437030087088,-1.1380588128523152,2.391902515861024,25,156,181,aceptada,Predicción con evidencia suficiente.
5,1145,datascience,datascience,backend,True,0.24027105508153968,-0.6549235084009528,0.8951945634824925,31,271,302,aceptada,Predicción con evidencia suficiente.
5,1008,backend,frontend,backend,False,0.1892478353022044,0.1302976846228322,0.058950150679372204,24,353,377,revision,Margen de decisión reducido.
5,2253,cloud,cloud,frontend,True,1.4263320260094,-1.2144177438258688,2.640749769835269,9,170,179,aceptada,Predicción con evidencia suficiente.
5,365,backend,backend,datascience,True,0.751621179514276,-0.8160871145301639,1.56770829404444,15,168,183,aceptada,Predicción con evidencia suficiente.
5,2607,frontend,frontend,backend,True,1.426312658553852,-0.46490221508454455,1.8912148736383965,15,247,262,aceptada,Predicción con evidencia suficiente.
5,2754,datascience,datascience,frontend,True,1.250617547541423,-1.0575030849131006,2.3081206324545236,47,403,450,aceptada,Predicción con evidencia suficiente.
5,340,frontend,frontend,cloud,True,1.1914519473283116,-0.9417408020737057,2.133192749402017,17,243,260,aceptada,Predicción con evidencia suficiente.
5,1347,datascience,datascience,frontend,True,1.2149137223848299,-0.990872884364375,2.205786606749205,67,433,500,aceptada,Predicción con evidencia suficiente.
5,119,datascience,datascience,cloud,True,0.5539693894013527,-0.8001580146791538,1.3541274040805065,25,298,323,aceptada,Predicción con evidencia suficiente.
5,3522,frontend,datascience,cloud,False,-0.360852229210303,-0.4438181015731736,0.08296587236287056,22,390,412,revision,Margen de decisión reducido.
5,2680,cloud,cloud,datascience,True,1.685484175288945,-1.1261696874796674,2.8116538627686123,33,231,264,aceptada,Predicción con evidencia suficiente.
5,2568,datascience,datascience,frontend,True,1.5229391099747063,-1.3284263585817233,2.8513654685564296,31,321,352,aceptada,Predicción con evidencia suficiente.
5,4235,frontend,frontend,datascience,True,0.11048998049370412,-0.01265904904450632,0.12314902953821044,21,301,322,revision,Margen de decisión reducido.
5,2868,cloud,cloud,backend,True,1.8403586538297825,-1.1114121645135304,2.951770818343313,44,318,362,aceptada,Predicción con evidencia suficiente.
5,1926,cloud,cloud,frontend,True,0.30149824550295123,-0.6927507514199268,0.994248996922878,34,410,444,aceptada,Predicción con evidencia suficiente.
5,2280,datascience,datascience,backend,True,0.8875910215258276,-0.26118417330093124,1.1487751948267588,28,249,277,aceptada,Predicción con evidencia suficiente.
5,807,cloud,datascience,cloud,False,0.12521991285994094,-0.45509689905136075,0.5803168119113017,24,297,321,revision,Margen de decisión reducido.
5,2726,frontend,frontend,backend,True,-0.07069075319198051,-0.5253956242312459,0.4547048710392654,24,213,237,revision,Margen de decisión reducido.
5,1699,frontend,frontend,backend,True,0.1759279586601189,-0.4869877711130407,0.6629157297731596,18,255,273,aceptada,Predicción con evidencia suficiente.
5,555,backend,backend,cloud,True,0.21716860241998992,-0.2993820819852269,0.5165506844052168,21,220,241,revision,Margen de decisión reducido.
5,1702,cloud,cloud,backend,True,0.8117370045686491,-0.5489158759932089,1.360652880561858,25,255,280,aceptada,Predicción con evidencia suficiente.
5,3064,frontend,backend,frontend,False,-0.3452210750845678,-0.49112790798594297,0.14590683290137518,17,398,415,revision,Margen de decisión reducido.
5,4415,datascience,backend,datascience,False,0.9253667791330309,-0.16268613498415752,1.0880529141171884,26,316,342,aceptada,Predicción con evidencia suficiente.
5,1645,datascience,datascience,cloud,True,1.1872769558880827,-0.9621453866899644,2.149422342578047,34,390,424,aceptada,Predicción con evidencia suficiente.
5,703,datascience,datascience,backend,True,0.47389518456296464,-0.33154732352449695,0.8054425080874617,25,254,279,aceptada,Predicción con evidencia suficiente.
5,1446,frontend,frontend,datascience,True,-0.006626444574405921,-0.3517849946378577,0.34515855006345175,2,162,164,revision,Margen de decisión reducido.
5,133,datascience,backend,datascience,False,0.3718579086933156,0.0784692461675629,0.2933886625257527,30,343,373,revision,Margen de decisión reducido.
5,2587,datascience,datascience,cloud,True,0.915099589071845,-1.0684230222193396,1.9835226112911846,29,331,360,aceptada,Predicción con evidencia suficiente.
5,1004,frontend,backend,datascience,False,-0.11111396222358705,-0.36602410289925075,0.2549101406756637,45,518,563,revision,Margen de decisión reducido.
5,113,frontend,frontend,cloud,True,-0.03925189224746073,-0.5317583508593411,0.49250645861188036,11,156,167,revision,Margen de decisión reducido.
5,2696,datascience,datascience,backend,True,1.4043826876667942,-1.2756736587760629,2.680056346442857,26,245,271,aceptada,Predicción con evidencia suficiente.
5,2586,backend,backend,frontend,True,1.2634375845822037,-0.9365775859031025,2.2000151704853064,21,248,269,aceptada,Predicción con evidencia suficiente.
5,2541,cloud,cloud,frontend,True,1.467596792582715,-1.1669560135436081,2.6345528061263233,24,217,241,aceptada,Predicción con evidencia suficiente.
5,750,backend,backend,frontend,True,0.4670231368345543,-0.8682045103029234,1.3352276471374778,36,375,411,aceptada,Predicción con evidencia suficiente.
5,3843,frontend,frontend,datascience,True,3.1297083231512084,-1.4075488967159573,4.537257219867166,38,399,437,aceptada,Predicción con evidencia suficiente.
5,2457,backend,backend,frontend,True,0.6968816718328346,-0.8510142536058165,1.547895925438651,26,259,285,aceptada,Predicción con evidencia suficiente.
5,3018,frontend,frontend,datascience,True,1.6106799851119988,-1.232599624656724,2.8432796097687225,15,273,288,aceptada,Predicción con evidencia suficiente.
5,3102,frontend,frontend,datascience,True,1.054027101221421,-0.8042537052294039,1.858280806450825,19,296,315,aceptada,Predicción con evidencia suficiente.
5,2030,datascience,datascience,frontend,True,0.7913308268980133,-0.9546035390410414,1.7459343659390547,26,241,267,aceptada,Predicción con evidencia suficiente.
5,2684,frontend,frontend,cloud,True,0.4649344914536297,-0.46892119760766093,0.9338556890612906,9,172,181,aceptada,Predicción con evidencia suficiente.
5,952,cloud,cloud,frontend,True,1.4119936920395642,-1.109126777167268,2.5211204692068323,41,446,487,aceptada,Predicción con evidencia suficiente.
5,2751,cloud,cloud,datascience,True,0.7387261321119226,-1.0923712551344418,1.8310973872463645,25,313,338,aceptada,Predicción con evidencia suficiente.
5,335,cloud,cloud,backend,True,0.7079532070907976,-0.6254782702787864,1.333431477369584,36,273,309,aceptada,Predicción con evidencia suficiente.
5,774,frontend,frontend,backend,True,0.8557938974737895,-0.8859632046404363,1.7417571021142257,14,184,198,aceptada,Predicción con evidencia suficiente.
5,173,cloud,cloud,frontend,True,1.2596049573538597,-0.6266501315156527,1.8862550888695124,36,425,461,aceptada,Predicción con evidencia suficiente.
5,3669,backend,backend,frontend,True,1.225162749589445,-0.8776734657261214,2.102836215315566,28,310,338,aceptada,Predicción con evidencia suficiente.
5,1993,backend,frontend,backend,False,-0.3104244813179068,-0.3486631069550522,0.03823862563714542,38,319,357,revision,Margen de decisión reducido.
5,3647,cloud,cloud,backend,True,0.9533772294622852,-0.7806554996929431,1.7340327291552282,33,314,347,aceptada,Predicción con evidencia suficiente.
5,1153,frontend,frontend,backend,True,0.6701200015380335,-0.5613590325390196,1.2314790340770532,22,272,294,aceptada,Predicción con evidencia suficiente.
5,624,datascience,datascience,frontend,True,1.3784323258661102,-1.1655849540042356,2.5440172798703458,23,227,250,aceptada,Predicción con evidencia suficiente.
5,3420,backend,backend,frontend,True,0.8641568196036282,-0.8540222278794234,1.7181790474830516,34,249,283,aceptada,Predicción con evidencia suficiente.
5,4364,backend,backend,datascience,True,1.3888167481150502,-0.756845317411612,2.145662065526662,36,309,345,aceptada,Predicción con evidencia suficiente.
5,3592,cloud,cloud,datascience,True,1.359706711211206,-1.0913946459981114,2.4511013572093177,30,256,286,aceptada,Predicción con evidencia suficiente.
5,3855,datascience,datascience,frontend,True,1.6048600104601167,-1.2568850057604748,2.8617450162205915,23,206,229,aceptada,Predicción con evidencia suficiente.
5,962,frontend,frontend,datascience,True,2.49918066497149,-1.380432491403174,3.879613156374664,30,228,258,aceptada,Predicción con evidencia suficiente.
5,2339,cloud,cloud,datascience,True,0.2475337173273514,-0.6160510155109711,0.8635847328383225,22,302,324,aceptada,Predicción con evidencia suficiente.
5,1748,backend,backend,cloud,True,0.8889276068636527,-0.563823127216571,1.4527507340802237,34,322,356,aceptada,Predicción con evidencia suficiente.
5,3933,backend,backend,datascience,True,0.5775017017084982,-0.59057145217123,1.1680731538797282,4,148,152,revision,Cobertura reducida de características.
5,3739,backend,backend,cloud,True,0.5908825473808232,-0.8566750171522073,1.4475575645330305,26,269,295,aceptada,Predicción con evidencia suficiente.
5,2764,frontend,backend,frontend,False,-0.3350248724113096,-0.4114047192641269,0.07637984685281729,42,248,290,revision,Margen de decisión reducido.
5,4169,cloud,backend,cloud,False,0.22401163382308464,-0.3173081242113809,0.5413197580344655,22,290,312,revision,Margen de decisión reducido.
5,4110,datascience,datascience,backend,True,1.63665337105542,-1.019829916053405,2.6564832871088253,21,224,245,aceptada,Predicción con evidencia suficiente.
5,4418,backend,backend,datascience,True,1.4507948916754954,-1.3993366468873107,2.850131538562806,44,345,389,aceptada,Predicción con evidencia suficiente.
5,3371,cloud,cloud,datascience,True,0.73510953159825,-0.8035535398394272,1.5386630714376772,24,182,206,aceptada,Predicción con evidencia suficiente.
5,152,cloud,cloud,datascience,True,1.2204770272772425,-0.6678738548917722,1.8883508821690147,24,257,281,aceptada,Predicción con evidencia suficiente.
5,1802,cloud,cloud,frontend,True,2.356806223782544,-1.5478251187583838,3.9046313425409274,33,231,264,aceptada,Predicción con evidencia suficiente.
5,3393,datascience,datascience,cloud,True,1.4896812815828504,-1.0159043352668358,2.505585616849686,28,230,258,aceptada,Predicción con evidencia suficiente.
5,4533,cloud,cloud,frontend,True,0.04428494590525123,-0.3560945079703009,0.4003794538755521,24,374,398,revision,Margen de decisión reducido.
5,84,backend,backend,cloud,True,-0.2361741187348123,-0.5410636543140834,0.3048895355792711,9,158,167,revision,Margen de decisión reducido.
5,3191,cloud,cloud,frontend,True,0.3995775716079303,-0.7672415393704246,1.1668191109783548,22,236,258,aceptada,Predicción con evidencia suficiente.
5,1764,datascience,datascience,backend,True,1.4005741184762868,-1.2818634198630847,2.6824375383393715,26,226,252,aceptada,Predicción con evidencia suficiente.
5,3220,frontend,backend,datascience,False,-0.039926381039126047,-0.18238567992213295,0.1424592988830069,29,301,330,revision,Margen de decisión reducido.
5,3895,backend,backend,frontend,True,1.1486262538510863,-0.9879513131238895,2.136577566974976,34,274,308,aceptada,Predicción con evidencia suficiente.
5,1370,frontend,frontend,datascience,True,0.5662511675664796,-0.14213979088958517,0.7083909584560648,13,137,150,revision,Cobertura reducida de características.
5,533,datascience,datascience,backend,True,0.8709020543290518,-0.7833995348763427,1.6543015892053945,23,222,245,aceptada,Predicción con evidencia suficiente.
5,3846,backend,backend,datascience,True,0.9209127278104798,-0.9084332256471881,1.829345953457668,27,341,368,aceptada,Predicción con evidencia suficiente.
5,1596,frontend,frontend,backend,True,0.02381937600234546,-0.6984005558562401,0.7222199318585856,26,460,486,aceptada,Predicción con evidencia suficiente.
5,3723,backend,backend,frontend,True,0.9342155894388782,-0.8783877282457446,1.8126033176846228,35,254,289,aceptada,Predicción con evidencia suficiente.
5,3375,datascience,datascience,frontend,True,1.3762120294174172,-0.8102144658909438,2.186426495308361,17,239,256,aceptada,Predicción con evidencia suficiente.
5,47,cloud,cloud,backend,True,0.6691876808536849,-0.6828383637901839,1.3520260446438688,31,306,337,aceptada,Predicción con evidencia suficiente.
5,694,datascience,cloud,backend,False,0.27989958020795025,0.1952619080127822,0.08463767219516805,23,402,425,revision,Margen de decisión reducido.
5,4545,backend,backend,cloud,True,0.7277601310018309,-0.7920535404465994,1.5198136714484303,26,432,458,aceptada,Predicción con evidencia suficiente.
5,1822,datascience,cloud,backend,False,0.2587160377193646,-0.5217137419510284,0.780429779670393,20,238,258,aceptada,Predicción con evidencia suficiente.
5,1041,frontend,frontend,backend,True,0.33805657423278573,-0.4995240018026521,0.8375805760354378,26,228,254,aceptada,Predicción con evidencia suficiente.
5,2268,frontend,frontend,cloud,True,1.8363236673505894,-1.3452620472832413,3.1815857146338304,28,331,359,aceptada,Predicción con evidencia suficiente.
5,1207,frontend,frontend,backend,True,1.5411906703162346,-1.2837961438057959,2.8249868141220302,9,135,144,revision,Cobertura reducida de características.
5,2551,frontend,frontend,datascience,True,0.5452932210796946,-0.8154381428855212,1.3607313639652157,30,378,408,aceptada,Predicción con evidencia suficiente.
5,1059,backend,backend,cloud,True,1.1313460881608315,-0.8355525331148209,1.9668986212756523,27,343,370,aceptada,Predicción con evidencia suficiente.
5,2197,frontend,frontend,cloud,True,-0.292084495957513,-0.3400169639945414,0.047932468037028386,17,197,214,revision,Margen de decisión reducido.
5,3649,backend,backend,frontend,True,1.122353363532678,-1.080715966656282,2.20306933018896,35,254,289,aceptada,Predicción con evidencia suficiente.
5,2950,frontend,frontend,cloud,True,0.08338099357489043,-0.18456919487471324,0.26795018844960367,12,178,190,revision,Margen de decisión reducido.
5,4278,datascience,datascience,backend,True,1.2428187626949834,-1.1965735233163886,2.4393922860113717,24,218,242,aceptada,Predicción con evidencia suficiente.
5,1809,frontend,frontend,cloud,True,0.4890155035814084,-0.8026508455783704,1.2916663491597788,11,136,147,revision,Cobertura reducida de características.
5,4266,backend,backend,cloud,True,-0.2797098381979316,-0.43770942816482283,0.15799958996689123,34,302,336,revision,Margen de decisión reducido.
5,1176,cloud,cloud,backend,True,2.294457290503581,-1.4906326538099373,3.785089944313518,32,344,376,aceptada,Predicción con evidencia suficiente.
5,3893,datascience,backend,datascience,False,-0.3180917232635741,-0.34483739388242646,0.026745670618852357,29,276,305,revision,Margen de decisión reducido.
5,1504,cloud,cloud,datascience,True,1.2976052950591166,-1.1699877028953647,2.4675929979544815,34,285,319,aceptada,Predicción con evidencia suficiente.
5,604,frontend,frontend,backend,True,0.8102173499985292,-0.7992625071308537,1.609479857129383,31,311,342,aceptada,Predicción con evidencia suficiente.
5,3698,backend,backend,frontend,True,0.9218055319899692,-0.7672407864513993,1.6890463184413684,31,231,262,aceptada,Predicción con evidencia suficiente.
5,1128,cloud,frontend,datascience,False,0.04587326128163666,-0.6188448363843906,0.6647180976660272,13,217,230,aceptada,Predicción con evidencia suficiente.
5,758,datascience,datascience,frontend,True,1.586951212173617,-1.3430027360326562,2.929953948206273,37,362,399,aceptada,Predicción con evidencia suficiente.
5,4257,backend,backend,datascience,True,1.0827310682417604,-0.5718374313027483,1.6545684995445087,16,319,335,aceptada,Predicción con evidencia suficiente.
5,3953,frontend,cloud,frontend,False,0.25944324799418017,-0.0741891888897602,0.3336324368839404,13,197,210,revision,Margen de decisión reducido.
5,3900,frontend,frontend,backend,True,0.165735923137307,-0.3952468567836022,0.5609827799209093,50,326,376,revision,Margen de decisión reducido.
5,1708,frontend,frontend,cloud,True,0.9921987445158662,-0.8968077088992161,1.8890064534150823,21,249,270,aceptada,Predicción con evidencia suficiente.
5,461,cloud,frontend,backend,False,0.08452816439931021,-0.04772087903304678,0.132249043432357,21,189,210,revision,Margen de decisión reducido.
5,3477,datascience,datascience,frontend,True,0.6809391642169442,-0.7161930336197799,1.3971321978367242,19,342,361,aceptada,Predicción con evidencia suficiente.
5,1096,cloud,cloud,backend,True,1.3077409503624984,-0.9601747589730671,2.2679157093355657,36,250,286,aceptada,Predicción con evidencia suficiente.
5,4073,backend,backend,cloud,True,1.119131984557273,-0.01281804021355526,1.1319500247708283,21,346,367,aceptada,Predicción con evidencia suficiente.
5,2179,cloud,cloud,frontend,True,-0.03914230508049488,-0.2134988388234858,0.17435653374299093,26,255,281,revision,Margen de decisión reducido.
5,1566,backend,backend,datascience,True,0.8522767625928414,-0.9113547517023641,1.7636315142952055,29,259,288,aceptada,Predicción con evidencia suficiente.
5,4222,cloud,cloud,datascience,True,1.5554041944223562,-0.721824548000107,2.277228742422463,29,241,270,aceptada,Predicción con evidencia suficiente.
5,82,cloud,cloud,frontend,True,1.2968268505159113,-0.856767774558225,2.1535946250741365,12,131,143,revision,Cobertura reducida de características.
5,1389,backend,frontend,backend,False,-0.10690988230720425,-0.40211414786056693,0.29520426555336265,30,244,274,revision,Margen de decisión reducido.
5,159,backend,backend,datascience,True,1.2979647269116983,-1.1085419474851292,2.4065066743968275,18,201,219,aceptada,Predicción con evidencia suficiente.
5,1006,frontend,frontend,datascience,True,1.42485580848407,-0.9042952510091065,2.329151059493176,30,418,448,aceptada,Predicción con evidencia suficiente.
5,21,cloud,cloud,frontend,True,0.17506013515841845,-0.06260405260558252,0.23766418776400097,21,221,242,revision,Margen de decisión reducido.
5,924,datascience,datascience,cloud,True,-0.12140577282238207,-0.4111045294189377,0.28969875659655564,3,253,256,revision,Margen de decisión reducido.
5,4191,frontend,frontend,backend,True,3.2876732484847535,-2.001780158068076,5.28945340655283,14,168,182,aceptada,Predicción con evidencia suficiente.
5,1217,frontend,frontend,backend,True,1.245790857644864,-0.7105342056205853,1.9563250632654494,36,301,337,aceptada,Predicción con evidencia suficiente.
5,4437,datascience,datascience,backend,True,0.6642928767407008,-0.8279178731209221,1.492210749861623,33,307,340,aceptada,Predicción con evidencia suficiente.
5,302,frontend,frontend,backend,True,1.2122192156475278,-0.8521182761695935,2.0643374918171213,33,244,277,aceptada,Predicción con evidencia suficiente.
5,4065,backend,cloud,backend,False,0.3210438333011405,-0.6019703050602898,0.9230141383614303,24,201,225,aceptada,Predicción con evidencia suficiente.
5,164,cloud,cloud,backend,True,1.9302170129595657,-1.4916846015795997,3.4219016145391654,33,210,243,aceptada,Predicción con evidencia suficiente.
5,2750,backend,backend,frontend,True,0.9230202343230292,-0.8535835256384798,1.776603759961509,30,315,345,aceptada,Predicción con evidencia suficiente.
5,498,frontend,cloud,frontend,False,0.5586606931069745,-0.6192101658820596,1.177870858989034,19,226,245,aceptada,Predicción con evidencia suficiente.
5,3593,cloud,cloud,frontend,True,0.7097269313380564,-0.6235556457015909,1.3332825770396473,44,236,280,aceptada,Predicción con evidencia suficiente.
5,1351,datascience,datascience,cloud,True,1.9032785675431332,-1.2605631160113682,3.1638416835545016,34,351,385,aceptada,Predicción con evidencia suficiente.
5,4080,frontend,backend,datascience,False,-0.14063797890925123,-0.2100216333609909,0.06938365445173966,35,247,282,revision,Margen de decisión reducido.
5,219,cloud,cloud,datascience,True,0.9720472741245051,-0.2631932166139258,1.235240490738431,13,177,190,aceptada,Predicción con evidencia suficiente.
5,2168,frontend,frontend,datascience,True,0.6918093227799407,-0.7737538228278372,1.4655631456077778,23,290,313,aceptada,Predicción con evidencia suficiente.
5,3602,frontend,frontend,cloud,True,0.7579069624902186,-0.9776608765354617,1.7355678390256803,41,317,358,aceptada,Predicción con evidencia suficiente.
5,2980,backend,backend,cloud,True,0.0710833569976177,-0.6584514494052134,0.7295348064028311,30,308,338,aceptada,Predicción con evidencia suficiente.
5,1962,datascience,datascience,backend,True,1.2258874873610628,-0.9328313081892007,2.1587187955502634,37,378,415,aceptada,Predicción con evidencia suficiente.
5,3928,cloud,frontend,cloud,False,-0.11082459066945674,-0.5154612399600479,0.4046366492905912,19,315,334,revision,Margen de decisión reducido.
5,3622,cloud,cloud,backend,True,-0.030477317547800586,-0.1635113320867203,0.13303401453891972,14,242,256,revision,Margen de decisión reducido.
5,2606,frontend,frontend,backend,True,0.540511161968211,-0.9093073397723318,1.449818501740543,42,351,393,aceptada,Predicción con evidencia suficiente.
5,3255,frontend,frontend,datascience,True,0.8574657926686866,-0.7249094350435713,1.5823752277122578,40,365,405,aceptada,Predicción con evidencia suficiente.
5,36,datascience,datascience,backend,True,-0.1377069327003385,-0.32598114079461527,0.18827420809427675,48,485,533,revision,Margen de decisión reducido.
5,2647,cloud,cloud,datascience,True,0.9647340293463186,-0.5323184913637067,1.4970525207100254,12,170,182,aceptada,Predicción con evidencia suficiente.
5,1591,frontend,frontend,datascience,True,-0.16376620026425315,-0.4088752615994123,0.24510906133515914,26,374,400,revision,Margen de decisión reducido.
5,2343,cloud,cloud,frontend,True,1.2525973319653994,-0.9984775268584605,2.25107485882386,27,400,427,aceptada,Predicción con evidencia suficiente.
5,2722,frontend,frontend,backend,True,0.8131426781617677,-0.4645755363748705,1.2777182145366381,40,350,390,aceptada,Predicción con evidencia suficiente.
5,3520,cloud,cloud,backend,True,1.2220684651776974,-0.8356733905197148,2.057741855697412,31,336,367,aceptada,Predicción con evidencia suficiente.
5,366,backend,backend,cloud,True,0.0015377539301336673,-0.21755335457600372,0.2190911085061374,28,317,345,revision,Margen de decisión reducido.
5,2319,frontend,frontend,backend,True,1.5000575271416412,-1.0507146268688299,2.5507721540104713,35,366,401,aceptada,Predicción con evidencia suficiente.
5,2628,frontend,datascience,frontend,False,-0.22590483899598257,-0.28206745578419634,0.05616261678821377,14,193,207,revision,Margen de decisión reducido.
5,1602,backend,datascience,backend,False,0.33497806459367285,-0.6299737026194696,0.9649517672131425,25,278,303,aceptada,Predicción con evidencia suficiente.
5,3449,datascience,datascience,frontend,True,1.9543098807799817,-1.511855022254262,3.466164903034244,43,381,424,aceptada,Predicción con evidencia suficiente.
5,3481,frontend,frontend,backend,True,0.19134550553177793,-0.42872043978161634,0.6200659453133943,12,258,270,revision,Margen de decisión reducido.
5,1188,frontend,backend,cloud,False,0.5479430374015728,-0.7051547783120846,1.2530978157136574,30,421,451,aceptada,Predicción con evidencia suficiente.
5,2035,cloud,cloud,datascience,True,1.28309578432087,-1.1281561564610787,2.4112519407819484,21,221,242,aceptada,Predicción con evidencia suficiente.
5,25,datascience,datascience,cloud,True,1.1233857538867629,-0.9588405708567594,2.082226324743522,36,292,328,aceptada,Predicción con evidencia suficiente.
5,4185,cloud,backend,cloud,False,-0.23445414437032475,-0.6097835849061813,0.3753294405358566,23,208,231,revision,Margen de decisión reducido.
5,607,backend,backend,cloud,True,1.2125529157293626,-1.176943377072758,2.3894962928021206,22,321,343,aceptada,Predicción con evidencia suficiente.
5,2304,backend,backend,frontend,True,-0.05597803410884894,-0.15482803699296238,0.09885000288411344,22,286,308,revision,Margen de decisión reducido.
5,4397,datascience,datascience,cloud,True,0.7576918869725102,-0.8407136379962884,1.5984055249687987,50,389,439,aceptada,Predicción con evidencia suficiente.
5,853,backend,backend,datascience,True,1.124480795379227,-1.167402311894664,2.291883107273891,43,317,360,aceptada,Predicción con evidencia suficiente.
5,4476,cloud,cloud,backend,True,1.3640042603338616,-1.1826147817006019,2.5466190420344637,27,269,296,aceptada,Predicción con evidencia suficiente.
5,3293,backend,backend,cloud,True,1.1917082723902135,-0.8639809293215932,2.0556892017118065,31,323,354,aceptada,Predicción con evidencia suficiente.
5,1139,datascience,datascience,cloud,True,0.34535362221546073,-0.6608397270568817,1.0061933492723423,19,255,274,aceptada,Predicción con evidencia suficiente.
5,1820,backend,backend,datascience,True,-0.16872195264921663,-0.24225564911665332,0.07353369646743668,25,341,366,revision,Margen de decisión reducido.
5,988,frontend,frontend,backend,True,1.2826977140994509,-0.7710838266831621,2.053781540782613,34,281,315,aceptada,Predicción con evidencia suficiente.
5,3638,datascience,datascience,frontend,True,1.4590149811098052,-0.7087736775753442,2.1677886586851494,34,386,420,aceptada,Predicción con evidencia suficiente.
5,3596,datascience,datascience,backend,True,1.182826538462645,-1.1206720666470793,2.3034986051097244,26,228,254,aceptada,Predicción con evidencia suficiente.
5,997,cloud,cloud,backend,True,1.670853266453864,-0.9035767560694568,2.5744300225233205,39,255,294,aceptada,Predicción con evidencia suficiente.
5,4570,datascience,datascience,cloud,True,1.3015203313575263,-1.1275156320485469,2.429035963406073,16,261,277,aceptada,Predicción con evidencia suficiente.
5,2807,cloud,cloud,frontend,True,0.19479353907186614,-0.41471361384568983,0.609507152917556,24,431,455,revision,Margen de decisión reducido.
5,3742,backend,frontend,backend,False,0.6789403955911217,-0.9399877192848886,1.6189281148760104,43,418,461,aceptada,Predicción con evidencia suficiente.
5,1307,datascience,backend,cloud,False,0.23651438795039614,-0.660948599698666,0.8974629876490622,28,347,375,aceptada,Predicción con evidencia suficiente.
5,2604,backend,backend,frontend,True,0.8312151974423256,-0.5834105283423461,1.4146257257846717,17,416,433,aceptada,Predicción con evidencia suficiente.
5,4556,frontend,frontend,cloud,True,1.090119104339163,-0.839490986369646,1.929610090708809,21,306,327,aceptada,Predicción con evidencia suficiente.
5,3099,backend,backend,datascience,True,0.250444844327421,-0.498402309357622,0.748847153685043,28,324,352,aceptada,Predicción con evidencia suficiente.
5,4127,datascience,datascience,frontend,True,1.1442448554244535,-1.0883380365621498,2.2325828919866035,27,237,264,aceptada,Predicción con evidencia suficiente.
5,249,backend,backend,datascience,True,1.4810689093787932,-1.3924860256285485,2.8735549350073417,37,287,324,aceptada,Predicción con evidencia suficiente.
5,3518,backend,frontend,backend,False,0.20021829717559864,0.165532288974362,0.03468600820123663,37,260,297,revision,Margen de decisión reducido.
5,4242,datascience,datascience,frontend,True,1.4439214257454611,-1.2570589247235802,2.7009803504690413,23,230,253,aceptada,Predicción con evidencia suficiente.
5,2685,frontend,frontend,datascience,True,3.0106433094750393,-1.7305303344531824,4.741173643928222,18,220,238,aceptada,Predicción con evidencia suficiente.
5,3462,backend,backend,datascience,True,0.9730251366554108,-0.759421209245097,1.7324463459005077,12,287,299,aceptada,Predicción con evidencia suficiente.
5,3690,backend,backend,frontend,True,0.9771227827394704,-0.8399061523009754,1.8170289350404458,40,327,367,aceptada,Predicción con evidencia suficiente.
5,2919,frontend,frontend,backend,True,-0.19492552738367158,-0.23236836426504015,0.03744283688136857,14,150,164,revision,Margen de decisión reducido.
5,943,frontend,backend,frontend,False,-0.27228194141415585,-0.4908621502181439,0.21858020880398804,28,267,295,revision,Margen de decisión reducido.
5,1296,datascience,datascience,frontend,True,0.3117563970619963,-0.6544893312975608,0.9662457283595571,35,330,365,aceptada,Predicción con evidencia suficiente.
5,2572,cloud,cloud,frontend,True,0.9831380711927892,-1.0602656494629192,2.0434037206557085,29,211,240,aceptada,Predicción con evidencia suficiente.
5,2120,frontend,frontend,backend,True,0.5835822651439471,-0.24729018943550984,0.8308724545794569,27,269,296,aceptada,Predicción con evidencia suficiente.
5,3353,frontend,frontend,cloud,True,1.3334979131950808,-1.0171137854357708,2.3506116986308516,32,293,325,aceptada,Predicción con evidencia suficiente.
5,1302,frontend,frontend,backend,True,0.20903630355008979,-0.27092213094475487,0.47995843449484465,32,248,280,revision,Margen de decisión reducido.
5,2658,datascience,datascience,frontend,True,1.3198029630156647,-1.1401083464097084,2.4599113094253733,21,291,312,aceptada,Predicción con evidencia suficiente.
5,2575,datascience,datascience,backend,True,0.5216568890974838,-0.3727452245989023,0.894402113696386,33,307,340,aceptada,Predicción con evidencia suficiente.
5,600,backend,frontend,cloud,False,-0.1891294725168669,-0.5228632890056284,0.3337338164887615,21,299,320,revision,Margen de decisión reducido.
5,4105,datascience,datascience,backend,True,0.5371105369976732,-0.8161144990306828,1.353225036028356,26,204,230,aceptada,Predicción con evidencia suficiente.
5,1612,backend,backend,frontend,True,-0.3379177582885695,-0.6053329341193949,0.2674151758308254,30,311,341,revision,Margen de decisión reducido.
5,3653,datascience,datascience,cloud,True,0.5658513572677637,-0.793037754571876,1.3588891118396398,35,339,374,aceptada,Predicción con evidencia suficiente.
5,679,datascience,datascience,frontend,True,1.159624253866015,-0.6107451005675273,1.7703693544335424,22,244,266,aceptada,Predicción con evidencia suficiente.
5,3898,datascience,datascience,backend,True,1.4273805160670818,-1.2797703741914475,2.7071508902585295,23,219,242,aceptada,Predicción con evidencia suficiente.
5,1011,backend,backend,cloud,True,1.424261717633153,-1.29914684884963,2.723408566482783,31,321,352,aceptada,Predicción con evidencia suficiente.
5,1481,backend,frontend,backend,False,-0.0880763296165914,-0.5179543707044326,0.4298780410878412,34,295,329,revision,Margen de decisión reducido.
5,520,datascience,backend,datascience,False,-0.22771297517568923,-0.5055513938778895,0.2778384187022003,44,343,387,revision,Margen de decisión reducido.
5,1590,cloud,cloud,datascience,True,0.4152859339847884,-0.6134403440912595,1.0287262780760478,49,590,639,aceptada,Predicción con evidencia suficiente.
5,3390,backend,frontend,backend,False,0.04558655458157268,-0.518982602062352,0.5645691566439247,12,135,147,revision,Margen de decisión reducido.
5,2473,datascience,datascience,backend,True,1.1629994358948557,-1.1966404666623007,2.3596399025571566,26,223,249,aceptada,Predicción con evidencia suficiente.
5,2183,datascience,datascience,backend,True,1.5956487750248343,-0.9800221802863486,2.5756709553111827,26,204,230,aceptada,Predicción con evidencia suficiente.
5,763,frontend,frontend,datascience,True,2.1188284742684447,-1.1198751360017885,3.238703610270233,28,369,397,aceptada,Predicción con evidencia suficiente.
5,3560,cloud,cloud,datascience,True,0.7064219240225619,-0.49750478089076855,1.2039267049133304,24,285,309,aceptada,Predicción con evidencia suficiente.
5,2574,frontend,frontend,datascience,True,0.8034321803314295,-0.730398982028078,1.5338311623595073,28,399,427,aceptada,Predicción con evidencia suficiente.
5,2598,cloud,cloud,frontend,True,0.46198784819922223,-0.46089156621974436,0.9228794144189666,20,183,203,aceptada,Predicción con evidencia suficiente.
5,3958,datascience,datascience,backend,True,0.13874258507865012,0.08098901794302826,0.05775356713562185,34,321,355,revision,Margen de decisión reducido.
5,4494,cloud,cloud,backend,True,1.7040374618879164,-0.8315178291556761,2.5355552910435923,34,386,420,aceptada,Predicción con evidencia suficiente.
5,3141,cloud,cloud,backend,True,0.22289432112709873,0.09304854676980667,0.12984577435729205,17,245,262,revision,Margen de decisión reducido.
5,2608,backend,cloud,backend,False,0.19467628902225453,-0.2642785034214933,0.4589547924437478,36,444,480,revision,Margen de decisión reducido.
5,3157,backend,cloud,backend,False,-0.16098125577862143,-0.36727336920251813,0.2062921134238967,24,337,361,revision,Margen de decisión reducido.
5,877,backend,backend,cloud,True,0.5414052250143915,-0.6426718938650658,1.1840771188794572,17,214,231,aceptada,Predicción con evidencia suficiente.
5,1169,datascience,datascience,frontend,True,1.2222952228329387,-1.1182564186801982,2.340551641513137,22,253,275,aceptada,Predicción con evidencia suficiente.
5,4516,backend,backend,frontend,True,0.02224025210658287,-0.6647533723214438,0.6869936244280267,35,304,339,aceptada,Predicción con evidencia suficiente.
5,1666,frontend,frontend,datascience,True,0.3298855431022863,-0.8405300400341155,1.1704155831364018,25,254,279,aceptada,Predicción con evidencia suficiente.
5,754,datascience,datascience,cloud,True,1.6802163928722793,-0.935477702560215,2.6156940954324943,20,176,196,aceptada,Predicción con evidencia suficiente.
5,544,frontend,frontend,cloud,True,0.4148865423850054,-0.46568269176028004,0.8805692341452854,8,166,174,revision,Cobertura reducida de características.
5,64,cloud,cloud,backend,True,1.0086900183688332,-0.4331329656400078,1.441822984008841,31,386,417,aceptada,Predicción con evidencia suficiente.
5,1115,frontend,frontend,cloud,True,0.5830933242506564,-0.6762574340990172,1.2593507583496737,15,230,245,aceptada,Predicción con evidencia suficiente.
5,3815,frontend,frontend,backend,True,0.34315560221929825,-0.5990113640330135,0.9421669662523118,14,177,191,aceptada,Predicción con evidencia suficiente.
5,557,backend,backend,datascience,True,0.36552216729520426,-0.5976223580506076,0.9631445253458119,29,311,340,aceptada,Predicción con evidencia suficiente.
5,213,backend,backend,frontend,True,0.030824203911281822,-0.5807902269483695,0.6116144308596513,31,312,343,revision,Margen de decisión reducido.
5,3471,backend,backend,datascience,True,1.7906406281136182,-1.2531033521453196,3.043743980258938,29,336,365,aceptada,Predicción con evidencia suficiente.
5,1951,datascience,backend,datascience,False,-0.25493632066453387,-0.27881262888505487,0.023876308220521003,24,378,402,revision,Margen de decisión reducido.
5,2181,datascience,datascience,backend,True,1.773511155922824,-1.214550341999875,2.988061497922699,27,229,256,aceptada,Predicción con evidencia suficiente.
5,3460,cloud,cloud,backend,True,-0.04752673878532576,-0.3658973688177595,0.31837063003243377,29,426,455,revision,Margen de decisión reducido.
5,2646,cloud,cloud,datascience,True,2.9783534860388357,-1.719835143773869,4.698188629812705,43,395,438,aceptada,Predicción con evidencia suficiente.
5,514,cloud,backend,frontend,False,-0.0902030254813776,-0.20962013501080845,0.11941710952943085,25,423,448,revision,Margen de decisión reducido.
5,1625,frontend,frontend,datascience,True,-0.03866106840065592,-0.6249947620217433,0.5863336936210874,4,65,69,revision,Margen de decisión reducido.
5,1422,backend,backend,datascience,True,1.2187316988076184,-0.5996340953388727,1.8183657941464912,26,436,462,aceptada,Predicción con evidencia suficiente.
5,2537,cloud,cloud,datascience,True,0.5447790504227988,-0.7611784638543869,1.3059575142771858,33,226,259,aceptada,Predicción con evidencia suficiente.
5,504,backend,backend,frontend,True,-0.19692954649391836,-0.6030585025849886,0.40612895609107025,2,161,163,revision,Margen de decisión reducido.
5,1285,cloud,backend,cloud,False,-0.2005787316504798,-0.34444691987305465,0.14386818822257486,31,353,384,revision,Margen de decisión reducido.
5,2407,backend,backend,frontend,True,0.35988032088753674,-0.16110054161250398,0.5209808625000407,26,217,243,revision,Margen de decisión reducido.
5,755,cloud,cloud,frontend,True,0.8357167726922098,-0.5845865086914033,1.420303281383613,22,250,272,aceptada,Predicción con evidencia suficiente.
5,2560,datascience,datascience,frontend,True,1.9817044769594876,-1.220277000365867,3.2019814773253543,28,289,317,aceptada,Predicción con evidencia suficiente.
5,1295,frontend,frontend,cloud,True,1.6227595550169103,-0.5014577777527143,2.1242173327696245,27,329,356,aceptada,Predicción con evidencia suficiente.
5,2518,datascience,datascience,frontend,True,-0.11552307299447528,-0.4726740139364891,0.35715094094201383,33,310,343,revision,Margen de decisión reducido.
5,382,cloud,cloud,frontend,True,-0.28899320567052056,-0.4556595563305597,0.16666635066003915,9,215,224,revision,Margen de decisión reducido.
5,294,backend,backend,frontend,True,1.4406755181167412,-1.0370117511999526,2.477687269316694,24,302,326,aceptada,Predicción con evidencia suficiente.
5,2643,datascience,datascience,frontend,True,0.6069831971475474,-0.5598066652753855,1.166789862422933,22,152,174,revision,Cobertura reducida de características.
5,1503,backend,backend,frontend,True,0.054477363288973124,-0.17021222385935766,0.2246895871483308,33,389,422,revision,Margen de decisión reducido.
5,3903,frontend,frontend,backend,True,0.793270299647522,-0.7200435819374568,1.513313881584979,11,165,176,revision,Cobertura reducida de características.
5,693,cloud,backend,cloud,False,-0.19689671897537098,-0.7070593101324214,0.5101625911570504,26,328,354,revision,Margen de decisión reducido.
5,3117,frontend,frontend,datascience,True,0.9405189029853342,-0.6961539194025961,1.6366728223879303,18,286,304,aceptada,Predicción con evidencia suficiente.
5,2078,cloud,cloud,backend,True,2.8236389924816003,-1.8424637364095795,4.66610272889118,20,247,267,aceptada,Predicción con evidencia suficiente.
5,953,backend,frontend,backend,False,0.5862242920869569,-0.6406765302187649,1.2269008223057218,37,261,298,aceptada,Predicción con evidencia suficiente.
5,1790,datascience,backend,cloud,False,0.9218879287482591,-0.6697814934166559,1.591669422164915,22,368,390,aceptada,Predicción con evidencia suficiente.
5,4507,frontend,frontend,backend,True,0.48968870026276085,-0.6186740009673987,1.1083627012301596,17,245,262,aceptada,Predicción con evidencia suficiente.
5,2590,datascience,datascience,backend,True,1.4592729618870566,-0.7813022383696415,2.240575200256698,22,293,315,aceptada,Predicción con evidencia suficiente.
5,2805,frontend,backend,datascience,False,-0.15187242461272077,-0.47561414749151915,0.3237417228787984,33,310,343,revision,Margen de decisión reducido.
5,1270,frontend,backend,frontend,False,-0.22643986602268829,-0.2477994262386711,0.021359560215982815,25,170,195,revision,Margen de decisión reducido.
5,887,datascience,datascience,cloud,True,1.1852968258401972,-1.130342552888404,2.3156393787286014,19,288,307,aceptada,Predicción con evidencia suficiente.
5,4529,datascience,datascience,frontend,True,1.2333712384873037,-1.0884963343860503,2.321867572873354,20,290,310,aceptada,Predicción con evidencia suficiente.
5,1755,frontend,frontend,datascience,True,2.41310685171234,-1.1895369708926224,3.6026438226049624,41,321,362,aceptada,Predicción con evidencia suficiente.
5,1101,datascience,datascience,frontend,True,1.135429750335846,-1.125847999903021,2.2612777502388672,25,214,239,aceptada,Predicción con evidencia suficiente.
5,1135,datascience,datascience,frontend,True,1.2095314705998463,-1.1926024819924936,2.40213395259234,27,233,260,aceptada,Predicción con evidencia suficiente.
5,1873,backend,backend,frontend,True,1.1628800089444533,-0.8619343536932564,2.0248143626377098,23,259,282,aceptada,Predicción con evidencia suficiente.
5,1104,cloud,cloud,datascience,True,1.0322989679786496,-1.008739454790586,2.0410384227692355,26,288,314,aceptada,Predicción con evidencia suficiente.
5,3713,cloud,cloud,backend,True,0.9234677996827657,-1.1110106488180755,2.0344784485008414,26,418,444,aceptada,Predicción con evidencia suficiente.
5,3929,backend,backend,datascience,True,1.1752221033873518,-1.1256726335062541,2.300894736893606,35,210,245,aceptada,Predicción con evidencia suficiente.
5,3411,backend,backend,cloud,True,-0.17523922138428172,-0.5512227293762147,0.37598350799193303,19,201,220,revision,Margen de decisión reducido.
5,1506,cloud,cloud,datascience,True,1.9856313161927859,-1.500166126867964,3.4857974430607497,35,290,325,aceptada,Predicción con evidencia suficiente.
5,2406,backend,backend,frontend,True,0.9660955821560369,-0.8982705929867627,1.8643661751427996,36,260,296,aceptada,Predicción con evidencia suficiente.
5,2350,backend,backend,datascience,True,0.8996195693990503,-0.638191144082135,1.5378107134811851,33,336,369,aceptada,Predicción con evidencia suficiente.
5,1855,datascience,frontend,datascience,False,0.2784075046260854,-0.5147562182422877,0.793163722868373,26,317,343,aceptada,Predicción con evidencia suficiente.
5,375,backend,frontend,datascience,False,0.22915154790463993,-0.5473372914375716,0.7764888393422116,30,292,322,aceptada,Predicción con evidencia suficiente.
5,1341,frontend,frontend,cloud,True,-0.2491812212978808,-0.39479395127463796,0.14561272997675714,7,205,212,revision,Margen de decisión reducido.
5,3042,cloud,cloud,backend,True,0.17862966973131145,-0.4157555871670505,0.594385256898362,27,367,394,revision,Margen de decisión reducido.
5,3813,cloud,cloud,backend,True,0.1882540262849297,-0.3758416766350419,0.5640957029199716,20,251,271,revision,Margen de decisión reducido.
5,3095,frontend,backend,cloud,False,0.06984240052318325,-0.484749469316583,0.5545918698397663,22,343,365,revision,Margen de decisión reducido.
5,1972,cloud,backend,cloud,False,0.31378624461317095,-0.06261419277837665,0.3764004373915476,34,458,492,revision,Margen de decisión reducido.
5,3465,backend,backend,frontend,True,1.0313607877796447,-0.9881961113044602,2.0195568990841046,35,470,505,aceptada,Predicción con evidencia suficiente.
5,1882,backend,backend,cloud,True,1.1480936153000052,-1.09332568320072,2.241419298500725,24,261,285,aceptada,Predicción con evidencia suficiente.
5,3413,cloud,cloud,backend,True,0.4963556215886241,-0.26971194637489554,0.7660675679635196,30,470,500,aceptada,Predicción con evidencia suficiente.
5,2284,frontend,frontend,backend,True,1.6229365406084988,-0.7709937665186564,2.393930307127155,34,391,425,aceptada,Predicción con evidencia suficiente.
5,3847,cloud,cloud,backend,True,0.23252316282190844,0.11821878231745053,0.1143043805044579,20,234,254,revision,Margen de decisión reducido.
5,3608,datascience,datascience,frontend,True,1.1478003230679432,-1.193622212421526,2.3414225354894693,24,212,236,aceptada,Predicción con evidencia suficiente.
5,154,cloud,datascience,frontend,False,0.04624926303838428,-0.6573544800957658,0.7036037431341501,23,248,271,aceptada,Predicción con evidencia suficiente.
5,917,datascience,cloud,frontend,False,-0.014969927794607929,-0.19883290651452135,0.18386297871991342,22,233,255,revision,Margen de decisión reducido.
5,2034,cloud,cloud,datascience,True,0.30476918191847846,-0.05674350069203504,0.3615126826105135,27,348,375,revision,Margen de decisión reducido.
5,4062,frontend,frontend,backend,True,0.9559674330310097,-0.766465325115005,1.7224327581460148,28,369,397,aceptada,Predicción con evidencia suficiente.
5,1964,frontend,frontend,backend,True,0.16458490932338166,-0.2431228468036335,0.40770775612701515,44,369,413,revision,Margen de decisión reducido.
5,1045,backend,backend,cloud,True,1.348721165908227,-1.1049343420813953,2.4536555079896223,33,254,287,aceptada,Predicción con evidencia suficiente.
5,1238,backend,backend,cloud,True,0.3624758481904977,-0.7701046886451309,1.1325805368356288,24,202,226,aceptada,Predicción con evidencia suficiente.
5,3290,backend,backend,frontend,True,0.49688275798164105,-0.764637450005067,1.261520207986708,34,353,387,aceptada,Predicción con evidencia suficiente.
5,1534,cloud,cloud,frontend,True,1.4929966999371906,-0.9761785024175373,2.469175202354728,14,254,268,aceptada,Predicción con evidencia suficiente.
5,451,cloud,cloud,backend,True,0.8141698870992292,-0.4946382151844468,1.308808102283676,47,342,389,aceptada,Predicción con evidencia suficiente.
5,4388,backend,cloud,backend,False,-0.2210913210183813,-0.22846595334891107,0.007374632330529762,43,386,429,revision,Margen de decisión reducido.
5,648,backend,backend,cloud,True,-0.24751050746581627,-0.45515973281220257,0.2076492253463863,36,326,362,revision,Margen de decisión reducido.
5,3743,backend,backend,cloud,True,0.7120272337291977,-0.6348876021103003,1.346914835839498,27,226,253,aceptada,Predicción con evidencia suficiente.
5,1417,datascience,datascience,frontend,True,1.3669215353950315,-1.2220098418003167,2.5889313771953484,49,339,388,aceptada,Predicción con evidencia suficiente.
5,1384,datascience,datascience,backend,True,0.1458570449108062,-0.5351981913315709,0.6810552362423771,12,195,207,aceptada,Predicción con evidencia suficiente.
5,2415,datascience,datascience,backend,True,1.1726889095796316,-1.2421177483387027,2.4148066579183345,23,231,254,aceptada,Predicción con evidencia suficiente.
5,3192,frontend,frontend,datascience,True,0.9341442434671203,-0.8903442865179806,1.8244885299851008,41,264,305,aceptada,Predicción con evidencia suficiente.
5,417,backend,backend,frontend,True,-0.0661672293745359,-0.2914345211763385,0.2252672918018026,24,207,231,revision,Margen de decisión reducido.
5,239,frontend,frontend,cloud,True,1.1228832082734646,-0.9387734291393144,2.0616566374127787,22,208,230,aceptada,Predicción con evidencia suficiente.
5,3611,datascience,backend,datascience,False,0.07107337396876323,-0.06831973502426414,0.13939310899302737,26,346,372,revision,Margen de decisión reducido.
5,1760,frontend,cloud,datascience,False,-0.10920840544731303,-0.544576378470137,0.43536797302282393,32,268,300,revision,Margen de decisión reducido.
5,1598,datascience,frontend,datascience,False,-0.16455065331949695,-0.40694571785138023,0.24239506453188328,32,333,365,revision,Margen de decisión reducido.
5,4475,datascience,datascience,frontend,True,1.4906556325549358,-1.2868212181135035,2.7774768506684393,25,221,246,aceptada,Predicción con evidencia suficiente.
5,3926,backend,backend,frontend,True,0.3537690520759196,-0.630531203606561,0.9843002556824806,8,167,175,revision,Cobertura reducida de características.
5,4368,datascience,datascience,frontend,True,1.1859016586445947,-1.1784956147050498,2.3643972733496446,24,224,248,aceptada,Predicción con evidencia suficiente.
5,1707,backend,backend,datascience,True,0.6740147235693557,-0.6800782230956464,1.354092946665002,40,391,431,aceptada,Predicción con evidencia suficiente.
5,3821,backend,backend,cloud,True,0.5309743027831801,-0.8513458288324494,1.3823201316156295,13,172,185,aceptada,Predicción con evidencia suficiente.
5,4164,frontend,frontend,cloud,True,0.6015322247968267,-0.21143424057315025,0.8129664653699769,12,191,203,aceptada,Predicción con evidencia suficiente.
5,326,backend,backend,datascience,True,1.052648035757758,-0.8940075573692671,1.946655593127025,35,359,394,aceptada,Predicción con evidencia suficiente.
5,4161,backend,backend,frontend,True,0.0723076286697043,-0.2589116835528311,0.3312193122225354,12,220,232,revision,Margen de decisión reducido.
5,3838,cloud,backend,frontend,False,-0.2478522119469283,-0.4869515040481628,0.23909929210123448,10,326,336,revision,Margen de decisión reducido.
5,2031,backend,backend,cloud,True,0.46980555358812737,-0.6885095432347763,1.1583150968229037,25,307,332,aceptada,Predicción con evidencia suficiente.
5,167,frontend,frontend,backend,True,0.5297764746876588,-0.10895686606964994,0.6387333407573087,12,213,225,revision,Margen de decisión reducido.
5,1879,datascience,datascience,cloud,True,0.021302085142767657,-0.46839268645134713,0.4896947715941148,26,216,242,revision,Margen de decisión reducido.
5,2576,frontend,backend,frontend,False,-0.0034489901787174704,-0.05328509291698397,0.0498361027382665,23,193,216,revision,Margen de decisión reducido.
5,831,cloud,backend,datascience,False,-0.1523714860683948,-0.26735875263859055,0.11498726657019576,15,236,251,revision,Margen de decisión reducido.
5,4155,cloud,cloud,frontend,True,1.3830981314289703,-1.0288519091740527,2.411950040603023,28,343,371,aceptada,Predicción con evidencia suficiente.
5,2466,datascience,datascience,backend,True,1.1898990634662976,-0.9865300467270302,2.176429110193328,41,332,373,aceptada,Predicción con evidencia suficiente.
5,910,frontend,frontend,cloud,True,0.6829895712758238,-0.7186021388803929,1.4015917101562168,25,211,236,aceptada,Predicción con evidencia suficiente.
5,1844,backend,backend,frontend,True,0.9772771973686569,-0.23178338148927213,1.2090605788579292,29,416,445,aceptada,Predicción con evidencia suficiente.
5,4303,cloud,cloud,frontend,True,1.508406456846727,-0.9081803834332001,2.416586840279927,33,350,383,aceptada,Predicción con evidencia suficiente.
5,2245,frontend,frontend,backend,True,0.9060347608156292,-0.8853954372446167,1.7914301980602458,19,241,260,aceptada,Predicción con evidencia suficiente.
5,2095,cloud,cloud,backend,True,0.7047864109315024,-0.7432487283745555,1.4480351393060578,30,347,377,aceptada,Predicción con evidencia suficiente.
5,3790,datascience,backend,cloud,False,-0.034362080692061925,-0.28423821480740397,0.24987613411534204,45,543,588,revision,Margen de decisión reducido.
5,2956,cloud,backend,cloud,False,0.1058844715496211,-0.6233953946153477,0.7292798661649688,38,237,275,aceptada,Predicción con evidencia suficiente.
5,1054,backend,cloud,datascience,False,-0.12044819959845077,-0.3230824031068623,0.20263420350841155,13,235,248,revision,Margen de decisión reducido.
5,3567,datascience,datascience,cloud,True,0.7144724251652859,-0.6842373004774321,1.3987097256427181,24,463,487,aceptada,Predicción con evidencia suficiente.
5,3856,frontend,frontend,backend,True,2.3386428215427344,-1.6491804497767817,3.987823271319516,28,340,368,aceptada,Predicción con evidencia suficiente.
5,4489,cloud,cloud,frontend,True,0.9389444357371654,-0.6614694074970532,1.6004138432342185,17,383,400,aceptada,Predicción con evidencia suficiente.
5,2981,datascience,datascience,backend,True,-0.2899726433262354,-0.34291267444894824,0.05294003112271284,26,324,350,revision,Margen de decisión reducido.
5,2128,frontend,frontend,backend,True,-0.05191162243522218,-0.4315294366575094,0.37961781422228724,16,192,208,revision,Margen de decisión reducido.
5,3860,cloud,cloud,backend,True,0.016657233237821534,-0.31071769225310425,0.3273749254909258,33,323,356,revision,Margen de decisión reducido.
5,2472,backend,backend,frontend,True,0.28116799532943393,-0.828100746147467,1.109268741476901,9,263,272,aceptada,Predicción con evidencia suficiente.
5,2124,cloud,datascience,frontend,False,0.4335756129434143,-0.41122913278276957,0.8448047457261838,26,358,384,aceptada,Predicción con evidencia suficiente.
5,1970,datascience,datascience,frontend,True,1.1693196597317237,-1.3217230168312883,2.491042676563012,28,206,234,aceptada,Predicción con evidencia suficiente.
5,2,cloud,cloud,backend,True,0.26930079861491596,-0.3228802233308536,0.5921810219457695,21,345,366,revision,Margen de decisión reducido.
5,742,frontend,frontend,backend,True,0.0037799748635187758,-0.46968122570473053,0.4734612005682493,13,240,253,revision,Margen de decisión reducido.
5,3119,backend,backend,datascience,True,0.3519462782073606,-0.0949598124745763,0.4469060906819369,37,378,415,revision,Margen de decisión reducido.
5,210,datascience,datascience,frontend,True,1.4266061648206043,-1.2424996072807177,2.669105772101322,40,362,402,aceptada,Predicción con evidencia suficiente.
5,667,datascience,datascience,frontend,True,1.274374051177329,-1.1849817601596333,2.4593558113369625,28,221,249,aceptada,Predicción con evidencia suficiente.
5,1113,datascience,datascience,backend,True,1.1909904395517787,-1.1991450624440656,2.3901355019958443,26,229,255,aceptada,Predicción con evidencia suficiente.
5,2982,frontend,cloud,frontend,False,-0.4329983600563825,-0.5219727907796913,0.0889744307233088,31,301,332,revision,Margen de decisión reducido.
5,3046,frontend,frontend,datascience,True,0.7494953373142696,-0.3022470770428278,1.0517424143570975,14,150,164,revision,Cobertura reducida de características.
5,46,cloud,cloud,datascience,True,1.7202021443802749,-1.3199128790563954,3.0401150234366705,20,223,243,aceptada,Predicción con evidencia suficiente.
5,4159,datascience,datascience,cloud,True,1.2913662885738941,-0.15542488830778012,1.4467911768816744,35,264,299,aceptada,Predicción con evidencia suficiente.
5,4328,backend,backend,cloud,True,0.6938726599009122,-0.6914018888768387,1.385274548777751,35,328,363,aceptada,Predicción con evidencia suficiente.
5,3033,frontend,frontend,backend,True,0.39429214116891637,-0.6693368870427955,1.0636290282117118,2,26,28,revision,Cobertura reducida de características.
5,2682,datascience,datascience,frontend,True,1.0709402116415017,-1.1293281942758564,2.200268405917358,27,237,264,aceptada,Predicción con evidencia suficiente.
5,78,cloud,cloud,backend,True,0.9484863986438189,-0.6842707562234809,1.6327571548672997,35,300,335,aceptada,Predicción con evidencia suficiente.
5,951,frontend,frontend,cloud,True,0.08107454856460067,-0.4805836874313593,0.56165823599596,7,97,104,revision,Margen de decisión reducido.
5,4206,cloud,cloud,datascience,True,1.3013327394880014,-1.0844595744951164,2.385792313983118,27,331,358,aceptada,Predicción con evidencia suficiente.
5,345,backend,backend,frontend,True,0.4730154775655886,-0.07715306855114298,0.5501685461167316,31,309,340,revision,Margen de decisión reducido.
5,3209,cloud,cloud,backend,True,1.3405935373383846,-1.128406457233494,2.4689999945718784,36,265,301,aceptada,Predicción con evidencia suficiente.
5,2963,datascience,cloud,backend,False,-0.4601456462966229,-0.5494229400039712,0.08927729370734827,16,279,295,revision,Margen de decisión reducido.
5,2140,frontend,backend,datascience,False,0.8824573044387125,-0.739439604763406,1.6218969092021185,13,135,148,revision,Cobertura reducida de características.
5,2222,frontend,frontend,backend,True,0.18123300614730964,-0.4676780013682623,0.648911007515572,27,285,312,aceptada,Predicción con evidencia suficiente.
5,316,cloud,cloud,backend,True,0.6285425871800049,-0.8255548533361694,1.4540974405161742,17,257,274,aceptada,Predicción con evidencia suficiente.
5,1902,cloud,cloud,frontend,True,1.799690097825259,-1.1647517929737667,2.9644418907990255,23,372,395,aceptada,Predicción con evidencia suficiente.
5,4101,cloud,cloud,datascience,True,1.925199272636049,-1.3371329047859177,3.2623321774219667,21,292,313,aceptada,Predicción con evidencia suficiente.
5,3676,backend,backend,datascience,True,1.6084152359295252,-0.3900162686447181,1.9984315045742433,51,347,398,aceptada,Predicción con evidencia suficiente.
5,2837,backend,backend,cloud,True,1.1377602562179094,-1.0492356738816286,2.1869959300995383,33,354,387,aceptada,Predicción con evidencia suficiente.
5,2313,backend,backend,datascience,True,1.3133202627649219,-0.6626372662949505,1.9759575290598723,34,313,347,aceptada,Predicción con evidencia suficiente.
5,373,frontend,frontend,datascience,True,1.5588993935426565,-1.3202146416843514,2.879114035227008,15,236,251,aceptada,Predicción con evidencia suficiente.
5,2498,frontend,frontend,backend,True,1.1146651211388163,-0.7158543672703612,1.8305194884091776,24,343,367,aceptada,Predicción con evidencia suficiente.
5,3207,backend,backend,cloud,True,-0.05487545892196777,-0.19436158143464144,0.13948612251267367,16,270,286,revision,Margen de decisión reducido.
5,2071,backend,backend,datascience,True,0.6628929347334962,-0.5814294948153542,1.2443224295488504,46,493,539,aceptada,Predicción con evidencia suficiente.
5,4568,datascience,cloud,frontend,False,-0.0806571055754518,-0.3966563030882264,0.3159991975127746,23,309,332,revision,Margen de decisión reducido.
5,473,cloud,cloud,datascience,True,1.1075461684211354,-1.1183533865826218,2.2258995550037572,27,156,183,aceptada,Predicción con evidencia suficiente.
5,2942,cloud,cloud,datascience,True,1.262657906189776,-0.8624517727953597,2.125109678985136,27,338,365,aceptada,Predicción con evidencia suficiente.
5,3908,frontend,frontend,cloud,True,1.1580819073012505,-1.0092656139539677,2.167347521255218,19,227,246,aceptada,Predicción con evidencia suficiente.
5,1547,backend,frontend,backend,False,-0.25054537956299844,-0.510887663467954,0.26034228390495556,17,205,222,revision,Margen de decisión reducido.
5,1383,backend,backend,frontend,True,0.7037334857042348,-0.3109090548915339,1.0146425405957686,20,291,311,aceptada,Predicción con evidencia suficiente.
5,1690,frontend,frontend,backend,True,0.7552230392998958,-0.7916539115076542,1.54687695080755,24,329,353,aceptada,Predicción con evidencia suficiente.
5,3532,backend,frontend,backend,False,1.0631588783323365,-0.9582898191472469,2.0214486974795833,26,272,298,aceptada,Predicción con evidencia suficiente.
5,4102,cloud,cloud,datascience,True,-0.20958820967333802,-0.5778344927640331,0.36824628309069507,3,211,214,revision,Margen de decisión reducido.
5,1010,cloud,frontend,cloud,False,-0.24956845237683967,-0.4970178795334411,0.24744942715660145,19,257,276,revision,Margen de decisión reducido.
5,3923,datascience,datascience,backend,True,-0.3502871727681954,-0.4491768283214872,0.09888965555329182,30,285,315,revision,Margen de decisión reducido.
5,4426,datascience,datascience,cloud,True,1.2077286004317678,-1.1389143554284082,2.346642955860176,57,435,492,aceptada,Predicción con evidencia suficiente.
5,351,cloud,cloud,backend,True,1.5340331507911213,-1.2084177144896056,2.742450865280727,31,293,324,aceptada,Predicción con evidencia suficiente.
5,3876,cloud,cloud,datascience,True,1.33067931106496,-1.0795180939994504,2.4101974050644106,20,168,188,aceptada,Predicción con evidencia suficiente.
5,2032,frontend,frontend,backend,True,0.012284279711886226,-0.6692198926859794,0.6815041723978656,9,171,180,aceptada,Predicción con evidencia suficiente.
5,4378,cloud,cloud,backend,True,-0.0534978243685742,-0.5876230984106299,0.5341252740420557,13,189,202,revision,Margen de decisión reducido.
5,4335,datascience,datascience,backend,True,1.9159015733136435,-1.448488920824119,3.3643904941377625,26,203,229,aceptada,Predicción con evidencia suficiente.
5,1705,backend,backend,cloud,True,0.8461812892154654,-0.48421965043740045,1.3304009396528658,19,412,431,aceptada,Predicción con evidencia suficiente.
5,2147,frontend,frontend,datascience,True,1.0074564876203065,-1.0614657957548452,2.0689222833751515,18,231,249,aceptada,Predicción con evidencia suficiente.
5,3691,cloud,cloud,datascience,True,0.13227197940186064,-0.4686956982631089,0.6009676776649695,5,244,249,revision,Margen de decisión reducido.
5,2599,cloud,backend,cloud,False,0.41320000381874666,-0.6591170452195162,1.0723170490382627,39,373,412,aceptada,Predicción con evidencia suficiente.
5,1925,datascience,datascience,backend,True,1.5348362059966743,-1.2059195132266867,2.740755719223361,26,202,228,aceptada,Predicción con evidencia suficiente.
5,289,frontend,frontend,backend,True,0.06337881849793264,-0.35791523430590394,0.4212940528038366,10,192,202,revision,Margen de decisión reducido.
5,3164,cloud,backend,cloud,False,0.3514443396318865,-0.570669488470759,0.9221138281026455,18,287,305,aceptada,Predicción con evidencia suficiente.
5,513,backend,backend,frontend,True,0.23862987221155896,-0.6697639105908142,0.9083937828023732,31,307,338,aceptada,Predicción con evidencia suficiente.
5,3443,backend,frontend,backend,False,-0.05420840990271647,-0.5525222301380828,0.4983138202353663,22,304,326,revision,Margen de decisión reducido.
5,1434,frontend,frontend,datascience,True,0.4824759704839576,-0.4958144125949787,0.9782903830789362,18,162,180,aceptada,Predicción con evidencia suficiente.
5,571,frontend,frontend,backend,True,0.1695588695456129,-0.4079636596189238,0.5775225291645367,52,329,381,revision,Margen de decisión reducido.
5,3486,backend,cloud,backend,False,2.149810873430579,-1.4989774694836648,3.648788342914244,34,380,414,aceptada,Predicción con evidencia suficiente.
5,2380,datascience,datascience,backend,True,2.236730997450658,-0.9355118244838865,3.1722428219345447,42,299,341,aceptada,Predicción con evidencia suficiente.
5,4068,frontend,frontend,datascience,True,3.404745360501054,-1.7398760892898282,5.144621449790883,21,258,279,aceptada,Predicción con evidencia suficiente.
5,3613,backend,backend,frontend,True,1.5124453392108665,-0.9785244394491039,2.4909697786599705,33,251,284,aceptada,Predicción con evidencia suficiente.
5,824,backend,frontend,backend,False,0.05598653862970049,-0.014419578442111947,0.07040611707181244,40,278,318,revision,Margen de decisión reducido.
5,570,datascience,datascience,frontend,True,0.8011650392943217,-0.5545468088830974,1.355711848177419,34,355,389,aceptada,Predicción con evidencia suficiente.
5,3461,datascience,datascience,frontend,True,1.5937579495234178,-1.2992638957925233,2.893021845315941,26,210,236,aceptada,Predicción con evidencia suficiente.
5,987,datascience,datascience,backend,True,1.7746447734605275,-1.4547364056575582,3.2293811791180858,21,255,276,aceptada,Predicción con evidencia suficiente.
5,2887,frontend,frontend,datascience,True,0.43700446424013567,-0.27992457198670606,0.7169290362268417,22,283,305,aceptada,Predicción con evidencia suficiente.
5,4560,frontend,frontend,cloud,True,0.5196015139608794,-0.741111377881722,1.2607128918426014,13,160,173,revision,Cobertura reducida de características.
5,3842,cloud,cloud,backend,True,1.0253915475028772,-0.9168787309757696,1.9422702784786468,22,192,214,aceptada,Predicción con evidencia suficiente.
5,666,datascience,datascience,backend,True,-0.2173220562512851,-0.4033780720790881,0.186056015827803,22,387,409,revision,Margen de decisión reducido.
5,2052,backend,backend,frontend,True,-0.12720249102413705,-0.30856430755220193,0.18136181652806488,23,271,294,revision,Margen de decisión reducido.
5,3909,frontend,frontend,backend,True,1.2962512011462461,-1.0742245590276736,2.3704757601739197,9,215,224,aceptada,Predicción con evidencia suficiente.
5,3370,backend,backend,datascience,True,1.816588648673216,-1.4036227417265634,3.220211390399779,40,335,375,aceptada,Predicción con evidencia suficiente.
5,3878,cloud,cloud,backend,True,1.846783973512634,-1.2916391501615136,3.1384231236741478,13,236,249,aceptada,Predicción con evidencia suficiente.
5,2853,cloud,backend,cloud,False,-0.25174878101293563,-0.2866321658221002,0.034883384809164586,27,269,296,revision,Margen de decisión reducido.
5,3984,frontend,frontend,backend,True,0.5234334114640204,-0.5629819344451241,1.0864153459091446,22,332,354,aceptada,Predicción con evidencia suficiente.
5,1641,backend,backend,cloud,True,0.4720341097892711,-0.4658540471391987,0.9378881569284698,35,298,333,aceptada,Predicción con evidencia suficiente.
5,860,cloud,frontend,backend,False,-0.008460631234172677,-0.3768613635717025,0.36840073233752985,34,405,439,revision,Margen de decisión reducido.
5,384,frontend,frontend,datascience,True,1.0409916695962647,-0.6152517470655718,1.6562434166618365,25,368,393,aceptada,Predicción con evidencia suficiente.
5,3825,cloud,cloud,datascience,True,0.5372699674310734,-0.7421397987728525,1.2794097662039259,10,202,212,aceptada,Predicción con evidencia suficiente.
5,2305,backend,backend,cloud,True,0.6934669040181127,-0.5580281938631656,1.2514950978812784,33,296,329,aceptada,Predicción con evidencia suficiente.
5,43,datascience,cloud,datascience,False,0.648850716705614,-0.46345825481635394,1.1123089715219678,18,323,341,aceptada,Predicción con evidencia suficiente.
5,397,backend,backend,datascience,True,0.8153452996274166,-0.7893955885107448,1.6047408881381613,37,366,403,aceptada,Predicción con evidencia suficiente.
5,492,datascience,datascience,cloud,True,0.08881858885953264,-0.32753246678446407,0.4163510556439967,15,283,298,revision,Margen de decisión reducido.
5,4292,backend,backend,datascience,True,0.8378681165346213,-1.0408031422029447,1.878671258737566,31,231,262,aceptada,Predicción con evidencia suficiente.
5,4291,datascience,datascience,backend,True,1.1373999324709363,-0.6626176073897713,1.8000175398607077,39,409,448,aceptada,Predicción con evidencia suficiente.
5,22,backend,datascience,cloud,False,-0.4668725477707013,-0.5542748676782568,0.08740231990755554,7,148,155,revision,Margen de decisión reducido.
5,4376,frontend,frontend,datascience,True,0.7632197138542234,-0.7170772940443215,1.480297007898545,33,372,405,aceptada,Predicción con evidencia suficiente.
5,823,cloud,cloud,datascience,True,0.9918527542970145,-0.7610092496244709,1.7528620039214853,11,128,139,revision,Cobertura reducida de características.
5,1858,frontend,frontend,cloud,True,0.33359823945017547,-0.8527368931200021,1.1863351325701776,27,296,323,aceptada,Predicción con evidencia suficiente.
5,1300,datascience,cloud,datascience,False,-0.25504874903382,-0.4475742983565929,0.19252554932277288,48,509,557,revision,Margen de decisión reducido.
5,2116,frontend,frontend,cloud,True,0.5065259679755647,-0.62609004698256,1.1326160149581246,41,214,255,aceptada,Predicción con evidencia suficiente.
5,3403,datascience,datascience,cloud,True,1.3406006378297008,-0.8791269924081161,2.219727630237817,27,278,305,aceptada,Predicción con evidencia suficiente.
5,2657,frontend,frontend,cloud,True,1.3191999775246221,-1.0399975045432286,2.3591974820678505,30,459,489,aceptada,Predicción con evidencia suficiente.
5,2426,frontend,frontend,cloud,True,1.3314707352891235,-0.36319666912495535,1.6946674044140788,31,261,292,aceptada,Predicción con evidencia suficiente.
5,793,datascience,datascience,backend,True,1.2211617684748854,-1.0657846056379174,2.286946374112803,23,283,306,aceptada,Predicción con evidencia suficiente.
5,1141,cloud,cloud,backend,True,0.6882875998922972,-0.8876555723516637,1.575943172243961,23,322,345,aceptada,Predicción con evidencia suficiente.
5,3156,datascience,datascience,cloud,True,0.6609122251420381,-0.21210155123503105,0.8730137763770691,32,341,373,aceptada,Predicción con evidencia suficiente.
5,1184,frontend,frontend,datascience,True,2.0701671447462875,-1.2834168758628868,3.3535840206091745,26,305,331,aceptada,Predicción con evidencia suficiente.
5,1872,datascience,datascience,backend,True,-0.23163966771109967,-0.4106591718613039,0.17901950415020423,25,290,315,revision,Margen de decisión reducido.
5,4114,frontend,frontend,datascience,True,1.3141417918102263,-1.2181182309159655,2.5322600227261916,19,183,202,aceptada,Predicción con evidencia suficiente.
5,3766,cloud,cloud,backend,True,0.5729873862535234,-0.8272650078571324,1.4002523941106557,25,200,225,aceptada,Predicción con evidencia suficiente.
5,3222,frontend,frontend,backend,True,0.2576968588897824,-0.39717871886585077,0.6548755777556332,40,290,330,aceptada,Predicción con evidencia suficiente.
5,215,backend,backend,frontend,True,0.263839976750738,-0.5911640187672345,0.8550039955179725,16,262,278,aceptada,Predicción con evidencia suficiente.
5,364,cloud,cloud,frontend,True,0.1591706669428954,-0.7809977843655077,0.9401684513084031,24,381,405,aceptada,Predicción con evidencia suficiente.
5,3604,datascience,datascience,frontend,True,1.4884558425883085,-1.2591993926407512,2.7476552352290597,23,214,237,aceptada,Predicción con evidencia suficiente.
5,4531,datascience,datascience,frontend,True,1.7688698480614593,-1.4658387894499236,3.2347086375113827,22,211,233,aceptada,Predicción con evidencia suficiente.
5,2042,datascience,datascience,frontend,True,1.1134682870239585,-1.1979586722958055,2.311426959319764,26,230,256,aceptada,Predicción con evidencia suficiente.
5,2125,cloud,frontend,datascience,False,0.3758971884177256,-0.3841879840541763,0.760085172471902,27,345,372,aceptada,Predicción con evidencia suficiente.
5,2862,backend,backend,cloud,True,-0.3073082200204126,-0.32126824754912287,0.013960027528710284,1,4,5,revision,Margen de decisión reducido.
5,2224,backend,backend,frontend,True,-0.2130377440883905,-0.22019454466101746,0.0071568005726269646,28,328,356,revision,Margen de decisión reducido.
5,2702,frontend,frontend,datascience,True,1.1785141454762935,-0.8624182469714151,2.0409323924477087,48,294,342,aceptada,Predicción con evidencia suficiente.
5,314,datascience,backend,datascience,False,-0.21576737855457118,-0.4723201616028289,0.25655278304825774,22,351,373,revision,Margen de decisión reducido.
5,1845,frontend,frontend,datascience,True,0.7987449941808615,-1.0286827100601583,1.8274277042410199,33,287,320,aceptada,Predicción con evidencia suficiente.
5,3540,datascience,datascience,cloud,True,1.2788486718328524,-1.2365798799260743,2.5154285517589265,21,280,301,aceptada,Predicción con evidencia suficiente.
5,1631,frontend,frontend,cloud,True,0.4020016687754618,-0.7411728245006177,1.1431744932760795,25,259,284,aceptada,Predicción con evidencia suficiente.
5,1865,datascience,datascience,backend,True,1.0827972392763807,-1.0796055688692205,2.1624028081456013,30,322,352,aceptada,Predicción con evidencia suficiente.
5,4098,cloud,cloud,frontend,True,0.8478796256224427,-0.7598577305237668,1.6077373561462096,26,395,421,aceptada,Predicción con evidencia suficiente.
5,1165,cloud,cloud,frontend,True,2.060762104133477,-1.1667536604431563,3.2275157645766335,31,340,371,aceptada,Predicción con evidencia suficiente.
5,2698,backend,backend,cloud,True,0.2841418494950332,0.14249603637852248,0.1416458131165107,24,356,380,revision,Margen de decisión reducido.
5,1736,frontend,frontend,datascience,True,3.7770212285472504,-1.8834428926269506,5.660464121174201,38,403,441,aceptada,Predicción con evidencia suficiente.
5,1375,backend,backend,datascience,True,0.8482800188727218,-0.464391652005991,1.3126716708787127,40,395,435,aceptada,Predicción con evidencia suficiente.
5,577,frontend,frontend,cloud,True,1.1928959262073744,-0.21903387343082725,1.4119297996382016,19,330,349,aceptada,Predicción con evidencia suficiente.
5,1946,datascience,datascience,backend,True,0.6001044851180235,-0.7300596946446627,1.3301641797626862,25,359,384,aceptada,Predicción con evidencia suficiente.
5,1817,datascience,datascience,backend,True,0.6841933185438724,-0.8049645065165413,1.4891578250604138,23,247,270,aceptada,Predicción con evidencia suficiente.
5,203,backend,backend,frontend,True,0.5084510396402642,-0.6897893804175492,1.1982404200578134,10,291,301,aceptada,Predicción con evidencia suficiente.
5,141,cloud,cloud,datascience,True,1.5986093812305828,-1.186624925426602,2.785234306657185,28,300,328,aceptada,Predicción con evidencia suficiente.
5,680,frontend,frontend,backend,True,0.9655934407483961,-0.4307392132931508,1.3963326540415468,3,160,163,revision,Cobertura reducida de características.
5,3060,frontend,frontend,backend,True,0.038282700765804534,-0.27267323967498064,0.3109559404407852,28,306,334,revision,Margen de decisión reducido.
5,4514,datascience,datascience,backend,True,1.2681309847774114,-1.2662166016030771,2.5343475863804885,26,230,256,aceptada,Predicción con evidencia suficiente.
5,463,cloud,cloud,datascience,True,0.6750989364471448,-0.8974251245667378,1.5725240610138826,28,308,336,aceptada,Predicción con evidencia suficiente.
5,1333,backend,backend,frontend,True,0.6146034660083783,-0.041977110404661955,0.6565805764130404,8,149,157,revision,Cobertura reducida de características.
5,297,cloud,cloud,backend,True,1.5971934599093993,-1.5020195109856462,3.0992129708950458,29,288,317,aceptada,Predicción con evidencia suficiente.
5,2651,cloud,backend,cloud,False,0.15816210925637875,-0.24763280964098577,0.4057949188973645,31,290,321,revision,Margen de decisión reducido.
5,3620,backend,backend,frontend,True,-0.03354478490887458,-0.07834437165213637,0.04479958674326179,34,515,549,revision,Margen de decisión reducido.
5,3299,cloud,cloud,backend,True,1.6179297785209656,-1.2505312595116154,2.868461038032581,23,418,441,aceptada,Predicción con evidencia suficiente.
5,2242,backend,backend,datascience,True,1.4209852001656285,-1.219375363761535,2.6403605639271635,41,251,292,aceptada,Predicción con evidencia suficiente.
5,4413,cloud,cloud,backend,True,0.06502009773157402,-0.3469390438530125,0.4119591415845865,49,386,435,revision,Margen de decisión reducido.
5,2171,cloud,frontend,backend,False,-0.19165700474673564,-0.2279966150754813,0.036339610328745664,12,215,227,revision,Margen de decisión reducido.
5,1849,frontend,frontend,backend,True,0.2876676808879843,-0.12412196352902283,0.4117896444170071,8,157,165,revision,Margen de decisión reducido.
5,4249,cloud,cloud,backend,True,-0.25865224164023554,-0.7256943798806801,0.46704213824044455,2,25,27,revision,Margen de decisión reducido.
5,1420,frontend,cloud,frontend,False,-0.3645370472325886,-0.3962561577100323,0.03171911047744369,14,205,219,revision,Margen de decisión reducido.
5,293,backend,backend,frontend,True,0.7889798589321657,-0.8453870056038499,1.6343668645360157,33,316,349,aceptada,Predicción con evidencia suficiente.
5,3152,cloud,cloud,datascience,True,0.012898642636723356,-0.6172890105569319,0.6301876531936552,17,250,267,revision,Margen de decisión reducido.
5,1495,frontend,backend,frontend,False,-0.11854330631525789,-0.22728603894487398,0.10874273262961609,23,233,256,revision,Margen de decisión reducido.
5,2927,datascience,datascience,cloud,True,0.7153676112410434,-0.7702148405633036,1.485582451804347,3,153,156,revision,Cobertura reducida de características.
5,3259,frontend,frontend,backend,True,1.207043214863344,-0.8447052027843703,2.0517484176477145,15,167,182,aceptada,Predicción con evidencia suficiente.
5,2084,cloud,cloud,backend,True,0.7266839188212187,-0.8742258508307793,1.600909769651998,48,303,351,aceptada,Predicción con evidencia suficiente.
5,2990,datascience,datascience,backend,True,1.5611588060477994,-1.2657844335904516,2.826943239638251,23,209,232,aceptada,Predicción con evidencia suficiente.
5,727,backend,backend,datascience,True,1.343004637352513,-1.0676508388697201,2.4106554762222334,37,305,342,aceptada,Predicción con evidencia suficiente.
5,1918,frontend,frontend,datascience,True,1.8458975661496415,-1.0911513034765237,2.937048869626165,41,312,353,aceptada,Predicción con evidencia suficiente.
5,3797,cloud,cloud,backend,True,0.8719727148085975,-1.004691917399904,1.8766646322085014,20,306,326,aceptada,Predicción con evidencia suficiente.
5,3059,cloud,cloud,datascience,True,0.23334778524395772,-0.5146453526828446,0.7479931379268023,14,183,197,aceptada,Predicción con evidencia suficiente.
5,2327,backend,backend,cloud,True,-0.056914954344101765,-0.5858368078075619,0.5289218534634601,26,309,335,revision,Margen de decisión reducido.
5,3311,backend,backend,cloud,True,0.5378548382688051,-0.6191515298136294,1.1570063680824345,10,199,209,aceptada,Predicción con evidencia suficiente.
5,2903,datascience,datascience,cloud,True,1.28268284083732,-1.1136598944455218,2.396342735282842,59,435,494,aceptada,Predicción con evidencia suficiente.
5,3058,cloud,datascience,cloud,False,0.010366020726413572,-0.30767112918421236,0.3180371499106259,20,235,255,revision,Margen de decisión reducido.
5,2999,backend,backend,frontend,True,0.608759888816349,-0.6882978682172722,1.2970577570336213,24,354,378,aceptada,Predicción con evidencia suficiente.
5,93,datascience,backend,frontend,False,-0.07149722719352125,-0.5069753848513011,0.43547815765777986,35,315,350,revision,Margen de decisión reducido.
5,3027,frontend,frontend,datascience,True,0.9051269078022404,-0.506928234679163,1.4120551424814034,27,240,267,aceptada,Predicción con evidencia suficiente.
5,1400,frontend,datascience,cloud,False,0.05094128763329686,-0.44780759762254496,0.4987488852558418,10,190,200,revision,Margen de decisión reducido.
5,1726,backend,backend,cloud,True,0.9215583357549972,-0.8142963946958603,1.7358547304508576,25,353,378,aceptada,Predicción con evidencia suficiente.
5,4048,frontend,frontend,cloud,True,2.3817749304857263,-1.2920498447017867,3.673824775187513,20,230,250,aceptada,Predicción con evidencia suficiente.
5,4345,backend,backend,frontend,True,0.8434634126271292,-0.8406196146648162,1.6840830272919454,30,446,476,aceptada,Predicción con evidencia suficiente.
5,3140,frontend,backend,frontend,False,0.06131828219881319,0.03443611447558853,0.02688216772322466,22,304,326,revision,Margen de decisión reducido.
5,3756,datascience,datascience,frontend,True,1.8072107123867136,-1.4907171309999638,3.2979278433866774,23,221,244,aceptada,Predicción con evidencia suficiente.
5,3582,frontend,frontend,backend,True,0.5689604542550146,-0.5533372259455802,1.1222976802005948,27,278,305,aceptada,Predicción con evidencia suficiente.
5,518,cloud,cloud,frontend,True,1.196504938935837,-0.9587602354155536,2.1552651743513906,27,409,436,aceptada,Predicción con evidencia suficiente.
5,4395,cloud,cloud,frontend,True,0.4629463632734986,-1.1924436440819788,1.6553900073554773,27,342,369,aceptada,Predicción con evidencia suficiente.
5,132,datascience,datascience,backend,True,1.2802224117552305,-1.1469369609199753,2.427159372675206,27,226,253,aceptada,Predicción con evidencia suficiente.
5,2872,frontend,frontend,cloud,True,0.5288427767050787,-0.7286343081865927,1.2574770848916714,38,363,401,aceptada,Predicción con evidencia suficiente.
5,2110,backend,backend,frontend,True,1.5273392327899273,-1.1561134225343543,2.683452655324282,31,265,296,aceptada,Predicción con evidencia suficiente.
5,1329,datascience,datascience,frontend,True,1.2574731675795516,-1.1624083112739148,2.4198814788534664,19,262,281,aceptada,Predicción con evidencia suficiente.
5,1037,frontend,frontend,datascience,True,0.4931262055717098,-0.6411237519866175,1.1342499575583274,31,335,366,aceptada,Predicción con evidencia suficiente.
5,4295,backend,backend,frontend,True,0.7493621835616284,-0.6797040001324348,1.4290661836940632,19,350,369,aceptada,Predicción con evidencia suficiente.
5,2797,backend,backend,frontend,True,0.008383827767588059,-0.3843478358854625,0.39273166365305057,22,321,343,revision,Margen de decisión reducido.
5,3546,datascience,datascience,cloud,True,0.2401322572652027,-0.012713107536325374,0.2528453648015281,34,305,339,revision,Margen de decisión reducido.
5,3850,backend,cloud,datascience,False,0.031896145304023626,-0.66961108366561,0.7015072289696336,32,265,297,aceptada,Predicción con evidencia suficiente.
5,4386,cloud,cloud,backend,True,0.6379987884755766,-0.8516841644105211,1.4896829528860978,15,226,241,aceptada,Predicción con evidencia suficiente.
5,3240,frontend,frontend,backend,True,0.4544257077796278,-0.44550911649192315,0.899934824271551,35,267,302,aceptada,Predicción con evidencia suficiente.
5,970,cloud,cloud,datascience,True,1.3349318215655597,-0.8047205336622392,2.139652355227799,28,276,304,aceptada,Predicción con evidencia suficiente.
5,527,cloud,cloud,backend,True,0.2195964086071308,-0.7567413429311317,0.9763377515382625,27,350,377,aceptada,Predicción con evidencia suficiente.
5,3491,datascience,datascience,backend,True,1.709324844133084,-1.330447933663717,3.039772777796801,24,229,253,aceptada,Predicción con evidencia suficiente.
5,2930,cloud,cloud,backend,True,0.7474766181706874,-0.5394801868583962,1.2869568050290836,40,296,336,aceptada,Predicción con evidencia suficiente.
5,2970,backend,backend,frontend,True,0.14075190085550526,0.058260932483032324,0.08249096837247294,14,185,199,revision,Margen de decisión reducido.
5,2802,backend,backend,frontend,True,1.1654661271061777,-0.6399987617150995,1.8054648888212772,19,165,184,aceptada,Predicción con evidencia suficiente.
5,1397,cloud,cloud,backend,True,1.2662765871003314,-0.8073928871960385,2.07366947429637,33,311,344,aceptada,Predicción con evidencia suficiente.
5,869,datascience,datascience,backend,True,0.8699331328827171,-0.9629801525017812,1.8329132853844983,37,382,419,aceptada,Predicción con evidencia suficiente.
5,4104,cloud,backend,datascience,False,-0.3200658134615154,-0.33896800881248,0.0189021953509646,37,366,403,revision,Margen de decisión reducido.
5,92,backend,backend,datascience,True,1.0492096695428252,-0.649874984798431,1.6990846543412563,25,277,302,aceptada,Predicción con evidencia suficiente.
5,1574,datascience,datascience,backend,True,0.9911473348609399,-0.7786991145055039,1.7698464493664439,20,241,261,aceptada,Predicción con evidencia suficiente.
5,4373,datascience,datascience,cloud,True,0.8162777688599054,-0.5815535466557968,1.3978313155157023,22,369,391,aceptada,Predicción con evidencia suficiente.
5,1315,backend,backend,cloud,True,0.295131807713209,-0.28053857469719345,0.5756703824104025,30,262,292,revision,Margen de decisión reducido.
5,2591,frontend,frontend,datascience,True,0.26376816626032035,-0.6217149117368383,0.8854830779971588,25,305,330,aceptada,Predicción con evidencia suficiente.
5,3412,frontend,frontend,cloud,True,-0.3086551202336441,-0.4126182546438927,0.10396313441024857,33,438,471,revision,Margen de decisión reducido.
5,90,backend,frontend,backend,False,0.04803766420283134,-0.28345451534724336,0.3314921795500747,24,217,241,revision,Margen de decisión reducido.
5,105,datascience,datascience,frontend,True,1.344750843335043,-1.2244365854561416,2.5691874287911847,28,233,261,aceptada,Predicción con evidencia suficiente.
5,4534,backend,frontend,backend,False,-0.265783696465611,-0.32398757450422544,0.05820387803861443,28,388,416,revision,Margen de decisión reducido.
5,2277,frontend,frontend,cloud,True,0.19395749796836637,0.10997931092168811,0.08397818704667825,14,181,195,revision,Margen de decisión reducido.
5,2372,cloud,cloud,frontend,True,0.43977465246960035,-0.8716653547626607,1.3114400072322612,30,462,492,aceptada,Predicción con evidencia suficiente.
5,4315,cloud,cloud,datascience,True,0.30023021655228366,-0.6895823815299105,0.9898125980821941,25,392,417,aceptada,Predicción con evidencia suficiente.
5,1192,cloud,cloud,backend,True,-0.0702495787829035,-0.5349817749597504,0.4647321961768469,10,152,162,revision,Margen de decisión reducido.
5,526,cloud,cloud,backend,True,0.8409649401856844,-0.9419190223839822,1.7828839625696666,23,188,211,aceptada,Predicción con evidencia suficiente.
5,2921,cloud,cloud,backend,True,0.1991943302691359,-0.3017484384448638,0.5009427687139998,34,485,519,revision,Margen de decisión reducido.
5,3729,frontend,frontend,backend,True,-0.056858595200408646,-0.6312392120204947,0.574380616820086,24,247,271,revision,Margen de decisión reducido.
5,3517,backend,backend,frontend,True,0.573331111653677,-0.5164691697663402,1.0898002814200172,34,313,347,aceptada,Predicción con evidencia suficiente.
5,3721,cloud,cloud,backend,True,0.11943737966927548,-0.5901394865583977,0.7095768662276731,38,395,433,aceptada,Predicción con evidencia suficiente.
5,2194,cloud,cloud,datascience,True,1.2334317521031153,-0.8463810247734943,2.0798127768766097,22,341,363,aceptada,Predicción con evidencia suficiente.
5,1228,cloud,backend,frontend,False,-0.1087892465635697,-0.2888362081012014,0.18004696153763172,16,322,338,revision,Margen de decisión reducido.
5,1155,frontend,cloud,backend,False,0.7275596236843388,-0.6455546980142068,1.3731143216985457,8,187,195,aceptada,Predicción con evidencia suficiente.
5,3564,cloud,cloud,backend,True,0.33711329634808773,0.10129772409456339,0.23581557225352434,26,311,337,revision,Margen de decisión reducido.
5,1483,frontend,frontend,datascience,True,1.1733469880601575,-1.072073289730979,2.2454202777911365,11,124,135,revision,Cobertura reducida de características.
5,4325,cloud,cloud,datascience,True,1.4995084786419883,-1.1375485796783265,2.637057058320315,17,183,200,aceptada,Predicción con evidencia suficiente.
5,2210,backend,datascience,frontend,False,-0.17041973349085104,-0.6078996745481005,0.4374799410572494,25,277,302,revision,Margen de decisión reducido.
5,3421,datascience,datascience,cloud,True,1.3555112385973556,-0.9357874241008137,2.2912986626981695,21,228,249,aceptada,Predicción con evidencia suficiente.
5,3391,datascience,datascience,backend,True,0.9139580428726182,-0.5637622823218797,1.477720325194498,44,343,387,aceptada,Predicción con evidencia suficiente.
5,2704,backend,backend,frontend,True,0.751732342676646,-0.7022506681538074,1.4539830108304534,28,265,293,aceptada,Predicción con evidencia suficiente.
5,2238,backend,backend,cloud,True,-0.2680952030223245,-0.38534651465408604,0.11725131163176156,23,206,229,revision,Margen de decisión reducido.
5,472,backend,backend,cloud,True,1.5806309562053227,-0.9864592076617362,2.567090163867059,28,389,417,aceptada,Predicción con evidencia suficiente.
5,3940,cloud,backend,cloud,False,1.256643834885613,-0.5998114388745127,1.8564552737601256,38,392,430,aceptada,Predicción con evidencia suficiente.
5,411,frontend,frontend,backend,True,0.00452338119766077,-0.018517834842185388,0.023041216039846157,10,177,187,revision,Margen de decisión reducido.
5,4146,cloud,cloud,frontend,True,1.206656134089231,-0.5800017723521298,1.7866579064413608,34,253,287,aceptada,Predicción con evidencia suficiente.
5,1857,frontend,frontend,cloud,True,1.5347881392645515,-1.0116342778618421,2.5464224171263936,39,434,473,aceptada,Predicción con evidencia suficiente.
5,1831,backend,frontend,datascience,False,0.8440940335453162,-0.44434443474110574,1.2884384682864218,11,220,231,aceptada,Predicción con evidencia suficiente.
5,1941,datascience,datascience,cloud,True,1.1448520232871306,-1.063399438039668,2.2082514613267987,36,445,481,aceptada,Predicción con evidencia suficiente.
5,2401,cloud,cloud,backend,True,1.5372897349531702,-0.955618363669242,2.4929080986224124,34,402,436,aceptada,Predicción con evidencia suficiente.
5,317,backend,backend,datascience,True,1.4124720599400624,-0.4996149288755987,1.912086988815661,27,323,350,aceptada,Predicción con evidencia suficiente.
5,661,datascience,datascience,cloud,True,1.227085744905012,-1.0738471910955607,2.3009329360005726,37,337,374,aceptada,Predicción con evidencia suficiente.
5,608,frontend,frontend,cloud,True,0.8657776273086375,-0.5184036711554958,1.3841812984641333,23,400,423,aceptada,Predicción con evidencia suficiente.
5,4120,frontend,cloud,backend,False,-0.09517924596516614,-0.25833235583291414,0.163153109867748,33,324,357,revision,Margen de decisión reducido.
5,3610,backend,datascience,backend,False,-0.14436610513231019,-0.5521614811230164,0.40779537599070625,30,402,432,revision,Margen de decisión reducido.
5,2051,backend,backend,frontend,True,1.2333218139119175,-0.9944855928105252,2.2278074067224427,13,172,185,aceptada,Predicción con evidencia suficiente.
5,212,datascience,backend,datascience,False,0.4605065654400382,-0.43277107671919474,0.893277642159233,25,326,351,aceptada,Predicción con evidencia suficiente.
5,2474,cloud,cloud,frontend,True,1.0690716172190435,-0.9947765842127025,2.063848201431746,20,306,326,aceptada,Predicción con evidencia suficiente.
5,1168,datascience,datascience,cloud,True,0.6584736992418565,-0.7552649722264979,1.4137386714683544,27,259,286,aceptada,Predicción con evidencia suficiente.
5,766,datascience,datascience,cloud,True,0.853002090997625,-0.8110419156000528,1.6640440065976778,27,225,252,aceptada,Predicción con evidencia suficiente.
5,4015,frontend,frontend,backend,True,0.40962465236203977,-0.7636447461335663,1.173269398495606,33,275,308,aceptada,Predicción con evidencia suficiente.
5,4355,backend,cloud,backend,False,0.04944637469458879,-0.6567243174107764,0.7061706921053652,31,378,409,aceptada,Predicción con evidencia suficiente.
5,1012,cloud,cloud,backend,True,-0.12037393171083166,-0.38950654245169536,0.2691326107408637,14,257,271,revision,Margen de decisión reducido.
5,356,backend,backend,cloud,True,0.3963608554573277,-0.7204757523334813,1.116836607790809,27,357,384,aceptada,Predicción con evidencia suficiente.
5,3250,cloud,backend,cloud,False,-0.32450978625888643,-0.6763520867950352,0.3518423005361488,14,191,205,revision,Margen de decisión reducido.
5,2809,cloud,cloud,backend,True,0.109640460430668,-0.6853896302545077,0.7950300906851757,31,257,288,aceptada,Predicción con evidencia suficiente.
5,1562,backend,cloud,frontend,False,-0.17860717020544986,-0.5296527909840137,0.3510456207785639,21,298,319,revision,Margen de decisión reducido.
5,2983,backend,backend,cloud,True,0.3107059588311152,-0.4292035759715416,0.7399095348026568,10,301,311,aceptada,Predicción con evidencia suficiente.
5,464,frontend,frontend,cloud,True,1.5795107436603542,-1.0053926881056905,2.584903431766045,33,275,308,aceptada,Predicción con evidencia suficiente.
5,580,backend,backend,datascience,True,0.6750335395483229,-0.5856157134044806,1.2606492529528035,41,408,449,aceptada,Predicción con evidencia suficiente.
5,3889,cloud,cloud,frontend,True,0.4047227351175363,-0.6004534285387939,1.0051761636563303,21,248,269,aceptada,Predicción con evidencia suficiente.
5,391,cloud,cloud,datascience,True,1.3937381628250907,-0.7601760643684811,2.153914227193572,28,255,283,aceptada,Predicción con evidencia suficiente.
5,4274,datascience,datascience,frontend,True,1.9070191675273285,-0.9715085854937879,2.8785277530211166,37,291,328,aceptada,Predicción con evidencia suficiente.
5,2894,backend,backend,datascience,True,0.4878810393749202,-0.24533342573164196,0.7332144651065622,13,178,191,aceptada,Predicción con evidencia suficiente.
5,479,backend,backend,cloud,True,0.0739919477839388,-0.135470706445878,0.2094626542298168,5,131,136,revision,Margen de decisión reducido.
5,1905,backend,backend,frontend,True,2.213994964946316,-0.9911863637245202,3.2051813286708364,25,299,324,aceptada,Predicción con evidencia suficiente.
5,1724,backend,backend,frontend,True,-0.1035658938680536,-0.2722181519902849,0.16865225812223128,19,327,346,revision,Margen de decisión reducido.
5,3186,backend,backend,datascience,True,1.4445140282748126,-1.0378588220396854,2.4823728503144977,14,294,308,aceptada,Predicción con evidencia suficiente.
5,1870,datascience,datascience,backend,True,1.8298008062343318,-1.5076796131932912,3.337480419427623,17,217,234,aceptada,Predicción con evidencia suficiente.
5,1210,frontend,frontend,backend,True,0.03358568464870976,-0.22700399619494405,0.2605896808436538,11,212,223,revision,Margen de decisión reducido.
5,1525,datascience,cloud,frontend,False,-0.044739489057802784,-0.3147338495173737,0.2699943604595709,14,320,334,revision,Margen de decisión reducido.
5,1178,frontend,frontend,backend,True,1.5763034347981781,-1.115482155865383,2.691785590663561,19,176,195,aceptada,Predicción con evidencia suficiente.
5,2366,cloud,cloud,datascience,True,1.0523068103544135,-0.9783766849832565,2.0306834953376702,43,306,349,aceptada,Predicción con evidencia suficiente.
5,2348,cloud,cloud,backend,True,1.3196926814511007,-0.9819711881726114,2.301663869623712,33,264,297,aceptada,Predicción con evidencia suficiente.
5,2297,cloud,cloud,backend,True,1.0870945198221436,-0.4908106774938609,1.5779051973160045,26,232,258,aceptada,Predicción con evidencia suficiente.
5,964,cloud,cloud,frontend,True,-0.05011374814638181,-0.3478261321414906,0.2977123839951088,23,353,376,revision,Margen de decisión reducido.
5,4458,frontend,frontend,backend,True,1.2248944940231634,-1.1079008043524454,2.3327952983756086,40,301,341,aceptada,Predicción con evidencia suficiente.
5,319,frontend,frontend,backend,True,0.053565612984674715,-0.6444817071019516,0.6980473200866264,16,251,267,aceptada,Predicción con evidencia suficiente.
5,2083,backend,backend,datascience,True,0.729403259580756,-0.6939921450206951,1.4233954046014512,33,451,484,aceptada,Predicción con evidencia suficiente.
5,3063,backend,backend,datascience,True,0.26652669662986295,-0.41142112388221347,0.6779478205120764,17,158,175,revision,Cobertura reducida de características.
5,3784,cloud,cloud,backend,True,0.4891235344987369,-0.6673916943193013,1.1565152288180383,42,443,485,aceptada,Predicción con evidencia suficiente.
5,233,datascience,datascience,frontend,True,2.00082891059966,-1.4842366423822688,3.4850655529819288,23,202,225,aceptada,Predicción con evidencia suficiente.
5,4144,frontend,frontend,backend,True,-0.026742239436061854,-0.4869330889902291,0.4601908495541672,20,202,222,revision,Margen de decisión reducido.
5,1701,cloud,cloud,datascience,True,1.217205292458544,-1.1599060025126593,2.377111294971203,24,156,180,aceptada,Predicción con evidencia suficiente.
5,3633,cloud,cloud,backend,True,0.05546321788191766,-0.47376416320577713,0.5292273810876948,22,380,402,revision,Margen de decisión reducido.
5,2446,cloud,backend,datascience,False,-0.06345940327072541,-0.20830800199711763,0.14484859872639222,34,280,314,revision,Margen de decisión reducido.
5,3857,cloud,cloud,backend,True,0.9409937395126534,-0.7881435215645952,1.7291372610772486,26,240,266,aceptada,Predicción con evidencia suficiente.
5,1046,cloud,backend,cloud,False,0.3380406498061914,-0.47764847180600467,0.8156891216121961,29,312,341,aceptada,Predicción con evidencia suficiente.
5,2948,cloud,cloud,backend,True,0.0832615328243822,-0.5540125049219098,0.637274037746292,35,291,326,revision,Margen de decisión reducido.
5,3108,backend,backend,frontend,True,1.5975645439373687,-1.171680955033881,2.76924549897125,36,387,423,aceptada,Predicción con evidencia suficiente.
5,4286,backend,backend,frontend,True,0.7080832981069369,-0.6457180151751784,1.3538013132821152,31,282,313,aceptada,Predicción con evidencia suficiente.
5,1030,backend,backend,frontend,True,0.9945155155545347,-0.9454975041356615,1.9400130196901961,25,317,342,aceptada,Predicción con evidencia suficiente.
5,829,cloud,cloud,frontend,True,1.1994561409179378,-0.8709108364152969,2.0703669773332347,35,323,358,aceptada,Predicción con evidencia suficiente.
5,2302,frontend,backend,frontend,False,0.5982928761878739,-0.6134691908402548,1.2117620670281286,27,274,301,aceptada,Predicción con evidencia suficiente.
5,324,datascience,datascience,frontend,True,1.7102315841248728,-1.387574569261295,3.097806153386168,23,231,254,aceptada,Predicción con evidencia suficiente.
5,2221,datascience,backend,datascience,False,-0.08105840621741511,-0.12797815637518428,0.04691975015776917,19,217,236,revision,Margen de decisión reducido.
5,817,datascience,datascience,frontend,True,1.2728416340252693,-1.1281154101682462,2.4009570441935155,36,357,393,aceptada,Predicción con evidencia suficiente.
5,1018,cloud,cloud,datascience,True,1.065742455898072,-1.117041079062067,2.182783534960139,26,157,183,aceptada,Predicción con evidencia suficiente.
5,1497,cloud,cloud,backend,True,0.2713774136704875,-0.3058887220232578,0.5772661356937453,32,296,328,revision,Margen de decisión reducido.
5,435,backend,backend,frontend,True,0.26563559641922185,-0.7442735335191073,1.0099091299383292,29,289,318,aceptada,Predicción con evidencia suficiente.
5,3774,datascience,datascience,backend,True,1.2484420409289596,-0.9156257987234732,2.1640678396524327,24,355,379,aceptada,Predicción con evidencia suficiente.
5,3906,frontend,frontend,datascience,True,0.6766983046219646,-0.5758534462250842,1.2525517508470487,34,431,465,aceptada,Predicción con evidencia suficiente.
5,782,backend,backend,frontend,True,0.5449733612354333,-0.07561188467383209,0.6205852459092653,38,283,321,revision,Margen de decisión reducido.
5,1727,frontend,frontend,backend,True,1.3106988023925528,-0.7725314056397283,2.083230208032281,14,210,224,aceptada,Predicción con evidencia suficiente.
5,1853,frontend,frontend,cloud,True,0.3086478515635776,-0.4988629149808482,0.8075107665444259,15,165,180,aceptada,Predicción con evidencia suficiente.
5,3243,backend,backend,datascience,True,1.3413943281742116,-1.0714594816809466,2.412853809855158,26,282,308,aceptada,Predicción con evidencia suficiente.
5,1536,cloud,cloud,backend,True,1.455708566020871,-0.9275953012390348,2.383303867259906,20,314,334,aceptada,Predicción con evidencia suficiente.
5,1287,frontend,frontend,datascience,True,2.2290069983069305,-1.4579606476508986,3.686967645957829,16,157,173,revision,Cobertura reducida de características.
5,3473,frontend,backend,datascience,False,0.5852512121377218,-0.7612895130455485,1.3465407251832704,40,263,303,aceptada,Predicción con evidencia suficiente.
5,73,frontend,frontend,datascience,True,0.5041364046348813,-0.9217333160711103,1.4258697207059916,20,246,266,aceptada,Predicción con evidencia suficiente.
5,39,datascience,backend,datascience,False,0.13304390481461525,-0.48738247693036,0.6204263817449753,27,284,311,revision,Margen de decisión reducido.
5,2470,cloud,cloud,frontend,True,1.000063883593227,-0.4957511814710539,1.495815065064281,23,392,415,aceptada,Predicción con evidencia suficiente.
5,2554,datascience,datascience,frontend,True,-0.250285255269004,-0.2578500723647282,0.007564817095724152,31,273,304,revision,Margen de decisión reducido.
5,4329,frontend,frontend,backend,True,-0.23002964942330895,-0.33240309058090545,0.1023734411575965,32,291,323,revision,Margen de decisión reducido.
5,33,frontend,frontend,backend,True,1.1347241338550473,-0.9151742593755077,2.049898393230555,30,290,320,aceptada,Predicción con evidencia suficiente.
5,896,frontend,frontend,cloud,True,0.23458219161458654,-0.6819097831451512,0.9164919747597378,15,177,192,aceptada,Predicción con evidencia suficiente.
5,3951,datascience,datascience,frontend,True,0.5398264263600319,-0.42541223481120083,0.9652386611712327,27,399,426,aceptada,Predicción con evidencia suficiente.
5,2825,backend,backend,frontend,True,0.848278473148637,-0.6480907541195988,1.4963692272682358,37,316,353,aceptada,Predicción con evidencia suficiente.
5,3199,backend,backend,datascience,True,1.0539688375162721,-0.9100008119539771,1.9639696494702492,30,238,268,aceptada,Predicción con evidencia suficiente.
5,2897,frontend,frontend,backend,True,0.18875646077066488,-0.23724348364821568,0.42599994441888056,14,165,179,revision,Margen de decisión reducido.
5,4100,cloud,cloud,datascience,True,0.6259624256497794,-0.6500824059050924,1.2760448315548718,11,161,172,revision,Cobertura reducida de características.
5,318,backend,backend,datascience,True,0.6108270263073083,-0.8294876401649546,1.440314666472263,23,382,405,aceptada,Predicción con evidencia suficiente.
5,432,frontend,frontend,backend,True,0.46740610168999325,-0.5416920935361491,1.0090981952261424,21,209,230,aceptada,Predicción con evidencia suficiente.
5,96,backend,backend,frontend,True,0.1488976188901483,-0.6309336369260967,0.779831255816245,2,46,48,revision,Cobertura reducida de características.
5,2746,backend,backend,cloud,True,-0.06322524636068616,-0.431507060007867,0.3682818136471808,7,51,58,revision,Margen de decisión reducido.
5,2529,backend,backend,frontend,True,1.0265348551206426,-0.8353028453643356,1.8618377004849782,33,331,364,aceptada,Predicción con evidencia suficiente.
5,2874,frontend,frontend,backend,True,0.4267074917960762,-0.6451027379648472,1.0718102297609233,11,198,209,aceptada,Predicción con evidencia suficiente.
5,3974,frontend,frontend,cloud,True,1.265394325893907,-0.793519391083191,2.058913716977098,14,225,239,aceptada,Predicción con evidencia suficiente.
5,1721,frontend,frontend,backend,True,0.2268982034134443,-0.5059733560676359,0.7328715594810802,33,348,381,aceptada,Predicción con evidencia suficiente.
5,147,datascience,datascience,cloud,True,-0.11634289629404115,-0.31999953779183743,0.20365664149779628,29,265,294,revision,Margen de decisión reducido.
5,3686,frontend,frontend,cloud,True,0.3734766787668224,-0.4809958421937368,0.8544725209605593,11,215,226,aceptada,Predicción con evidencia suficiente.
5,2126,datascience,datascience,frontend,True,1.4583675781911984,-1.281231495957821,2.7395990741490195,23,212,235,aceptada,Predicción con evidencia suficiente.
5,32,datascience,cloud,frontend,False,0.05655439828484443,-0.5424701141047735,0.599024512389618,17,167,184,revision,Margen de decisión reducido.
5,1780,cloud,cloud,backend,True,1.9961868875072462,-1.4627963477677617,3.458983235275008,16,198,214,aceptada,Predicción con evidencia suficiente.
5,3026,datascience,datascience,frontend,True,1.9788128592468106,-1.2951873861776457,3.2740002454244563,41,338,379,aceptada,Predicción con evidencia suficiente.
5,2411,datascience,backend,datascience,False,0.5246269334171365,-0.522469824794372,1.0470967582115085,22,228,250,aceptada,Predicción con evidencia suficiente.
5,3074,datascience,datascience,frontend,True,0.5112764587740484,-0.7003359410028207,1.211612399776869,14,168,182,aceptada,Predicción con evidencia suficiente.
5,2390,backend,backend,cloud,True,0.3135183247534086,-0.4570911423572773,0.7706094671106859,23,364,387,aceptada,Predicción con evidencia suficiente.
5,4557,datascience,datascience,cloud,True,1.3619207675024647,-1.0641137339727025,2.426034501475167,17,256,273,aceptada,Predicción con evidencia suficiente.
5,4204,frontend,frontend,cloud,True,0.0736566903240683,-0.8095043059285894,0.8831609962526576,11,170,181,aceptada,Predicción con evidencia suficiente.
5,1411,datascience,datascience,backend,True,0.8482092130082943,-0.802850256662285,1.6510594696705794,30,344,374,aceptada,Predicción con evidencia suficiente.
5,1009,frontend,frontend,datascience,True,1.3265098714626287,-0.9052245904769776,2.231734461939606,27,286,313,aceptada,Predicción con evidencia suficiente.
