titulo,texto,categoria,palabras_clave,palabras_clave_original,palabras_clave_lista,estado_parseo_keywords,num_keywords_originales,palabras_clave_limpias,keywords_eliminadas,motivos_eliminacion_keywords,num_keywords_limpias,num_keywords_eliminadas,palabras_clave_texto,titulo_original,texto_original,titulo_limpio,texto_limpio,titulo_caracteres_original,titulo_caracteres_limpio,titulo_palabras_original,titulo_palabras_limpio,texto_caracteres_original,texto_caracteres_limpio,texto_palabras_original,texto_palabras_limpio,reduccion_titulo_pct,reduccion_texto_pct,titulo_modificado,texto_modificado,titulo_limpio_vacio,texto_limpio_vacio,documento_limpio_vacio,nivel_reduccion_texto,reduccion_tokens_texto_pct,requiere_revision_textual,texto_modelo_base,texto_modelo_titulo,texto_combinado,texto_combinado_ponderado,texto_modelo_base_palabras,texto_modelo_base_caracteres,texto_modelo_titulo_palabras,texto_modelo_titulo_caracteres,texto_combinado_palabras,texto_combinado_caracteres,texto_combinado_ponderado_palabras,texto_combinado_ponderado_caracteres
David Stark: Top High-Paying Roles,"👋 Hello Architects &amp; Elite Engineers,   The market is shifting. We are seeing a surge in...",backend,"['👋 Hello Architects &', 'Elite Engineers']","['👋 Hello Architects &', 'Elite Engineers']","[""👋 Hello Architects &"", ""Elite Engineers""]",literal_eval,2,[],"[""👋 Hello Architects &"", ""Elite Engineers""]","[""ruido_exacto"", ""ruido_exacto""]",0,2,,David Stark: Top High-Paying Roles,"👋 Hello Architects &amp; Elite Engineers,   The market is shifting. We are seeing a surge in...",david stark: top high-paying roles,hello architects elite engineers the market is shifting. we are seeing a surge in.,34,34,5,5,95,82,14,14,0.0,13.68,True,True,False,False,False,Moderada: 5 %–15 %,0.0,False,hello architects elite engineers the market is shifting. we are seeing a surge in.,david stark: top high-paying roles hello architects elite engineers the market is shifting. we are seeing a surge in.,david stark: top high-paying roles hello architects elite engineers the market is shifting. we are seeing a surge in.,david stark: top high-paying roles david stark: top high-paying roles hello architects elite engineers the market is shifting. we are seeing a surge in.,14,82,19,117,19,117,24,152
Resume Optimization for US Data Engineering from WeChat Mini-Programs,"Learn how to reframe WeChat mini-program experience for US data engineering resumes. Focus on data pipelines, SQL transformations, and ETL logic. Includes before/after bullet rewrites and ATS formatti",cloud,"['ETL', 'ATS', 'WeChat', 'SQL']","['ETL', 'ATS', 'WeChat', 'SQL']","[""ETL"", ""ATS"", ""WeChat"", ""SQL""]",literal_eval,4,"[""etl"", ""ats"", ""wechat"", ""sql""]",[],[],4,0,etl ats wechat sql,Resume Optimization for US Data Engineering from WeChat Mini-Programs,"Learn how to reframe WeChat mini-program experience for US data engineering resumes. Focus on data pipelines, SQL transformations, and ETL logic. Includes before/after bullet rewrites and ATS formatti",resume optimization for us data engineering from wechat mini-programs,learn how to reframe wechat mini-program experience for us data engineering resumes. focus on data pipelines sql transformations and etl logic. includes before/after bullet rewrites and ats formatti,69,69,9,9,200,198,28,28,0.0,1.0,True,True,False,False,False,Ligera: 0 %–5 %,0.0,False,learn how to reframe wechat mini-program experience for us data engineering resumes. focus on data pipelines sql transformations and etl logic. includes before/after bullet rewrites and ats formatti,resume optimization for us data engineering from wechat mini-programs learn how to reframe wechat mini-program experience for us data engineering resumes. focus on data pipelines sql transformations and etl logic. includes before/after bullet rewrites and ats formatti,resume optimization for us data engineering from wechat mini-programs learn how to reframe wechat mini-program experience for us data engineering resumes. focus on data pipelines sql transformations and etl logic. includes before/after bullet rewrites and ats formatti etl ats wechat sql,resume optimization for us data engineering from wechat mini-programs resume optimization for us data engineering from wechat mini-programs learn how to reframe wechat mini-program experience for us data engineering resumes. focus on data pipelines sql transformations and etl logic. includes before/after bullet rewrites and ats formatti etl ats wechat sql etl ats wechat sql,28,198,37,268,41,287,54,376
David Stark: Top High-Paying Roles,"👋 Hello Architects &amp; Elite Engineers,   The market is shifting. We are seeing a surge in...",datascience,"['👋 Hello Architects &', 'Elite Engineers']","['👋 Hello Architects &', 'Elite Engineers']","[""👋 Hello Architects &"", ""Elite Engineers""]",literal_eval,2,[],"[""👋 Hello Architects &"", ""Elite Engineers""]","[""ruido_exacto"", ""ruido_exacto""]",0,2,,David Stark: Top High-Paying Roles,"👋 Hello Architects &amp; Elite Engineers,   The market is shifting. We are seeing a surge in...",david stark: top high-paying roles,hello architects elite engineers the market is shifting. we are seeing a surge in.,34,34,5,5,95,82,14,14,0.0,13.68,True,True,False,False,False,Moderada: 5 %–15 %,0.0,False,hello architects elite engineers the market is shifting. we are seeing a surge in.,david stark: top high-paying roles hello architects elite engineers the market is shifting. we are seeing a surge in.,david stark: top high-paying roles hello architects elite engineers the market is shifting. we are seeing a surge in.,david stark: top high-paying roles david stark: top high-paying roles hello architects elite engineers the market is shifting. we are seeing a surge in.,14,82,19,117,19,117,24,152
Best 16 Sites To Buying Edu Emails for Student Discounts 2026..,Buy Edu Emails  ◈═━👑━═◈➜Fast Reply 24/7 | Instant Support 🚀 ◈═━👑━═◈➜Telegram:...,datascience,"['👑━═◈', '➜Fast Reply', 'Buy Edu Emails', 'Telegram']","['👑━═◈', '➜Fast Reply', 'Buy Edu Emails', 'Telegram']","[""👑━═◈"", ""➜Fast Reply"", ""Buy Edu Emails"", ""Telegram""]",literal_eval,4,"[""fast reply"", ""buy edu emails"", ""telegram""]","[""👑━═◈""]","[""sin_contenido""]",3,1,fast reply buy edu emails telegram,Best 16 Sites To Buying Edu Emails for Student Discounts 2026..,Buy Edu Emails  ◈═━👑━═◈➜Fast Reply 24/7 | Instant Support 🚀 ◈═━👑━═◈➜Telegram:...,best 16 sites to buying edu emails for student discounts 2026.,buy edu emails fast reply 24/7 instant support telegram:,63,62,11,11,80,56,9,9,1.59,30.0,True,True,False,False,False,Alta: 15 %–30 %,0.0,False,buy edu emails fast reply 24/7 instant support telegram:,best 16 sites to buying edu emails for student discounts 2026. buy edu emails fast reply 24/7 instant support telegram:,best 16 sites to buying edu emails for student discounts 2026. buy edu emails fast reply 24/7 instant support telegram: fast reply buy edu emails telegram,best 16 sites to buying edu emails for student discounts 2026. best 16 sites to buying edu emails for student discounts 2026. buy edu emails fast reply 24/7 instant support telegram: fast reply buy edu emails telegram fast reply buy edu emails telegram,9,56,20,119,26,154,43,252
Cookie attributes,🍪           A Deeper Look at Cookie Attributes   📦 Set-Cookie Header  When a server wants to create...,backend,[],[],[],vacio,0,[],[],[],0,0,,Cookie attributes,🍪           A Deeper Look at Cookie Attributes   📦 Set-Cookie Header  When a server wants to create...,cookie attributes,a deeper look at cookie attributes set-cookie header when a server wants to create.,17,17,2,2,102,83,14,14,0.0,18.63,True,True,False,False,False,Alta: 15 %–30 %,0.0,False,a deeper look at cookie attributes set-cookie header when a server wants to create.,cookie attributes a deeper look at cookie attributes set-cookie header when a server wants to create.,cookie attributes a deeper look at cookie attributes set-cookie header when a server wants to create.,cookie attributes cookie attributes a deeper look at cookie attributes set-cookie header when a server wants to create.,14,83,16,101,16,101,18,119
Building Resilient Infrastructure: Embracing Self-Healing Systems with Artificial Intelligence,Building Resilient Infrastructure: Embracing Self-Healing Systems with Artificial...,frontend,['Artificial'],['Artificial'],"[""Artificial""]",literal_eval,1,"[""artificial""]",[],[],1,0,artificial,Building Resilient Infrastructure: Embracing Self-Healing Systems with Artificial Intelligence,Building Resilient Infrastructure: Embracing Self-Healing Systems with Artificial...,building resilient infrastructure: embracing self-healing systems with artificial intelligence,building resilient infrastructure: embracing self-healing systems with artificial.,94,94,9,9,84,82,8,8,0.0,2.38,True,True,False,False,False,Ligera: 0 %–5 %,0.0,False,building resilient infrastructure: embracing self-healing systems with artificial.,building resilient infrastructure: embracing self-healing systems with artificial intelligence building resilient infrastructure: embracing self-healing systems with artificial.,building resilient infrastructure: embracing self-healing systems with artificial intelligence building resilient infrastructure: embracing self-healing systems with artificial. artificial,building resilient infrastructure: embracing self-healing systems with artificial intelligence building resilient infrastructure: embracing self-healing systems with artificial intelligence building resilient infrastructure: embracing self-healing systems with artificial. artificial artificial,8,82,17,177,18,188,28,294
FULL STACK ENGINEER,POST    Learning to program reviewing and improving projects with feedback or intel What...,frontend,['POST    Learning'],['POST    Learning'],"[""POST Learning""]",literal_eval,1,"[""post learning""]",[],[],1,0,post learning,FULL STACK ENGINEER,POST    Learning to program reviewing and improving projects with feedback or intel What...,full stack engineer,post learning to program reviewing and improving projects with feedback or intel what.,19,19,3,3,91,86,13,13,0.0,5.49,True,True,False,False,False,Moderada: 5 %–15 %,0.0,False,post learning to program reviewing and improving projects with feedback or intel what.,full stack engineer post learning to program reviewing and improving projects with feedback or intel what.,full stack engineer post learning to program reviewing and improving projects with feedback or intel what. post learning,full stack engineer full stack engineer post learning to program reviewing and improving projects with feedback or intel what. post learning post learning,13,86,16,106,18,120,23,154
We Were Always Building State Machines — From .NET ViewBag to TypeScript Discriminated Unions,"The Old Way: Dynamic Magic and Its Hidden Costs  Years ago, in ASP.NET MVC and Razor, we had a...",backend,"['Years ago', 'MVC', 'Razor']","['Years ago', 'MVC', 'Razor']","[""Years ago"", ""MVC"", ""Razor""]",literal_eval,3,"[""years ago"", ""mvc"", ""razor""]",[],[],3,0,years ago mvc razor,We Were Always Building State Machines — From .NET ViewBag to TypeScript Discriminated Unions,"The Old Way: Dynamic Magic and Its Hidden Costs  Years ago, in ASP.NET MVC and Razor, we had a...",we were always building state machines from .net viewbag to typescript discriminated unions,the old way: dynamic magic and its hidden costs years ago in asp.net mvc and razor we had a.,93,91,13,13,97,92,19,19,2.15,5.15,True,True,False,False,False,Moderada: 5 %–15 %,0.0,False,the old way: dynamic magic and its hidden costs years ago in asp.net mvc and razor we had a.,we were always building state machines from .net viewbag to typescript discriminated unions the old way: dynamic magic and its hidden costs years ago in asp.net mvc and razor we had a.,we were always building state machines from .net viewbag to typescript discriminated unions the old way: dynamic magic and its hidden costs years ago in asp.net mvc and razor we had a. years ago mvc razor,we were always building state machines from .net viewbag to typescript discriminated unions we were always building state machines from .net viewbag to typescript discriminated unions the old way: dynamic magic and its hidden costs years ago in asp.net mvc and razor we had a. years ago mvc razor years ago mvc razor,19,92,32,184,36,204,53,316
"Legitimate Crypto Recovery Company, Hire, Zeus Crypto Recovery Services, Bitcoin Recovery Expert",The rapid growth of cryptocurrency has opened the door to incredible opportunities in the digital...,backend,[],[],[],vacio,0,[],[],[],0,0,,"Legitimate Crypto Recovery Company, Hire, Zeus Crypto Recovery Services, Bitcoin Recovery Expert",The rapid growth of cryptocurrency has opened the door to incredible opportunities in the digital...,legitimate crypto recovery company hire zeus crypto recovery services bitcoin recovery expert,the rapid growth of cryptocurrency has opened the door to incredible opportunities in the digital.,96,93,12,12,100,98,15,15,3.12,2.0,True,True,False,False,False,Ligera: 0 %–5 %,0.0,False,the rapid growth of cryptocurrency has opened the door to incredible opportunities in the digital.,legitimate crypto recovery company hire zeus crypto recovery services bitcoin recovery expert the rapid growth of cryptocurrency has opened the door to incredible opportunities in the digital.,legitimate crypto recovery company hire zeus crypto recovery services bitcoin recovery expert the rapid growth of cryptocurrency has opened the door to incredible opportunities in the digital.,legitimate crypto recovery company hire zeus crypto recovery services bitcoin recovery expert legitimate crypto recovery company hire zeus crypto recovery services bitcoin recovery expert the rapid growth of cryptocurrency has opened the door to incredible opportunities in the digital.,15,98,27,192,27,192,39,286
Mastering Secrets Management in the Cloud: A Secure Foundation for Your Applications,Mastering Secrets Management in the Cloud: A Secure Foundation for Your Applications   In...,backend,['Mastering Secrets Management'],['Mastering Secrets Management'],"[""Mastering Secrets Management""]",literal_eval,1,"[""mastering secrets management""]",[],[],1,0,mastering secrets management,Mastering Secrets Management in the Cloud: A Secure Foundation for Your Applications,Mastering Secrets Management in the Cloud: A Secure Foundation for Your Applications   In...,mastering secrets management in the cloud: a secure foundation for your applications,mastering secrets management in the cloud: a secure foundation for your applications in.,84,84,12,12,92,88,13,13,0.0,4.35,True,True,False,False,False,Ligera: 0 %–5 %,0.0,False,mastering secrets management in the cloud: a secure foundation for your applications in.,mastering secrets management in the cloud: a secure foundation for your applications mastering secrets management in the cloud: a secure foundation for your applications in.,mastering secrets management in the cloud: a secure foundation for your applications mastering secrets management in the cloud: a secure foundation for your applications in. mastering secrets management,mastering secrets management in the cloud: a secure foundation for your applications mastering secrets management in the cloud: a secure foundation for your applications mastering secrets management in the cloud: a secure foundation for your applications in. mastering secrets management mastering secrets management,13,88,25,173,28,202,43,316
The Cloud is a Scam (For 90% of Your Projects),"Why developers are abandoning complex serverless architectures and expensive cloud bills to go back to simple, dedicated hosting.",cloud,[],[],[],vacio,0,[],[],[],0,0,,The Cloud is a Scam (For 90% of Your Projects),"Why developers are abandoning complex serverless architectures and expensive cloud bills to go back to simple, dedicated hosting.",the cloud is a scam for 90 of your projects,why developers are abandoning complex serverless architectures and expensive cloud bills to go back to simple dedicated hosting.,46,43,10,10,129,128,18,18,6.52,0.78,True,True,False,False,False,Ligera: 0 %–5 %,0.0,False,why developers are abandoning complex serverless architectures and expensive cloud bills to go back to simple dedicated hosting.,the cloud is a scam for 90 of your projects why developers are abandoning complex serverless architectures and expensive cloud bills to go back to simple dedicated hosting.,the cloud is a scam for 90 of your projects why developers are abandoning complex serverless architectures and expensive cloud bills to go back to simple dedicated hosting.,the cloud is a scam for 90 of your projects the cloud is a scam for 90 of your projects why developers are abandoning complex serverless architectures and expensive cloud bills to go back to simple dedicated hosting.,18,128,28,172,28,172,38,216
Web App Testing Help,"I've built a web application for an educational platform, and I need to do deep testing on it. Can...",backend,[],[],[],vacio,0,[],[],[],0,0,,Web App Testing Help,"I've built a web application for an educational platform, and I need to do deep testing on it. Can...",web app testing help,i ve built a web application for an educational platform and i need to do deep testing on it. can.,20,20,4,4,101,98,20,20,0.0,2.97,True,True,False,False,False,Ligera: 0 %–5 %,0.0,False,i ve built a web application for an educational platform and i need to do deep testing on it. can.,web app testing help i ve built a web application for an educational platform and i need to do deep testing on it. can.,web app testing help i ve built a web application for an educational platform and i need to do deep testing on it. can.,web app testing help web app testing help i ve built a web application for an educational platform and i need to do deep testing on it. can.,20,98,24,119,24,119,28,140
Matrix Screen Saver for Mac,I was looking for a screen saver that was unique and what I finally found was a screen saver that looked like the cascading code from the Matrix movies. What’s ,frontend,[],[],[],vacio,0,[],[],[],0,0,,Matrix Screen Saver for Mac,I was looking for a screen saver that was unique and what I finally found was a screen saver that looked like the cascading code from the Matrix movies. What’s ,matrix screen saver for mac,i was looking for a screen saver that was unique and what i finally found was a screen saver that looked like the cascading code from the matrix movies. what s,27,27,5,5,160,159,31,31,0.0,0.62,True,True,False,False,False,Ligera: 0 %–5 %,0.0,False,i was looking for a screen saver that was unique and what i finally found was a screen saver that looked like the cascading code from the matrix movies. what s,matrix screen saver for mac i was looking for a screen saver that was unique and what i finally found was a screen saver that looked like the cascading code from the matrix movies. what s,matrix screen saver for mac i was looking for a screen saver that was unique and what i finally found was a screen saver that looked like the cascading code from the matrix movies. what s,matrix screen saver for mac matrix screen saver for mac i was looking for a screen saver that was unique and what i finally found was a screen saver that looked like the cascading code from the matrix movies. what s,31,159,36,187,36,187,41,215
Kubernetes Security Fundamentals: Building a Robust Foundation,Kubernetes Security Fundamentals: Building a Robust Foundation   Kubernetes has become the...,backend,"['Kubernetes', 'Kubernetes Security Fundamentals: Building a Robust Foundation']","['Kubernetes', 'Kubernetes Security Fundamentals: Building a Robust Foundation']","[""Kubernetes"", ""Kubernetes Security Fundamentals: Building a Robust Foundation""]",literal_eval,2,"[""kubernetes"", ""kubernetes security fundamentals: building a robust foundation""]",[],[],2,0,kubernetes kubernetes security fundamentals: building a robust foundation,Kubernetes Security Fundamentals: Building a Robust Foundation,Kubernetes Security Fundamentals: Building a Robust Foundation   Kubernetes has become the...,kubernetes security fundamentals: building a robust foundation,kubernetes security fundamentals: building a robust foundation kubernetes has become the.,62,62,7,7,93,89,11,11,0.0,4.3,True,True,False,False,False,Ligera: 0 %–5 %,0.0,False,kubernetes security fundamentals: building a robust foundation kubernetes has become the.,kubernetes security fundamentals: building a robust foundation kubernetes security fundamentals: building a robust foundation kubernetes has become the.,kubernetes security fundamentals: building a robust foundation kubernetes security fundamentals: building a robust foundation kubernetes has become the. kubernetes kubernetes security fundamentals: building a robust foundation,kubernetes security fundamentals: building a robust foundation kubernetes security fundamentals: building a robust foundation kubernetes security fundamentals: building a robust foundation kubernetes has become the. kubernetes kubernetes security fundamentals: building a robust foundation kubernetes kubernetes security fundamentals: building a robust foundation,11,89,18,152,26,226,41,363
Matrix Screen Saver for Mac,I was looking for a screen saver that was unique and what I finally found was a screen saver that looked like the cascading code from the Matrix movies. What’s ,frontend,[],[],[],vacio,0,[],[],[],0,0,,Matrix Screen Saver for Mac,I was looking for a screen saver that was unique and what I finally found was a screen saver that looked like the cascading code from the Matrix movies. What’s ,matrix screen saver for mac,i was looking for a screen saver that was unique and what i finally found was a screen saver that looked like the cascading code from the matrix movies. what s,27,27,5,5,160,159,31,31,0.0,0.62,True,True,False,False,False,Ligera: 0 %–5 %,0.0,False,i was looking for a screen saver that was unique and what i finally found was a screen saver that looked like the cascading code from the matrix movies. what s,matrix screen saver for mac i was looking for a screen saver that was unique and what i finally found was a screen saver that looked like the cascading code from the matrix movies. what s,matrix screen saver for mac i was looking for a screen saver that was unique and what i finally found was a screen saver that looked like the cascading code from the matrix movies. what s,matrix screen saver for mac matrix screen saver for mac i was looking for a screen saver that was unique and what i finally found was a screen saver that looked like the cascading code from the matrix movies. what s,31,159,36,187,36,187,41,215
David Stark: Top High-Paying Roles,"👋 Hello Architects &amp; Elite Engineers,   The market is shifting. We are seeing a surge in...",cloud,"['👋 Hello Architects &', 'Elite Engineers']","['👋 Hello Architects &', 'Elite Engineers']","[""👋 Hello Architects &"", ""Elite Engineers""]",literal_eval,2,[],"[""👋 Hello Architects &"", ""Elite Engineers""]","[""ruido_exacto"", ""ruido_exacto""]",0,2,,David Stark: Top High-Paying Roles,"👋 Hello Architects &amp; Elite Engineers,   The market is shifting. We are seeing a surge in...",david stark: top high-paying roles,hello architects elite engineers the market is shifting. we are seeing a surge in.,34,34,5,5,95,82,14,14,0.0,13.68,True,True,False,False,False,Moderada: 5 %–15 %,0.0,False,hello architects elite engineers the market is shifting. we are seeing a surge in.,david stark: top high-paying roles hello architects elite engineers the market is shifting. we are seeing a surge in.,david stark: top high-paying roles hello architects elite engineers the market is shifting. we are seeing a surge in.,david stark: top high-paying roles david stark: top high-paying roles hello architects elite engineers the market is shifting. we are seeing a surge in.,14,82,19,117,19,117,24,152
Kubernetes Security Fundamentals: Building a Robust Foundation,Kubernetes Security Fundamentals: Building a Robust Foundation   Kubernetes has become the...,frontend,"['Kubernetes', 'Kubernetes Security Fundamentals: Building a Robust Foundation']","['Kubernetes', 'Kubernetes Security Fundamentals: Building a Robust Foundation']","[""Kubernetes"", ""Kubernetes Security Fundamentals: Building a Robust Foundation""]",literal_eval,2,"[""kubernetes"", ""kubernetes security fundamentals: building a robust foundation""]",[],[],2,0,kubernetes kubernetes security fundamentals: building a robust foundation,Kubernetes Security Fundamentals: Building a Robust Foundation,Kubernetes Security Fundamentals: Building a Robust Foundation   Kubernetes has become the...,kubernetes security fundamentals: building a robust foundation,kubernetes security fundamentals: building a robust foundation kubernetes has become the.,62,62,7,7,93,89,11,11,0.0,4.3,True,True,False,False,False,Ligera: 0 %–5 %,0.0,False,kubernetes security fundamentals: building a robust foundation kubernetes has become the.,kubernetes security fundamentals: building a robust foundation kubernetes security fundamentals: building a robust foundation kubernetes has become the.,kubernetes security fundamentals: building a robust foundation kubernetes security fundamentals: building a robust foundation kubernetes has become the. kubernetes kubernetes security fundamentals: building a robust foundation,kubernetes security fundamentals: building a robust foundation kubernetes security fundamentals: building a robust foundation kubernetes security fundamentals: building a robust foundation kubernetes has become the. kubernetes kubernetes security fundamentals: building a robust foundation kubernetes kubernetes security fundamentals: building a robust foundation,11,89,18,152,26,226,41,363
David Stark: Top High-Paying Roles,"👋 Hello Architects &amp; Elite Engineers,   The market is shifting. We are seeing a surge in...",backend,"['👋 Hello Architects &', 'Elite Engineers']","['👋 Hello Architects &', 'Elite Engineers']","[""👋 Hello Architects &"", ""Elite Engineers""]",literal_eval,2,[],"[""👋 Hello Architects &"", ""Elite Engineers""]","[""ruido_exacto"", ""ruido_exacto""]",0,2,,David Stark: Top High-Paying Roles,"👋 Hello Architects &amp; Elite Engineers,   The market is shifting. We are seeing a surge in...",david stark: top high-paying roles,hello architects elite engineers the market is shifting. we are seeing a surge in.,34,34,5,5,95,82,14,14,0.0,13.68,True,True,False,False,False,Moderada: 5 %–15 %,0.0,False,hello architects elite engineers the market is shifting. we are seeing a surge in.,david stark: top high-paying roles hello architects elite engineers the market is shifting. we are seeing a surge in.,david stark: top high-paying roles hello architects elite engineers the market is shifting. we are seeing a surge in.,david stark: top high-paying roles david stark: top high-paying roles hello architects elite engineers the market is shifting. we are seeing a surge in.,14,82,19,117,19,117,24,152
David Stark: Top High-Paying Roles,"👋 Hello Architects &amp; Elite Engineers,   The market is shifting. We are seeing a surge in...",cloud,"['👋 Hello Architects &', 'Elite Engineers']","['👋 Hello Architects &', 'Elite Engineers']","[""👋 Hello Architects &"", ""Elite Engineers""]",literal_eval,2,[],"[""👋 Hello Architects &"", ""Elite Engineers""]","[""ruido_exacto"", ""ruido_exacto""]",0,2,,David Stark: Top High-Paying Roles,"👋 Hello Architects &amp; Elite Engineers,   The market is shifting. We are seeing a surge in...",david stark: top high-paying roles,hello architects elite engineers the market is shifting. we are seeing a surge in.,34,34,5,5,95,82,14,14,0.0,13.68,True,True,False,False,False,Moderada: 5 %–15 %,0.0,False,hello architects elite engineers the market is shifting. we are seeing a surge in.,david stark: top high-paying roles hello architects elite engineers the market is shifting. we are seeing a surge in.,david stark: top high-paying roles hello architects elite engineers the market is shifting. we are seeing a surge in.,david stark: top high-paying roles david stark: top high-paying roles hello architects elite engineers the market is shifting. we are seeing a surge in.,14,82,19,117,19,117,24,152
David Stark: Top High-Paying Roles,"👋 Hello Architects &amp; Elite Engineers,   The market is shifting. We are seeing a surge in...",datascience,"['👋 Hello Architects &', 'Elite Engineers']","['👋 Hello Architects &', 'Elite Engineers']","[""👋 Hello Architects &"", ""Elite Engineers""]",literal_eval,2,[],"[""👋 Hello Architects &"", ""Elite Engineers""]","[""ruido_exacto"", ""ruido_exacto""]",0,2,,David Stark: Top High-Paying Roles,"👋 Hello Architects &amp; Elite Engineers,   The market is shifting. We are seeing a surge in...",david stark: top high-paying roles,hello architects elite engineers the market is shifting. we are seeing a surge in.,34,34,5,5,95,82,14,14,0.0,13.68,True,True,False,False,False,Moderada: 5 %–15 %,0.0,False,hello architects elite engineers the market is shifting. we are seeing a surge in.,david stark: top high-paying roles hello architects elite engineers the market is shifting. we are seeing a surge in.,david stark: top high-paying roles hello architects elite engineers the market is shifting. we are seeing a surge in.,david stark: top high-paying roles david stark: top high-paying roles hello architects elite engineers the market is shifting. we are seeing a surge in.,14,82,19,117,19,117,24,152
Cookie attributes,🍪           A Deeper Look at Cookie Attributes   📦 Set-Cookie Header  When a server wants to create...,frontend,[],[],[],vacio,0,[],[],[],0,0,,Cookie attributes,🍪           A Deeper Look at Cookie Attributes   📦 Set-Cookie Header  When a server wants to create...,cookie attributes,a deeper look at cookie attributes set-cookie header when a server wants to create.,17,17,2,2,102,83,14,14,0.0,18.63,True,True,False,False,False,Alta: 15 %–30 %,0.0,False,a deeper look at cookie attributes set-cookie header when a server wants to create.,cookie attributes a deeper look at cookie attributes set-cookie header when a server wants to create.,cookie attributes a deeper look at cookie attributes set-cookie header when a server wants to create.,cookie attributes cookie attributes a deeper look at cookie attributes set-cookie header when a server wants to create.,14,83,16,101,16,101,18,119
David Stark: Top High-Paying Roles,"👋 Hello Architects &amp; Elite Engineers,   The market is shifting. We are seeing a surge in...",backend,"['👋 Hello Architects &', 'Elite Engineers']","['👋 Hello Architects &', 'Elite Engineers']","[""👋 Hello Architects &"", ""Elite Engineers""]",literal_eval,2,[],"[""👋 Hello Architects &"", ""Elite Engineers""]","[""ruido_exacto"", ""ruido_exacto""]",0,2,,David Stark: Top High-Paying Roles,"👋 Hello Architects &amp; Elite Engineers,   The market is shifting. We are seeing a surge in...",david stark: top high-paying roles,hello architects elite engineers the market is shifting. we are seeing a surge in.,34,34,5,5,95,82,14,14,0.0,13.68,True,True,False,False,False,Moderada: 5 %–15 %,0.0,False,hello architects elite engineers the market is shifting. we are seeing a surge in.,david stark: top high-paying roles hello architects elite engineers the market is shifting. we are seeing a surge in.,david stark: top high-paying roles hello architects elite engineers the market is shifting. we are seeing a surge in.,david stark: top high-paying roles david stark: top high-paying roles hello architects elite engineers the market is shifting. we are seeing a surge in.,14,82,19,117,19,117,24,152
The Dawn of Agentic AI: Navigating the Future of Autonomous Systems,The Dawn of Agentic AI: Navigating the Future of Autonomous Systems   Artificial...,backend,[],[],[],vacio,0,[],[],[],0,0,,The Dawn of Agentic AI: Navigating the Future of Autonomous Systems,The Dawn of Agentic AI: Navigating the Future of Autonomous Systems   Artificial...,the dawn of agentic ai: navigating the future of autonomous systems,the dawn of agentic ai: navigating the future of autonomous systems artificial.,67,67,11,11,83,79,12,12,0.0,4.82,True,True,False,False,False,Ligera: 0 %–5 %,0.0,False,the dawn of agentic ai: navigating the future of autonomous systems artificial.,the dawn of agentic ai: navigating the future of autonomous systems the dawn of agentic ai: navigating the future of autonomous systems artificial.,the dawn of agentic ai: navigating the future of autonomous systems the dawn of agentic ai: navigating the future of autonomous systems artificial.,the dawn of agentic ai: navigating the future of autonomous systems the dawn of agentic ai: navigating the future of autonomous systems the dawn of agentic ai: navigating the future of autonomous systems artificial.,12,79,23,147,23,147,34,215
David Stark: Top High-Paying Roles,"👋 Hello Architects &amp; Elite Engineers,   The market is shifting. We are seeing a surge in...",datascience,"['👋 Hello Architects &', 'Elite Engineers']","['👋 Hello Architects &', 'Elite Engineers']","[""👋 Hello Architects &"", ""Elite Engineers""]",literal_eval,2,[],"[""👋 Hello Architects &"", ""Elite Engineers""]","[""ruido_exacto"", ""ruido_exacto""]",0,2,,David Stark: Top High-Paying Roles,"👋 Hello Architects &amp; Elite Engineers,   The market is shifting. We are seeing a surge in...",david stark: top high-paying roles,hello architects elite engineers the market is shifting. we are seeing a surge in.,34,34,5,5,95,82,14,14,0.0,13.68,True,True,False,False,False,Moderada: 5 %–15 %,0.0,False,hello architects elite engineers the market is shifting. we are seeing a surge in.,david stark: top high-paying roles hello architects elite engineers the market is shifting. we are seeing a surge in.,david stark: top high-paying roles hello architects elite engineers the market is shifting. we are seeing a surge in.,david stark: top high-paying roles david stark: top high-paying roles hello architects elite engineers the market is shifting. we are seeing a surge in.,14,82,19,117,19,117,24,152
We Were Always Building State Machines — From .NET ViewBag to TypeScript Discriminated Unions,"The Old Way: Dynamic Magic and Its Hidden Costs  Years ago, in ASP.NET MVC and Razor, we had a...",backend,"['Years ago', 'MVC', 'Razor']","['Years ago', 'MVC', 'Razor']","[""Years ago"", ""MVC"", ""Razor""]",literal_eval,3,"[""years ago"", ""mvc"", ""razor""]",[],[],3,0,years ago mvc razor,We Were Always Building State Machines — From .NET ViewBag to TypeScript Discriminated Unions,"The Old Way: Dynamic Magic and Its Hidden Costs  Years ago, in ASP.NET MVC and Razor, we had a...",we were always building state machines from .net viewbag to typescript discriminated unions,the old way: dynamic magic and its hidden costs years ago in asp.net mvc and razor we had a.,93,91,13,13,97,92,19,19,2.15,5.15,True,True,False,False,False,Moderada: 5 %–15 %,0.0,False,the old way: dynamic magic and its hidden costs years ago in asp.net mvc and razor we had a.,we were always building state machines from .net viewbag to typescript discriminated unions the old way: dynamic magic and its hidden costs years ago in asp.net mvc and razor we had a.,we were always building state machines from .net viewbag to typescript discriminated unions the old way: dynamic magic and its hidden costs years ago in asp.net mvc and razor we had a. years ago mvc razor,we were always building state machines from .net viewbag to typescript discriminated unions we were always building state machines from .net viewbag to typescript discriminated unions the old way: dynamic magic and its hidden costs years ago in asp.net mvc and razor we had a. years ago mvc razor years ago mvc razor,19,92,32,184,36,204,53,316
We Were Always Building State Machines — From .NET ViewBag to TypeScript Discriminated Unions,"The Old Way: Dynamic Magic and Its Hidden Costs  Years ago, in ASP.NET MVC and Razor, we had a...",frontend,"['Years ago', 'MVC', 'Razor']","['Years ago', 'MVC', 'Razor']","[""Years ago"", ""MVC"", ""Razor""]",literal_eval,3,"[""years ago"", ""mvc"", ""razor""]",[],[],3,0,years ago mvc razor,We Were Always Building State Machines — From .NET ViewBag to TypeScript Discriminated Unions,"The Old Way: Dynamic Magic and Its Hidden Costs  Years ago, in ASP.NET MVC and Razor, we had a...",we were always building state machines from .net viewbag to typescript discriminated unions,the old way: dynamic magic and its hidden costs years ago in asp.net mvc and razor we had a.,93,91,13,13,97,92,19,19,2.15,5.15,True,True,False,False,False,Moderada: 5 %–15 %,0.0,False,the old way: dynamic magic and its hidden costs years ago in asp.net mvc and razor we had a.,we were always building state machines from .net viewbag to typescript discriminated unions the old way: dynamic magic and its hidden costs years ago in asp.net mvc and razor we had a.,we were always building state machines from .net viewbag to typescript discriminated unions the old way: dynamic magic and its hidden costs years ago in asp.net mvc and razor we had a. years ago mvc razor,we were always building state machines from .net viewbag to typescript discriminated unions we were always building state machines from .net viewbag to typescript discriminated unions the old way: dynamic magic and its hidden costs years ago in asp.net mvc and razor we had a. years ago mvc razor years ago mvc razor,19,92,32,184,36,204,53,316
FULL STACK ENGINEER,POST    Learning to program reviewing and improving projects with feedback or intel What...,backend,['POST    Learning'],['POST    Learning'],"[""POST Learning""]",literal_eval,1,"[""post learning""]",[],[],1,0,post learning,FULL STACK ENGINEER,POST    Learning to program reviewing and improving projects with feedback or intel What...,full stack engineer,post learning to program reviewing and improving projects with feedback or intel what.,19,19,3,3,91,86,13,13,0.0,5.49,True,True,False,False,False,Moderada: 5 %–15 %,0.0,False,post learning to program reviewing and improving projects with feedback or intel what.,full stack engineer post learning to program reviewing and improving projects with feedback or intel what.,full stack engineer post learning to program reviewing and improving projects with feedback or intel what. post learning,full stack engineer full stack engineer post learning to program reviewing and improving projects with feedback or intel what. post learning post learning,13,86,16,106,18,120,23,154
Web App Testing Help,"I've built a web application for an educational platform, and I need to do deep testing on it. Can...",frontend,[],[],[],vacio,0,[],[],[],0,0,,Web App Testing Help,"I've built a web application for an educational platform, and I need to do deep testing on it. Can...",web app testing help,i ve built a web application for an educational platform and i need to do deep testing on it. can.,20,20,4,4,101,98,20,20,0.0,2.97,True,True,False,False,False,Ligera: 0 %–5 %,0.0,False,i ve built a web application for an educational platform and i need to do deep testing on it. can.,web app testing help i ve built a web application for an educational platform and i need to do deep testing on it. can.,web app testing help i ve built a web application for an educational platform and i need to do deep testing on it. can.,web app testing help web app testing help i ve built a web application for an educational platform and i need to do deep testing on it. can.,20,98,24,119,24,119,28,140
"I Fixed an AI-Generated Backend That Was Falling Apart — Here's What Actually Mattered""","Trusting your developer would save you a lot. Here's how.  A week ago, I got introduced to a project....",backend,['A week ago'],['A week ago'],"[""A week ago""]",literal_eval,1,"[""a week ago""]",[],[],1,0,a week ago,"I Fixed an AI-Generated Backend That Was Falling Apart — Here's What Actually Mattered""","Trusting your developer would save you a lot. Here's how.  A week ago, I got introduced to a project....",i fixed an ai-generated backend that was falling apart here s what actually mattered,trusting your developer would save you a lot. here s how. a week ago i got introduced to a project.,87,84,14,14,104,99,20,20,3.45,4.81,True,True,False,False,False,Ligera: 0 %–5 %,0.0,False,trusting your developer would save you a lot. here s how. a week ago i got introduced to a project.,i fixed an ai-generated backend that was falling apart here s what actually mattered trusting your developer would save you a lot. here s how. a week ago i got introduced to a project.,i fixed an ai-generated backend that was falling apart here s what actually mattered trusting your developer would save you a lot. here s how. a week ago i got introduced to a project. a week ago,i fixed an ai-generated backend that was falling apart here s what actually mattered i fixed an ai-generated backend that was falling apart here s what actually mattered trusting your developer would save you a lot. here s how. a week ago i got introduced to a project. a week ago a week ago,20,99,34,184,37,195,54,291
Revolutionizing Software Delivery: AI-Driven DevOps Workflows,Revolutionizing Software Delivery: AI-Driven DevOps Workflows   The landscape of software...,backend,[],[],[],vacio,0,[],[],[],0,0,,Revolutionizing Software Delivery: AI-Driven DevOps Workflows,Revolutionizing Software Delivery: AI-Driven DevOps Workflows   The landscape of software...,revolutionizing software delivery: ai-driven devops workflows,revolutionizing software delivery: ai-driven devops workflows the landscape of software.,61,61,6,6,92,88,10,10,0.0,4.35,True,True,False,False,False,Ligera: 0 %–5 %,0.0,False,revolutionizing software delivery: ai-driven devops workflows the landscape of software.,revolutionizing software delivery: ai-driven devops workflows revolutionizing software delivery: ai-driven devops workflows the landscape of software.,revolutionizing software delivery: ai-driven devops workflows revolutionizing software delivery: ai-driven devops workflows the landscape of software.,revolutionizing software delivery: ai-driven devops workflows revolutionizing software delivery: ai-driven devops workflows revolutionizing software delivery: ai-driven devops workflows the landscape of software.,10,88,16,150,16,150,22,212
Backend bilan bitta so'z tufayli yo'qotgan vaqtim,Kofe do'konlari uchun tizimni frontend qismini qilayotgan edim. Ma'lumot kelganda ba'zi joylar bo'sh...,frontend,"[""Ma'lumot"", 'qismini qilayotgan']","[""Ma'lumot"", 'qismini qilayotgan']","[""Ma'lumot"", ""qismini qilayotgan""]",literal_eval,2,"[""ma'lumot"", ""qismini qilayotgan""]",[],[],2,0,ma'lumot qismini qilayotgan,Backend bilan bitta so'z tufayli yo'qotgan vaqtim,Kofe do'konlari uchun tizimni frontend qismini qilayotgan edim. Ma'lumot kelganda ba'zi joylar bo'sh...,backend bilan bitta so z tufayli yo qotgan vaqtim,kofe do konlari uchun tizimni frontend qismini qilayotgan edim. ma lumot kelganda ba zi joylar bo sh.,49,49,9,9,103,101,17,17,0.0,1.94,True,True,False,False,False,Ligera: 0 %–5 %,0.0,False,kofe do konlari uchun tizimni frontend qismini qilayotgan edim. ma lumot kelganda ba zi joylar bo sh.,backend bilan bitta so z tufayli yo qotgan vaqtim kofe do konlari uchun tizimni frontend qismini qilayotgan edim. ma lumot kelganda ba zi joylar bo sh.,backend bilan bitta so z tufayli yo qotgan vaqtim kofe do konlari uchun tizimni frontend qismini qilayotgan edim. ma lumot kelganda ba zi joylar bo sh. ma'lumot qismini qilayotgan,backend bilan bitta so z tufayli yo qotgan vaqtim backend bilan bitta so z tufayli yo qotgan vaqtim kofe do konlari uchun tizimni frontend qismini qilayotgan edim. ma lumot kelganda ba zi joylar bo sh. ma'lumot qismini qilayotgan ma'lumot qismini qilayotgan,17,101,26,151,30,179,43,257
David Stark: Top High-Paying Roles,"👋 Hello Architects &amp; Elite Engineers,   The market is shifting. We are seeing a surge in...",datascience,"['👋 Hello Architects &', 'Elite Engineers']","['👋 Hello Architects &', 'Elite Engineers']","[""👋 Hello Architects &"", ""Elite Engineers""]",literal_eval,2,[],"[""👋 Hello Architects &"", ""Elite Engineers""]","[""ruido_exacto"", ""ruido_exacto""]",0,2,,David Stark: Top High-Paying Roles,"👋 Hello Architects &amp; Elite Engineers,   The market is shifting. We are seeing a surge in...",david stark: top high-paying roles,hello architects elite engineers the market is shifting. we are seeing a surge in.,34,34,5,5,95,82,14,14,0.0,13.68,True,True,False,False,False,Moderada: 5 %–15 %,0.0,False,hello architects elite engineers the market is shifting. we are seeing a surge in.,david stark: top high-paying roles hello architects elite engineers the market is shifting. we are seeing a surge in.,david stark: top high-paying roles hello architects elite engineers the market is shifting. we are seeing a surge in.,david stark: top high-paying roles david stark: top high-paying roles hello architects elite engineers the market is shifting. we are seeing a surge in.,14,82,19,117,19,117,24,152
How AI and Tech Are Reshaping Geospatial Work,How AI and Tech Are Reshaping Geospatial Work   Geospatial analysis used to mean long hours...,datascience,['long hours'],['long hours'],"[""long hours""]",literal_eval,1,"[""long hours""]",[],[],1,0,long hours,How AI and Tech Are Reshaping Geospatial Work,How AI and Tech Are Reshaping Geospatial Work   Geospatial analysis used to mean long hours...,how ai and tech are reshaping geospatial work,how ai and tech are reshaping geospatial work geospatial analysis used to mean long hours.,45,45,8,8,94,90,15,15,0.0,4.26,True,True,False,False,False,Ligera: 0 %–5 %,0.0,False,how ai and tech are reshaping geospatial work geospatial analysis used to mean long hours.,how ai and tech are reshaping geospatial work how ai and tech are reshaping geospatial work geospatial analysis used to mean long hours.,how ai and tech are reshaping geospatial work how ai and tech are reshaping geospatial work geospatial analysis used to mean long hours. long hours,how ai and tech are reshaping geospatial work how ai and tech are reshaping geospatial work how ai and tech are reshaping geospatial work geospatial analysis used to mean long hours. long hours long hours,15,90,23,136,25,147,35,204
Give me full Caption for dev community,"Cloud computing has completely changed the way SaaS products are  built, deployed, and...",backend,[],[],[],vacio,0,[],[],[],0,0,,Give me full Caption for dev community,"Cloud computing has completely changed the way SaaS products are  built, deployed, and...",give me full caption for dev community,cloud computing has completely changed the way saas products are built deployed and.,38,38,7,7,89,84,13,13,0.0,5.62,True,True,False,False,False,Moderada: 5 %–15 %,0.0,False,cloud computing has completely changed the way saas products are built deployed and.,give me full caption for dev community cloud computing has completely changed the way saas products are built deployed and.,give me full caption for dev community cloud computing has completely changed the way saas products are built deployed and.,give me full caption for dev community give me full caption for dev community cloud computing has completely changed the way saas products are built deployed and.,13,84,20,123,20,123,27,162
David Stark: Top High-Paying Roles,"👋 Hello Architects &amp; Elite Engineers,   The market is shifting. We are seeing a surge in...",backend,"['👋 Hello Architects &', 'Elite Engineers']","['👋 Hello Architects &', 'Elite Engineers']","[""👋 Hello Architects &"", ""Elite Engineers""]",literal_eval,2,[],"[""👋 Hello Architects &"", ""Elite Engineers""]","[""ruido_exacto"", ""ruido_exacto""]",0,2,,David Stark: Top High-Paying Roles,"👋 Hello Architects &amp; Elite Engineers,   The market is shifting. We are seeing a surge in...",david stark: top high-paying roles,hello architects elite engineers the market is shifting. we are seeing a surge in.,34,34,5,5,95,82,14,14,0.0,13.68,True,True,False,False,False,Moderada: 5 %–15 %,0.0,False,hello architects elite engineers the market is shifting. we are seeing a surge in.,david stark: top high-paying roles hello architects elite engineers the market is shifting. we are seeing a surge in.,david stark: top high-paying roles hello architects elite engineers the market is shifting. we are seeing a surge in.,david stark: top high-paying roles david stark: top high-paying roles hello architects elite engineers the market is shifting. we are seeing a surge in.,14,82,19,117,19,117,24,152
Frontend vs Backend Development: Which Path Is Better?,"If you're planning a career in software development, you've probably come across one of the most...",backend,[],[],[],vacio,0,[],[],[],0,0,,Frontend vs Backend Development: Which Path Is Better?,"If you're planning a career in software development, you've probably come across one of the most...",frontend vs backend development: which path is better,if you re planning a career in software development you ve probably come across one of the most.,54,53,8,8,99,96,18,18,1.85,3.03,True,True,False,False,False,Ligera: 0 %–5 %,0.0,False,if you re planning a career in software development you ve probably come across one of the most.,frontend vs backend development: which path is better if you re planning a career in software development you ve probably come across one of the most.,frontend vs backend development: which path is better if you re planning a career in software development you ve probably come across one of the most.,frontend vs backend development: which path is better frontend vs backend development: which path is better if you re planning a career in software development you ve probably come across one of the most.,18,96,26,150,26,150,34,204
Backend bilan bitta so'z tufayli yo'qotgan vaqtim,Kofe do'konlari uchun tizimni frontend qismini qilayotgan edim. Ma'lumot kelganda ba'zi joylar bo'sh...,backend,"[""Ma'lumot"", 'qismini qilayotgan']","[""Ma'lumot"", 'qismini qilayotgan']","[""Ma'lumot"", ""qismini qilayotgan""]",literal_eval,2,"[""ma'lumot"", ""qismini qilayotgan""]",[],[],2,0,ma'lumot qismini qilayotgan,Backend bilan bitta so'z tufayli yo'qotgan vaqtim,Kofe do'konlari uchun tizimni frontend qismini qilayotgan edim. Ma'lumot kelganda ba'zi joylar bo'sh...,backend bilan bitta so z tufayli yo qotgan vaqtim,kofe do konlari uchun tizimni frontend qismini qilayotgan edim. ma lumot kelganda ba zi joylar bo sh.,49,49,9,9,103,101,17,17,0.0,1.94,True,True,False,False,False,Ligera: 0 %–5 %,0.0,False,kofe do konlari uchun tizimni frontend qismini qilayotgan edim. ma lumot kelganda ba zi joylar bo sh.,backend bilan bitta so z tufayli yo qotgan vaqtim kofe do konlari uchun tizimni frontend qismini qilayotgan edim. ma lumot kelganda ba zi joylar bo sh.,backend bilan bitta so z tufayli yo qotgan vaqtim kofe do konlari uchun tizimni frontend qismini qilayotgan edim. ma lumot kelganda ba zi joylar bo sh. ma'lumot qismini qilayotgan,backend bilan bitta so z tufayli yo qotgan vaqtim backend bilan bitta so z tufayli yo qotgan vaqtim kofe do konlari uchun tizimni frontend qismini qilayotgan edim. ma lumot kelganda ba zi joylar bo sh. ma'lumot qismini qilayotgan ma'lumot qismini qilayotgan,17,101,26,151,30,179,43,257
David Stark: Top High-Paying Roles,"👋 Hello Architects &amp; Elite Engineers,   The market is shifting. We are seeing a surge in...",backend,"['👋 Hello Architects &', 'Elite Engineers']","['👋 Hello Architects &', 'Elite Engineers']","[""👋 Hello Architects &"", ""Elite Engineers""]",literal_eval,2,[],"[""👋 Hello Architects &"", ""Elite Engineers""]","[""ruido_exacto"", ""ruido_exacto""]",0,2,,David Stark: Top High-Paying Roles,"👋 Hello Architects &amp; Elite Engineers,   The market is shifting. We are seeing a surge in...",david stark: top high-paying roles,hello architects elite engineers the market is shifting. we are seeing a surge in.,34,34,5,5,95,82,14,14,0.0,13.68,True,True,False,False,False,Moderada: 5 %–15 %,0.0,False,hello architects elite engineers the market is shifting. we are seeing a surge in.,david stark: top high-paying roles hello architects elite engineers the market is shifting. we are seeing a surge in.,david stark: top high-paying roles hello architects elite engineers the market is shifting. we are seeing a surge in.,david stark: top high-paying roles david stark: top high-paying roles hello architects elite engineers the market is shifting. we are seeing a surge in.,14,82,19,117,19,117,24,152
Revolutionizing Software Delivery: AI-Driven DevOps Workflows,Revolutionizing Software Delivery: AI-Driven DevOps Workflows   The landscape of software...,frontend,[],[],[],vacio,0,[],[],[],0,0,,Revolutionizing Software Delivery: AI-Driven DevOps Workflows,Revolutionizing Software Delivery: AI-Driven DevOps Workflows   The landscape of software...,revolutionizing software delivery: ai-driven devops workflows,revolutionizing software delivery: ai-driven devops workflows the landscape of software.,61,61,6,6,92,88,10,10,0.0,4.35,True,True,False,False,False,Ligera: 0 %–5 %,0.0,False,revolutionizing software delivery: ai-driven devops workflows the landscape of software.,revolutionizing software delivery: ai-driven devops workflows revolutionizing software delivery: ai-driven devops workflows the landscape of software.,revolutionizing software delivery: ai-driven devops workflows revolutionizing software delivery: ai-driven devops workflows the landscape of software.,revolutionizing software delivery: ai-driven devops workflows revolutionizing software delivery: ai-driven devops workflows revolutionizing software delivery: ai-driven devops workflows the landscape of software.,10,88,16,150,16,150,22,212
The Dawn of Agentic AI: Navigating the Future of Autonomous Systems,The Dawn of Agentic AI: Navigating the Future of Autonomous Systems   Artificial...,frontend,[],[],[],vacio,0,[],[],[],0,0,,The Dawn of Agentic AI: Navigating the Future of Autonomous Systems,The Dawn of Agentic AI: Navigating the Future of Autonomous Systems   Artificial...,the dawn of agentic ai: navigating the future of autonomous systems,the dawn of agentic ai: navigating the future of autonomous systems artificial.,67,67,11,11,83,79,12,12,0.0,4.82,True,True,False,False,False,Ligera: 0 %–5 %,0.0,False,the dawn of agentic ai: navigating the future of autonomous systems artificial.,the dawn of agentic ai: navigating the future of autonomous systems the dawn of agentic ai: navigating the future of autonomous systems artificial.,the dawn of agentic ai: navigating the future of autonomous systems the dawn of agentic ai: navigating the future of autonomous systems artificial.,the dawn of agentic ai: navigating the future of autonomous systems the dawn of agentic ai: navigating the future of autonomous systems the dawn of agentic ai: navigating the future of autonomous systems artificial.,12,79,23,147,23,147,34,215
I Switched from Postman to Bruno 🚀,"I recently moved from Postman to Bruno, and I'm really liking it so far.  It feels much lighter,...",backend,"['Postman', 'Bruno']","['Postman', 'Bruno']","[""Postman"", ""Bruno""]",literal_eval,2,"[""postman"", ""bruno""]",[],[],2,0,postman bruno,I Switched from Postman to Bruno 🚀,"I recently moved from Postman to Bruno, and I'm really liking it so far.  It feels much lighter,...",i switched from postman to bruno,i recently moved from postman to bruno and i m really liking it so far. it feels much lighter,34,32,6,6,99,93,19,19,5.88,6.06,True,True,False,False,False,Moderada: 5 %–15 %,0.0,False,i recently moved from postman to bruno and i m really liking it so far. it feels much lighter,i switched from postman to bruno i recently moved from postman to bruno and i m really liking it so far. it feels much lighter,i switched from postman to bruno i recently moved from postman to bruno and i m really liking it so far. it feels much lighter postman bruno,i switched from postman to bruno i switched from postman to bruno i recently moved from postman to bruno and i m really liking it so far. it feels much lighter postman bruno postman bruno,19,93,25,126,27,140,35,187
Scaling Your Automation Workflows: From Script to Enterprise Solution,Scaling Your Automation Workflows: From Script to Enterprise Solution   In today's...,backend,['today'],['today'],"[""today""]",literal_eval,1,[],"[""today""]","[""ruido_exacto""]",0,1,,Scaling Your Automation Workflows: From Script to Enterprise Solution,Scaling Your Automation Workflows: From Script to Enterprise Solution   In today's...,scaling your automation workflows: from script to enterprise solution,scaling your automation workflows: from script to enterprise solution in today s.,69,69,9,9,85,81,12,12,0.0,4.71,True,True,False,False,False,Ligera: 0 %–5 %,0.0,False,scaling your automation workflows: from script to enterprise solution in today s.,scaling your automation workflows: from script to enterprise solution scaling your automation workflows: from script to enterprise solution in today s.,scaling your automation workflows: from script to enterprise solution scaling your automation workflows: from script to enterprise solution in today s.,scaling your automation workflows: from script to enterprise solution scaling your automation workflows: from script to enterprise solution scaling your automation workflows: from script to enterprise solution in today s.,12,81,21,151,21,151,30,221
David Stark: Top High-Paying Roles,"👋 Hello Architects &amp; Elite Engineers,   The market is shifting. We are seeing a surge in...",cloud,"['👋 Hello Architects &', 'Elite Engineers']","['👋 Hello Architects &', 'Elite Engineers']","[""👋 Hello Architects &"", ""Elite Engineers""]",literal_eval,2,[],"[""👋 Hello Architects &"", ""Elite Engineers""]","[""ruido_exacto"", ""ruido_exacto""]",0,2,,David Stark: Top High-Paying Roles,"👋 Hello Architects &amp; Elite Engineers,   The market is shifting. We are seeing a surge in...",david stark: top high-paying roles,hello architects elite engineers the market is shifting. we are seeing a surge in.,34,34,5,5,95,82,14,14,0.0,13.68,True,True,False,False,False,Moderada: 5 %–15 %,0.0,False,hello architects elite engineers the market is shifting. we are seeing a surge in.,david stark: top high-paying roles hello architects elite engineers the market is shifting. we are seeing a surge in.,david stark: top high-paying roles hello architects elite engineers the market is shifting. we are seeing a surge in.,david stark: top high-paying roles david stark: top high-paying roles hello architects elite engineers the market is shifting. we are seeing a surge in.,14,82,19,117,19,117,24,152
Frontend vs Backend Development: Which Path Is Better?,"If you're planning a career in software development, you've probably come across one of the most...",frontend,[],[],[],vacio,0,[],[],[],0,0,,Frontend vs Backend Development: Which Path Is Better?,"If you're planning a career in software development, you've probably come across one of the most...",frontend vs backend development: which path is better,if you re planning a career in software development you ve probably come across one of the most.,54,53,8,8,99,96,18,18,1.85,3.03,True,True,False,False,False,Ligera: 0 %–5 %,0.0,False,if you re planning a career in software development you ve probably come across one of the most.,frontend vs backend development: which path is better if you re planning a career in software development you ve probably come across one of the most.,frontend vs backend development: which path is better if you re planning a career in software development you ve probably come across one of the most.,frontend vs backend development: which path is better frontend vs backend development: which path is better if you re planning a career in software development you ve probably come across one of the most.,18,96,26,150,26,150,34,204
Building a FastAPI Backend That Serves Live Satellite Imagery and Orbital Position,TL;DR — I built a full-stack app that shows one place — the Sheffield Cholera Monument — from two...,backend,['the Sheffield Cholera Monument'],['the Sheffield Cholera Monument'],"[""the Sheffield Cholera Monument""]",literal_eval,1,"[""the sheffield cholera monument""]",[],[],1,0,the sheffield cholera monument,Building a FastAPI Backend That Serves Live Satellite Imagery and Orbital Position,TL;DR — I built a full-stack app that shows one place — the Sheffield Cholera Monument — from two...,building a fastapi backend that serves live satellite imagery and orbital position,tl dr i built a full-stack app that shows one place the sheffield cholera monument from two.,82,82,12,12,100,92,17,17,0.0,8.0,True,True,False,False,False,Moderada: 5 %–15 %,0.0,False,tl dr i built a full-stack app that shows one place the sheffield cholera monument from two.,building a fastapi backend that serves live satellite imagery and orbital position tl dr i built a full-stack app that shows one place the sheffield cholera monument from two.,building a fastapi backend that serves live satellite imagery and orbital position tl dr i built a full-stack app that shows one place the sheffield cholera monument from two. the sheffield cholera monument,building a fastapi backend that serves live satellite imagery and orbital position building a fastapi backend that serves live satellite imagery and orbital position tl dr i built a full-stack app that shows one place the sheffield cholera monument from two. the sheffield cholera monument the sheffield cholera monument,17,92,29,175,33,206,49,320
David Stark: Top High-Paying Roles,"👋 Hello Architects &amp; Elite Engineers,   The market is shifting. We are seeing a surge in...",backend,"['👋 Hello Architects &', 'Elite Engineers']","['👋 Hello Architects &', 'Elite Engineers']","[""👋 Hello Architects &"", ""Elite Engineers""]",literal_eval,2,[],"[""👋 Hello Architects &"", ""Elite Engineers""]","[""ruido_exacto"", ""ruido_exacto""]",0,2,,David Stark: Top High-Paying Roles,"👋 Hello Architects &amp; Elite Engineers,   The market is shifting. We are seeing a surge in...",david stark: top high-paying roles,hello architects elite engineers the market is shifting. we are seeing a surge in.,34,34,5,5,95,82,14,14,0.0,13.68,True,True,False,False,False,Moderada: 5 %–15 %,0.0,False,hello architects elite engineers the market is shifting. we are seeing a surge in.,david stark: top high-paying roles hello architects elite engineers the market is shifting. we are seeing a surge in.,david stark: top high-paying roles hello architects elite engineers the market is shifting. we are seeing a surge in.,david stark: top high-paying roles david stark: top high-paying roles hello architects elite engineers the market is shifting. we are seeing a surge in.,14,82,19,117,19,117,24,152
David Stark: Top High-Paying Roles,"👋 Hello Architects &amp; Elite Engineers,   The market is shifting. We are seeing a surge in...",backend,"['👋 Hello Architects &', 'Elite Engineers']","['👋 Hello Architects &', 'Elite Engineers']","[""👋 Hello Architects &"", ""Elite Engineers""]",literal_eval,2,[],"[""👋 Hello Architects &"", ""Elite Engineers""]","[""ruido_exacto"", ""ruido_exacto""]",0,2,,David Stark: Top High-Paying Roles,"👋 Hello Architects &amp; Elite Engineers,   The market is shifting. We are seeing a surge in...",david stark: top high-paying roles,hello architects elite engineers the market is shifting. we are seeing a surge in.,34,34,5,5,95,82,14,14,0.0,13.68,True,True,False,False,False,Moderada: 5 %–15 %,0.0,False,hello architects elite engineers the market is shifting. we are seeing a surge in.,david stark: top high-paying roles hello architects elite engineers the market is shifting. we are seeing a surge in.,david stark: top high-paying roles hello architects elite engineers the market is shifting. we are seeing a surge in.,david stark: top high-paying roles david stark: top high-paying roles hello architects elite engineers the market is shifting. we are seeing a surge in.,14,82,19,117,19,117,24,152
David Stark: Top High-Paying Roles,"👋 Hello Architects &amp; Elite Engineers,   The market is shifting. We are seeing a surge in...",datascience,"['👋 Hello Architects &', 'Elite Engineers']","['👋 Hello Architects &', 'Elite Engineers']","[""👋 Hello Architects &"", ""Elite Engineers""]",literal_eval,2,[],"[""👋 Hello Architects &"", ""Elite Engineers""]","[""ruido_exacto"", ""ruido_exacto""]",0,2,,David Stark: Top High-Paying Roles,"👋 Hello Architects &amp; Elite Engineers,   The market is shifting. We are seeing a surge in...",david stark: top high-paying roles,hello architects elite engineers the market is shifting. we are seeing a surge in.,34,34,5,5,95,82,14,14,0.0,13.68,True,True,False,False,False,Moderada: 5 %–15 %,0.0,False,hello architects elite engineers the market is shifting. we are seeing a surge in.,david stark: top high-paying roles hello architects elite engineers the market is shifting. we are seeing a surge in.,david stark: top high-paying roles hello architects elite engineers the market is shifting. we are seeing a surge in.,david stark: top high-paying roles david stark: top high-paying roles hello architects elite engineers the market is shifting. we are seeing a surge in.,14,82,19,117,19,117,24,152
Scaling Your Automation Workflows: From Script to Enterprise Solution,Scaling Your Automation Workflows: From Script to Enterprise Solution   In today's...,frontend,['today'],['today'],"[""today""]",literal_eval,1,[],"[""today""]","[""ruido_exacto""]",0,1,,Scaling Your Automation Workflows: From Script to Enterprise Solution,Scaling Your Automation Workflows: From Script to Enterprise Solution   In today's...,scaling your automation workflows: from script to enterprise solution,scaling your automation workflows: from script to enterprise solution in today s.,69,69,9,9,85,81,12,12,0.0,4.71,True,True,False,False,False,Ligera: 0 %–5 %,0.0,False,scaling your automation workflows: from script to enterprise solution in today s.,scaling your automation workflows: from script to enterprise solution scaling your automation workflows: from script to enterprise solution in today s.,scaling your automation workflows: from script to enterprise solution scaling your automation workflows: from script to enterprise solution in today s.,scaling your automation workflows: from script to enterprise solution scaling your automation workflows: from script to enterprise solution scaling your automation workflows: from script to enterprise solution in today s.,12,81,21,151,21,151,30,221
AI Powered Java Full Stack Course in Telugu for Freshers and Graduates,Introduction Freshers and graduates often look for career-oriented programs that can help them enter...,backend,[],[],[],vacio,0,[],[],[],0,0,,AI Powered Java Full Stack Course in Telugu for Freshers and Graduates,Introduction Freshers and graduates often look for career-oriented programs that can help them enter...,ai powered java full stack course in telugu for freshers and graduates,introduction freshers and graduates often look for career-oriented programs that can help them enter.,70,70,12,12,103,101,14,14,0.0,1.94,True,True,False,False,False,Ligera: 0 %–5 %,0.0,False,introduction freshers and graduates often look for career-oriented programs that can help them enter.,ai powered java full stack course in telugu for freshers and graduates introduction freshers and graduates often look for career-oriented programs that can help them enter.,ai powered java full stack course in telugu for freshers and graduates introduction freshers and graduates often look for career-oriented programs that can help them enter.,ai powered java full stack course in telugu for freshers and graduates ai powered java full stack course in telugu for freshers and graduates introduction freshers and graduates often look for career-oriented programs that can help them enter.,14,101,26,172,26,172,38,243
Cookie attributes,🍪           A Deeper Look at Cookie Attributes   📦 Set-Cookie Header  When a server wants to create...,frontend,[],[],[],vacio,0,[],[],[],0,0,,Cookie attributes,🍪           A Deeper Look at Cookie Attributes   📦 Set-Cookie Header  When a server wants to create...,cookie attributes,a deeper look at cookie attributes set-cookie header when a server wants to create.,17,17,2,2,102,83,14,14,0.0,18.63,True,True,False,False,False,Alta: 15 %–30 %,0.0,False,a deeper look at cookie attributes set-cookie header when a server wants to create.,cookie attributes a deeper look at cookie attributes set-cookie header when a server wants to create.,cookie attributes a deeper look at cookie attributes set-cookie header when a server wants to create.,cookie attributes cookie attributes a deeper look at cookie attributes set-cookie header when a server wants to create.,14,83,16,101,16,101,18,119
The Cloud is a Scam (For 90% of Your Projects),"Why developers are abandoning complex serverless architectures and expensive cloud bills to go back to simple, dedicated hosting.",backend,[],[],[],vacio,0,[],[],[],0,0,,The Cloud is a Scam (For 90% of Your Projects),"Why developers are abandoning complex serverless architectures and expensive cloud bills to go back to simple, dedicated hosting.",the cloud is a scam for 90 of your projects,why developers are abandoning complex serverless architectures and expensive cloud bills to go back to simple dedicated hosting.,46,43,10,10,129,128,18,18,6.52,0.78,True,True,False,False,False,Ligera: 0 %–5 %,0.0,False,why developers are abandoning complex serverless architectures and expensive cloud bills to go back to simple dedicated hosting.,the cloud is a scam for 90 of your projects why developers are abandoning complex serverless architectures and expensive cloud bills to go back to simple dedicated hosting.,the cloud is a scam for 90 of your projects why developers are abandoning complex serverless architectures and expensive cloud bills to go back to simple dedicated hosting.,the cloud is a scam for 90 of your projects the cloud is a scam for 90 of your projects why developers are abandoning complex serverless architectures and expensive cloud bills to go back to simple dedicated hosting.,18,128,28,172,28,172,38,216
Building a FastAPI Backend That Serves Live Satellite Imagery and Orbital Position,TL;DR — I built a full-stack app that shows one place — the Sheffield Cholera Monument — from two...,datascience,['the Sheffield Cholera Monument'],['the Sheffield Cholera Monument'],"[""the Sheffield Cholera Monument""]",literal_eval,1,"[""the sheffield cholera monument""]",[],[],1,0,the sheffield cholera monument,Building a FastAPI Backend That Serves Live Satellite Imagery and Orbital Position,TL;DR — I built a full-stack app that shows one place — the Sheffield Cholera Monument — from two...,building a fastapi backend that serves live satellite imagery and orbital position,tl dr i built a full-stack app that shows one place the sheffield cholera monument from two.,82,82,12,12,100,92,17,17,0.0,8.0,True,True,False,False,False,Moderada: 5 %–15 %,0.0,False,tl dr i built a full-stack app that shows one place the sheffield cholera monument from two.,building a fastapi backend that serves live satellite imagery and orbital position tl dr i built a full-stack app that shows one place the sheffield cholera monument from two.,building a fastapi backend that serves live satellite imagery and orbital position tl dr i built a full-stack app that shows one place the sheffield cholera monument from two. the sheffield cholera monument,building a fastapi backend that serves live satellite imagery and orbital position building a fastapi backend that serves live satellite imagery and orbital position tl dr i built a full-stack app that shows one place the sheffield cholera monument from two. the sheffield cholera monument the sheffield cholera monument,17,92,29,175,33,206,49,320
How to Replace Legacy Reporting Tools with Light REST APIs (And Save Infrastructure Costs),"If you have ever worked on enterprise applications, ERPs, or legacy software, you probably know...",cloud,[],[],[],vacio,0,[],[],[],0,0,,How to Replace Legacy Reporting Tools with Light REST APIs (And Save Infrastructure Costs),"If you have ever worked on enterprise applications, ERPs, or legacy software, you probably know...",how to replace legacy reporting tools with light rest apis and save infrastructure costs,if you have ever worked on enterprise applications erps or legacy software you probably know.,90,88,14,14,98,93,15,15,2.22,5.1,True,True,False,False,False,Moderada: 5 %–15 %,0.0,False,if you have ever worked on enterprise applications erps or legacy software you probably know.,how to replace legacy reporting tools with light rest apis and save infrastructure costs if you have ever worked on enterprise applications erps or legacy software you probably know.,how to replace legacy reporting tools with light rest apis and save infrastructure costs if you have ever worked on enterprise applications erps or legacy software you probably know.,how to replace legacy reporting tools with light rest apis and save infrastructure costs how to replace legacy reporting tools with light rest apis and save infrastructure costs if you have ever worked on enterprise applications erps or legacy software you probably know.,15,93,29,182,29,182,43,271
David Stark: Top High-Paying Roles,"👋 Hello Architects &amp; Elite Engineers,   The market is shifting. We are seeing a surge in...",cloud,"['👋 Hello Architects &', 'Elite Engineers']","['👋 Hello Architects &', 'Elite Engineers']","[""👋 Hello Architects &"", ""Elite Engineers""]",literal_eval,2,[],"[""👋 Hello Architects &"", ""Elite Engineers""]","[""ruido_exacto"", ""ruido_exacto""]",0,2,,David Stark: Top High-Paying Roles,"👋 Hello Architects &amp; Elite Engineers,   The market is shifting. We are seeing a surge in...",david stark: top high-paying roles,hello architects elite engineers the market is shifting. we are seeing a surge in.,34,34,5,5,95,82,14,14,0.0,13.68,True,True,False,False,False,Moderada: 5 %–15 %,0.0,False,hello architects elite engineers the market is shifting. we are seeing a surge in.,david stark: top high-paying roles hello architects elite engineers the market is shifting. we are seeing a surge in.,david stark: top high-paying roles hello architects elite engineers the market is shifting. we are seeing a surge in.,david stark: top high-paying roles david stark: top high-paying roles hello architects elite engineers the market is shifting. we are seeing a surge in.,14,82,19,117,19,117,24,152
Wholesale Saree Manufacturer in India: How Retailers and Global Buyers Source Directly from Surat,Wholesale Saree Manufacturer in India: How Retailers and Global Buyers Source Directly from...,backend,"['India', 'Saree Manufacturer']","['India', 'Saree Manufacturer']","[""India"", ""Saree Manufacturer""]",literal_eval,2,"[""india"", ""saree manufacturer""]",[],[],2,0,india saree manufacturer,Wholesale Saree Manufacturer in India: How Retailers and Global Buyers Source Directly from Surat,Wholesale Saree Manufacturer in India: How Retailers and Global Buyers Source Directly from...,wholesale saree manufacturer in india: how retailers and global buyers source directly from surat,wholesale saree manufacturer in india: how retailers and global buyers source directly from.,97,97,14,14,94,92,13,13,0.0,2.13,True,True,False,False,False,Ligera: 0 %–5 %,0.0,False,wholesale saree manufacturer in india: how retailers and global buyers source directly from.,wholesale saree manufacturer in india: how retailers and global buyers source directly from surat wholesale saree manufacturer in india: how retailers and global buyers source directly from.,wholesale saree manufacturer in india: how retailers and global buyers source directly from surat wholesale saree manufacturer in india: how retailers and global buyers source directly from. india saree manufacturer,wholesale saree manufacturer in india: how retailers and global buyers source directly from surat wholesale saree manufacturer in india: how retailers and global buyers source directly from surat wholesale saree manufacturer in india: how retailers and global buyers source directly from. india saree manufacturer india saree manufacturer,13,92,27,190,30,215,47,338
"I Fixed an AI-Generated Backend That Was Falling Apart — Here's What Actually Mattered""","Trusting your developer would save you a lot. Here's how.  A week ago, I got introduced to a project....",frontend,['A week ago'],['A week ago'],"[""A week ago""]",literal_eval,1,"[""a week ago""]",[],[],1,0,a week ago,"I Fixed an AI-Generated Backend That Was Falling Apart — Here's What Actually Mattered""","Trusting your developer would save you a lot. Here's how.  A week ago, I got introduced to a project....",i fixed an ai-generated backend that was falling apart here s what actually mattered,trusting your developer would save you a lot. here s how. a week ago i got introduced to a project.,87,84,14,14,104,99,20,20,3.45,4.81,True,True,False,False,False,Ligera: 0 %–5 %,0.0,False,trusting your developer would save you a lot. here s how. a week ago i got introduced to a project.,i fixed an ai-generated backend that was falling apart here s what actually mattered trusting your developer would save you a lot. here s how. a week ago i got introduced to a project.,i fixed an ai-generated backend that was falling apart here s what actually mattered trusting your developer would save you a lot. here s how. a week ago i got introduced to a project. a week ago,i fixed an ai-generated backend that was falling apart here s what actually mattered i fixed an ai-generated backend that was falling apart here s what actually mattered trusting your developer would save you a lot. here s how. a week ago i got introduced to a project. a week ago a week ago,20,99,34,184,37,195,54,291
44/60 Days System Design Questions,"Your team just shipped ""offline mode"" for your field-service app. Technicians work in basements,...",frontend,['Technicians'],['Technicians'],"[""Technicians""]",literal_eval,1,"[""technicians""]",[],[],1,0,technicians,44/60 Days System Design Questions,"Your team just shipped ""offline mode"" for your field-service app. Technicians work in basements,...",44/60 days system design questions,your team just shipped offline mode for your field-service app. technicians work in basements,34,34,5,5,99,93,14,14,0.0,6.06,True,True,False,False,False,Moderada: 5 %–15 %,0.0,False,your team just shipped offline mode for your field-service app. technicians work in basements,44/60 days system design questions your team just shipped offline mode for your field-service app. technicians work in basements,44/60 days system design questions your team just shipped offline mode for your field-service app. technicians work in basements technicians,44/60 days system design questions 44/60 days system design questions your team just shipped offline mode for your field-service app. technicians work in basements technicians technicians,14,93,19,128,20,140,26,187
Mastering Secrets Management in the Cloud: A Secure Foundation for Your Applications,Mastering Secrets Management in the Cloud: A Secure Foundation for Your Applications   In...,frontend,['Mastering Secrets Management'],['Mastering Secrets Management'],"[""Mastering Secrets Management""]",literal_eval,1,"[""mastering secrets management""]",[],[],1,0,mastering secrets management,Mastering Secrets Management in the Cloud: A Secure Foundation for Your Applications,Mastering Secrets Management in the Cloud: A Secure Foundation for Your Applications   In...,mastering secrets management in the cloud: a secure foundation for your applications,mastering secrets management in the cloud: a secure foundation for your applications in.,84,84,12,12,92,88,13,13,0.0,4.35,True,True,False,False,False,Ligera: 0 %–5 %,0.0,False,mastering secrets management in the cloud: a secure foundation for your applications in.,mastering secrets management in the cloud: a secure foundation for your applications mastering secrets management in the cloud: a secure foundation for your applications in.,mastering secrets management in the cloud: a secure foundation for your applications mastering secrets management in the cloud: a secure foundation for your applications in. mastering secrets management,mastering secrets management in the cloud: a secure foundation for your applications mastering secrets management in the cloud: a secure foundation for your applications mastering secrets management in the cloud: a secure foundation for your applications in. mastering secrets management mastering secrets management,13,88,25,173,28,202,43,316
I Switched from Postman to Bruno 🚀,"I recently moved from Postman to Bruno, and I'm really liking it so far.  It feels much lighter,...",frontend,"['Postman', 'Bruno']","['Postman', 'Bruno']","[""Postman"", ""Bruno""]",literal_eval,2,"[""postman"", ""bruno""]",[],[],2,0,postman bruno,I Switched from Postman to Bruno 🚀,"I recently moved from Postman to Bruno, and I'm really liking it so far.  It feels much lighter,...",i switched from postman to bruno,i recently moved from postman to bruno and i m really liking it so far. it feels much lighter,34,32,6,6,99,93,19,19,5.88,6.06,True,True,False,False,False,Moderada: 5 %–15 %,0.0,False,i recently moved from postman to bruno and i m really liking it so far. it feels much lighter,i switched from postman to bruno i recently moved from postman to bruno and i m really liking it so far. it feels much lighter,i switched from postman to bruno i recently moved from postman to bruno and i m really liking it so far. it feels much lighter postman bruno,i switched from postman to bruno i switched from postman to bruno i recently moved from postman to bruno and i m really liking it so far. it feels much lighter postman bruno postman bruno,19,93,25,126,27,140,35,187
44/60 Days System Design Questions,"Your team just shipped ""offline mode"" for your field-service app. Technicians work in basements,...",backend,['Technicians'],['Technicians'],"[""Technicians""]",literal_eval,1,"[""technicians""]",[],[],1,0,technicians,44/60 Days System Design Questions,"Your team just shipped ""offline mode"" for your field-service app. Technicians work in basements,...",44/60 days system design questions,your team just shipped offline mode for your field-service app. technicians work in basements,34,34,5,5,99,93,14,14,0.0,6.06,True,True,False,False,False,Moderada: 5 %–15 %,0.0,False,your team just shipped offline mode for your field-service app. technicians work in basements,44/60 days system design questions your team just shipped offline mode for your field-service app. technicians work in basements,44/60 days system design questions your team just shipped offline mode for your field-service app. technicians work in basements technicians,44/60 days system design questions 44/60 days system design questions your team just shipped offline mode for your field-service app. technicians work in basements technicians technicians,14,93,19,128,20,140,26,187
Matrix Screen Saver for Mac,I was looking for a screen saver that was unique and what I finally found was a screen saver that looked like the cascading code from the Matrix movies. What’s ,backend,[],[],[],vacio,0,[],[],[],0,0,,Matrix Screen Saver for Mac,I was looking for a screen saver that was unique and what I finally found was a screen saver that looked like the cascading code from the Matrix movies. What’s ,matrix screen saver for mac,i was looking for a screen saver that was unique and what i finally found was a screen saver that looked like the cascading code from the matrix movies. what s,27,27,5,5,160,159,31,31,0.0,0.62,True,True,False,False,False,Ligera: 0 %–5 %,0.0,False,i was looking for a screen saver that was unique and what i finally found was a screen saver that looked like the cascading code from the matrix movies. what s,matrix screen saver for mac i was looking for a screen saver that was unique and what i finally found was a screen saver that looked like the cascading code from the matrix movies. what s,matrix screen saver for mac i was looking for a screen saver that was unique and what i finally found was a screen saver that looked like the cascading code from the matrix movies. what s,matrix screen saver for mac matrix screen saver for mac i was looking for a screen saver that was unique and what i finally found was a screen saver that looked like the cascading code from the matrix movies. what s,31,159,36,187,36,187,41,215
David Stark: Top High-Paying Roles,"👋 Hello Architects &amp; Elite Engineers,   The market is shifting. We are seeing a surge in...",backend,"['👋 Hello Architects &', 'Elite Engineers']","['👋 Hello Architects &', 'Elite Engineers']","[""👋 Hello Architects &"", ""Elite Engineers""]",literal_eval,2,[],"[""👋 Hello Architects &"", ""Elite Engineers""]","[""ruido_exacto"", ""ruido_exacto""]",0,2,,David Stark: Top High-Paying Roles,"👋 Hello Architects &amp; Elite Engineers,   The market is shifting. We are seeing a surge in...",david stark: top high-paying roles,hello architects elite engineers the market is shifting. we are seeing a surge in.,34,34,5,5,95,82,14,14,0.0,13.68,True,True,False,False,False,Moderada: 5 %–15 %,0.0,False,hello architects elite engineers the market is shifting. we are seeing a surge in.,david stark: top high-paying roles hello architects elite engineers the market is shifting. we are seeing a surge in.,david stark: top high-paying roles hello architects elite engineers the market is shifting. we are seeing a surge in.,david stark: top high-paying roles david stark: top high-paying roles hello architects elite engineers the market is shifting. we are seeing a surge in.,14,82,19,117,19,117,24,152
How to Replace Legacy Reporting Tools with Light REST APIs (And Save Infrastructure Costs),"If you have ever worked on enterprise applications, ERPs, or legacy software, you probably know...",backend,[],[],[],vacio,0,[],[],[],0,0,,How to Replace Legacy Reporting Tools with Light REST APIs (And Save Infrastructure Costs),"If you have ever worked on enterprise applications, ERPs, or legacy software, you probably know...",how to replace legacy reporting tools with light rest apis and save infrastructure costs,if you have ever worked on enterprise applications erps or legacy software you probably know.,90,88,14,14,98,93,15,15,2.22,5.1,True,True,False,False,False,Moderada: 5 %–15 %,0.0,False,if you have ever worked on enterprise applications erps or legacy software you probably know.,how to replace legacy reporting tools with light rest apis and save infrastructure costs if you have ever worked on enterprise applications erps or legacy software you probably know.,how to replace legacy reporting tools with light rest apis and save infrastructure costs if you have ever worked on enterprise applications erps or legacy software you probably know.,how to replace legacy reporting tools with light rest apis and save infrastructure costs how to replace legacy reporting tools with light rest apis and save infrastructure costs if you have ever worked on enterprise applications erps or legacy software you probably know.,15,93,29,182,29,182,43,271
Give me full Caption for dev community,"Cloud computing has completely changed the way SaaS products are  built, deployed, and...",cloud,[],[],[],vacio,0,[],[],[],0,0,,Give me full Caption for dev community,"Cloud computing has completely changed the way SaaS products are  built, deployed, and...",give me full caption for dev community,cloud computing has completely changed the way saas products are built deployed and.,38,38,7,7,89,84,13,13,0.0,5.62,True,True,False,False,False,Moderada: 5 %–15 %,0.0,False,cloud computing has completely changed the way saas products are built deployed and.,give me full caption for dev community cloud computing has completely changed the way saas products are built deployed and.,give me full caption for dev community cloud computing has completely changed the way saas products are built deployed and.,give me full caption for dev community give me full caption for dev community cloud computing has completely changed the way saas products are built deployed and.,13,84,20,123,20,123,27,162
How AI and Tech Are Reshaping Geospatial Work,How AI and Tech Are Reshaping Geospatial Work   Geospatial analysis used to mean long hours...,cloud,['long hours'],['long hours'],"[""long hours""]",literal_eval,1,"[""long hours""]",[],[],1,0,long hours,How AI and Tech Are Reshaping Geospatial Work,How AI and Tech Are Reshaping Geospatial Work   Geospatial analysis used to mean long hours...,how ai and tech are reshaping geospatial work,how ai and tech are reshaping geospatial work geospatial analysis used to mean long hours.,45,45,8,8,94,90,15,15,0.0,4.26,True,True,False,False,False,Ligera: 0 %–5 %,0.0,False,how ai and tech are reshaping geospatial work geospatial analysis used to mean long hours.,how ai and tech are reshaping geospatial work how ai and tech are reshaping geospatial work geospatial analysis used to mean long hours.,how ai and tech are reshaping geospatial work how ai and tech are reshaping geospatial work geospatial analysis used to mean long hours. long hours,how ai and tech are reshaping geospatial work how ai and tech are reshaping geospatial work how ai and tech are reshaping geospatial work geospatial analysis used to mean long hours. long hours long hours,15,90,23,136,25,147,35,204
AI Powered Java Full Stack Course in Telugu for Freshers and Graduates,Introduction Freshers and graduates often look for career-oriented programs that can help them enter...,frontend,[],[],[],vacio,0,[],[],[],0,0,,AI Powered Java Full Stack Course in Telugu for Freshers and Graduates,Introduction Freshers and graduates often look for career-oriented programs that can help them enter...,ai powered java full stack course in telugu for freshers and graduates,introduction freshers and graduates often look for career-oriented programs that can help them enter.,70,70,12,12,103,101,14,14,0.0,1.94,True,True,False,False,False,Ligera: 0 %–5 %,0.0,False,introduction freshers and graduates often look for career-oriented programs that can help them enter.,ai powered java full stack course in telugu for freshers and graduates introduction freshers and graduates often look for career-oriented programs that can help them enter.,ai powered java full stack course in telugu for freshers and graduates introduction freshers and graduates often look for career-oriented programs that can help them enter.,ai powered java full stack course in telugu for freshers and graduates ai powered java full stack course in telugu for freshers and graduates introduction freshers and graduates often look for career-oriented programs that can help them enter.,14,101,26,172,26,172,38,243
Building Resilient Infrastructure: Embracing Self-Healing Systems with Artificial Intelligence,Building Resilient Infrastructure: Embracing Self-Healing Systems with Artificial...,backend,['Artificial'],['Artificial'],"[""Artificial""]",literal_eval,1,"[""artificial""]",[],[],1,0,artificial,Building Resilient Infrastructure: Embracing Self-Healing Systems with Artificial Intelligence,Building Resilient Infrastructure: Embracing Self-Healing Systems with Artificial...,building resilient infrastructure: embracing self-healing systems with artificial intelligence,building resilient infrastructure: embracing self-healing systems with artificial.,94,94,9,9,84,82,8,8,0.0,2.38,True,True,False,False,False,Ligera: 0 %–5 %,0.0,False,building resilient infrastructure: embracing self-healing systems with artificial.,building resilient infrastructure: embracing self-healing systems with artificial intelligence building resilient infrastructure: embracing self-healing systems with artificial.,building resilient infrastructure: embracing self-healing systems with artificial intelligence building resilient infrastructure: embracing self-healing systems with artificial. artificial,building resilient infrastructure: embracing self-healing systems with artificial intelligence building resilient infrastructure: embracing self-healing systems with artificial intelligence building resilient infrastructure: embracing self-healing systems with artificial. artificial artificial,8,82,17,177,18,188,28,294
David Stark: Top High-Paying Roles,"👋 Hello Architects &amp; Elite Engineers,   The market is shifting. We are seeing a surge in...",backend,"['👋 Hello Architects &', 'Elite Engineers']","['👋 Hello Architects &', 'Elite Engineers']","[""👋 Hello Architects &"", ""Elite Engineers""]",literal_eval,2,[],"[""👋 Hello Architects &"", ""Elite Engineers""]","[""ruido_exacto"", ""ruido_exacto""]",0,2,,David Stark: Top High-Paying Roles,"👋 Hello Architects &amp; Elite Engineers,   The market is shifting. We are seeing a surge in...",david stark: top high-paying roles,hello architects elite engineers the market is shifting. we are seeing a surge in.,34,34,5,5,95,82,14,14,0.0,13.68,True,True,False,False,False,Moderada: 5 %–15 %,0.0,False,hello architects elite engineers the market is shifting. we are seeing a surge in.,david stark: top high-paying roles hello architects elite engineers the market is shifting. we are seeing a surge in.,david stark: top high-paying roles hello architects elite engineers the market is shifting. we are seeing a surge in.,david stark: top high-paying roles david stark: top high-paying roles hello architects elite engineers the market is shifting. we are seeing a surge in.,14,82,19,117,19,117,24,152
David Stark: Top High-Paying Roles,"👋 Hello Architects &amp; Elite Engineers,   The market is shifting. We are seeing a surge in...",datascience,"['👋 Hello Architects &', 'Elite Engineers']","['👋 Hello Architects &', 'Elite Engineers']","[""👋 Hello Architects &"", ""Elite Engineers""]",literal_eval,2,[],"[""👋 Hello Architects &"", ""Elite Engineers""]","[""ruido_exacto"", ""ruido_exacto""]",0,2,,David Stark: Top High-Paying Roles,"👋 Hello Architects &amp; Elite Engineers,   The market is shifting. We are seeing a surge in...",david stark: top high-paying roles,hello architects elite engineers the market is shifting. we are seeing a surge in.,34,34,5,5,95,82,14,14,0.0,13.68,True,True,False,False,False,Moderada: 5 %–15 %,0.0,False,hello architects elite engineers the market is shifting. we are seeing a surge in.,david stark: top high-paying roles hello architects elite engineers the market is shifting. we are seeing a surge in.,david stark: top high-paying roles hello architects elite engineers the market is shifting. we are seeing a surge in.,david stark: top high-paying roles david stark: top high-paying roles hello architects elite engineers the market is shifting. we are seeing a surge in.,14,82,19,117,19,117,24,152
Resume Optimization for US Data Engineering from WeChat Mini-Programs,"Learn how to reframe WeChat mini-program experience for US data engineering resumes. Focus on data pipelines, SQL transformations, and ETL logic. Includes before/after bullet rewrites and ATS formatti",datascience,"['ETL', 'ATS', 'WeChat', 'SQL']","['ETL', 'ATS', 'WeChat', 'SQL']","[""ETL"", ""ATS"", ""WeChat"", ""SQL""]",literal_eval,4,"[""etl"", ""ats"", ""wechat"", ""sql""]",[],[],4,0,etl ats wechat sql,Resume Optimization for US Data Engineering from WeChat Mini-Programs,"Learn how to reframe WeChat mini-program experience for US data engineering resumes. Focus on data pipelines, SQL transformations, and ETL logic. Includes before/after bullet rewrites and ATS formatti",resume optimization for us data engineering from wechat mini-programs,learn how to reframe wechat mini-program experience for us data engineering resumes. focus on data pipelines sql transformations and etl logic. includes before/after bullet rewrites and ats formatti,69,69,9,9,200,198,28,28,0.0,1.0,True,True,False,False,False,Ligera: 0 %–5 %,0.0,False,learn how to reframe wechat mini-program experience for us data engineering resumes. focus on data pipelines sql transformations and etl logic. includes before/after bullet rewrites and ats formatti,resume optimization for us data engineering from wechat mini-programs learn how to reframe wechat mini-program experience for us data engineering resumes. focus on data pipelines sql transformations and etl logic. includes before/after bullet rewrites and ats formatti,resume optimization for us data engineering from wechat mini-programs learn how to reframe wechat mini-program experience for us data engineering resumes. focus on data pipelines sql transformations and etl logic. includes before/after bullet rewrites and ats formatti etl ats wechat sql,resume optimization for us data engineering from wechat mini-programs resume optimization for us data engineering from wechat mini-programs learn how to reframe wechat mini-program experience for us data engineering resumes. focus on data pipelines sql transformations and etl logic. includes before/after bullet rewrites and ats formatti etl ats wechat sql etl ats wechat sql,28,198,37,268,41,287,54,376
David Stark: Top High-Paying Roles,"👋 Hello Architects &amp; Elite Engineers,   The market is shifting. We are seeing a surge in...",cloud,"['👋 Hello Architects &', 'Elite Engineers']","['👋 Hello Architects &', 'Elite Engineers']","[""👋 Hello Architects &"", ""Elite Engineers""]",literal_eval,2,[],"[""👋 Hello Architects &"", ""Elite Engineers""]","[""ruido_exacto"", ""ruido_exacto""]",0,2,,David Stark: Top High-Paying Roles,"👋 Hello Architects &amp; Elite Engineers,   The market is shifting. We are seeing a surge in...",david stark: top high-paying roles,hello architects elite engineers the market is shifting. we are seeing a surge in.,34,34,5,5,95,82,14,14,0.0,13.68,True,True,False,False,False,Moderada: 5 %–15 %,0.0,False,hello architects elite engineers the market is shifting. we are seeing a surge in.,david stark: top high-paying roles hello architects elite engineers the market is shifting. we are seeing a surge in.,david stark: top high-paying roles hello architects elite engineers the market is shifting. we are seeing a surge in.,david stark: top high-paying roles david stark: top high-paying roles hello architects elite engineers the market is shifting. we are seeing a surge in.,14,82,19,117,19,117,24,152
"Legitimate Crypto Recovery Company, Hire, Zeus Crypto Recovery Services, Bitcoin Recovery Expert",The rapid growth of cryptocurrency has opened the door to incredible opportunities in the digital...,frontend,[],[],[],vacio,0,[],[],[],0,0,,"Legitimate Crypto Recovery Company, Hire, Zeus Crypto Recovery Services, Bitcoin Recovery Expert",The rapid growth of cryptocurrency has opened the door to incredible opportunities in the digital...,legitimate crypto recovery company hire zeus crypto recovery services bitcoin recovery expert,the rapid growth of cryptocurrency has opened the door to incredible opportunities in the digital.,96,93,12,12,100,98,15,15,3.12,2.0,True,True,False,False,False,Ligera: 0 %–5 %,0.0,False,the rapid growth of cryptocurrency has opened the door to incredible opportunities in the digital.,legitimate crypto recovery company hire zeus crypto recovery services bitcoin recovery expert the rapid growth of cryptocurrency has opened the door to incredible opportunities in the digital.,legitimate crypto recovery company hire zeus crypto recovery services bitcoin recovery expert the rapid growth of cryptocurrency has opened the door to incredible opportunities in the digital.,legitimate crypto recovery company hire zeus crypto recovery services bitcoin recovery expert legitimate crypto recovery company hire zeus crypto recovery services bitcoin recovery expert the rapid growth of cryptocurrency has opened the door to incredible opportunities in the digital.,15,98,27,192,27,192,39,286
Wholesale Saree Manufacturer in India: How Retailers and Global Buyers Source Directly from Surat,Wholesale Saree Manufacturer in India: How Retailers and Global Buyers Source Directly from...,datascience,"['India', 'Saree Manufacturer']","['India', 'Saree Manufacturer']","[""India"", ""Saree Manufacturer""]",literal_eval,2,"[""india"", ""saree manufacturer""]",[],[],2,0,india saree manufacturer,Wholesale Saree Manufacturer in India: How Retailers and Global Buyers Source Directly from Surat,Wholesale Saree Manufacturer in India: How Retailers and Global Buyers Source Directly from...,wholesale saree manufacturer in india: how retailers and global buyers source directly from surat,wholesale saree manufacturer in india: how retailers and global buyers source directly from.,97,97,14,14,94,92,13,13,0.0,2.13,True,True,False,False,False,Ligera: 0 %–5 %,0.0,False,wholesale saree manufacturer in india: how retailers and global buyers source directly from.,wholesale saree manufacturer in india: how retailers and global buyers source directly from surat wholesale saree manufacturer in india: how retailers and global buyers source directly from.,wholesale saree manufacturer in india: how retailers and global buyers source directly from surat wholesale saree manufacturer in india: how retailers and global buyers source directly from. india saree manufacturer,wholesale saree manufacturer in india: how retailers and global buyers source directly from surat wholesale saree manufacturer in india: how retailers and global buyers source directly from surat wholesale saree manufacturer in india: how retailers and global buyers source directly from. india saree manufacturer india saree manufacturer,13,92,27,190,30,215,47,338
David Stark: Top High-Paying Roles,"👋 Hello Architects &amp; Elite Engineers,   The market is shifting. We are seeing a surge in...",backend,"['👋 Hello Architects &', 'Elite Engineers']","['👋 Hello Architects &', 'Elite Engineers']","[""👋 Hello Architects &"", ""Elite Engineers""]",literal_eval,2,[],"[""👋 Hello Architects &"", ""Elite Engineers""]","[""ruido_exacto"", ""ruido_exacto""]",0,2,,David Stark: Top High-Paying Roles,"👋 Hello Architects &amp; Elite Engineers,   The market is shifting. We are seeing a surge in...",david stark: top high-paying roles,hello architects elite engineers the market is shifting. we are seeing a surge in.,34,34,5,5,95,82,14,14,0.0,13.68,True,True,False,False,False,Moderada: 5 %–15 %,0.0,False,hello architects elite engineers the market is shifting. we are seeing a surge in.,david stark: top high-paying roles hello architects elite engineers the market is shifting. we are seeing a surge in.,david stark: top high-paying roles hello architects elite engineers the market is shifting. we are seeing a surge in.,david stark: top high-paying roles david stark: top high-paying roles hello architects elite engineers the market is shifting. we are seeing a surge in.,14,82,19,117,19,117,24,152
David Stark: Top High-Paying Roles,"👋 Hello Architects &amp; Elite Engineers,   The market is shifting. We are seeing a surge in...",backend,"['👋 Hello Architects &', 'Elite Engineers']","['👋 Hello Architects &', 'Elite Engineers']","[""👋 Hello Architects &"", ""Elite Engineers""]",literal_eval,2,[],"[""👋 Hello Architects &"", ""Elite Engineers""]","[""ruido_exacto"", ""ruido_exacto""]",0,2,,David Stark: Top High-Paying Roles,"👋 Hello Architects &amp; Elite Engineers,   The market is shifting. We are seeing a surge in...",david stark: top high-paying roles,hello architects elite engineers the market is shifting. we are seeing a surge in.,34,34,5,5,95,82,14,14,0.0,13.68,True,True,False,False,False,Moderada: 5 %–15 %,0.0,False,hello architects elite engineers the market is shifting. we are seeing a surge in.,david stark: top high-paying roles hello architects elite engineers the market is shifting. we are seeing a surge in.,david stark: top high-paying roles hello architects elite engineers the market is shifting. we are seeing a surge in.,david stark: top high-paying roles david stark: top high-paying roles hello architects elite engineers the market is shifting. we are seeing a surge in.,14,82,19,117,19,117,24,152
David Stark: Top High-Paying Roles,"👋 Hello Architects &amp; Elite Engineers,   The market is shifting. We are seeing a surge in...",cloud,"['👋 Hello Architects &', 'Elite Engineers']","['👋 Hello Architects &', 'Elite Engineers']","[""👋 Hello Architects &"", ""Elite Engineers""]",literal_eval,2,[],"[""👋 Hello Architects &"", ""Elite Engineers""]","[""ruido_exacto"", ""ruido_exacto""]",0,2,,David Stark: Top High-Paying Roles,"👋 Hello Architects &amp; Elite Engineers,   The market is shifting. We are seeing a surge in...",david stark: top high-paying roles,hello architects elite engineers the market is shifting. we are seeing a surge in.,34,34,5,5,95,82,14,14,0.0,13.68,True,True,False,False,False,Moderada: 5 %–15 %,0.0,False,hello architects elite engineers the market is shifting. we are seeing a surge in.,david stark: top high-paying roles hello architects elite engineers the market is shifting. we are seeing a surge in.,david stark: top high-paying roles hello architects elite engineers the market is shifting. we are seeing a surge in.,david stark: top high-paying roles david stark: top high-paying roles hello architects elite engineers the market is shifting. we are seeing a surge in.,14,82,19,117,19,117,24,152
Best 16 Sites To Buying Edu Emails for Student Discounts 2026..,Buy Edu Emails  ◈═━👑━═◈➜Fast Reply 24/7 | Instant Support 🚀 ◈═━👑━═◈➜Telegram:...,backend,"['👑━═◈', '➜Fast Reply', 'Buy Edu Emails', 'Telegram']","['👑━═◈', '➜Fast Reply', 'Buy Edu Emails', 'Telegram']","[""👑━═◈"", ""➜Fast Reply"", ""Buy Edu Emails"", ""Telegram""]",literal_eval,4,"[""fast reply"", ""buy edu emails"", ""telegram""]","[""👑━═◈""]","[""sin_contenido""]",3,1,fast reply buy edu emails telegram,Best 16 Sites To Buying Edu Emails for Student Discounts 2026..,Buy Edu Emails  ◈═━👑━═◈➜Fast Reply 24/7 | Instant Support 🚀 ◈═━👑━═◈➜Telegram:...,best 16 sites to buying edu emails for student discounts 2026.,buy edu emails fast reply 24/7 instant support telegram:,63,62,11,11,80,56,9,9,1.59,30.0,True,True,False,False,False,Alta: 15 %–30 %,0.0,False,buy edu emails fast reply 24/7 instant support telegram:,best 16 sites to buying edu emails for student discounts 2026. buy edu emails fast reply 24/7 instant support telegram:,best 16 sites to buying edu emails for student discounts 2026. buy edu emails fast reply 24/7 instant support telegram: fast reply buy edu emails telegram,best 16 sites to buying edu emails for student discounts 2026. best 16 sites to buying edu emails for student discounts 2026. buy edu emails fast reply 24/7 instant support telegram: fast reply buy edu emails telegram fast reply buy edu emails telegram,9,56,20,119,26,154,43,252
